Date,Game,sum16,sum34,row2,gap25,sum25,gap16,gap12,gap23,gap56,gap34,row3,gap45,blue_sort,less9,less8,ball,less5,less10,ball_column,row1,row4
20201222,20130,1,0,1,0,0,0,1,1,0,0,1,0,0,1,1,0,1,1,0,1,1
20201224,20131,0,1,0,1,1,0,1,0,0,1,0,1,0,0,0,1,0,1,0,1,1
20201227,20132,0,1,1,0,1,0,0,0,1,0,0,0,0,1,0,0,0,0,0,1,1
20201229,20133,0,0,0,0,0,1,1,0,1,0,0,1,0,0,0,1,1,1,0,1,1
20201231,20134,0,1,0,1,0,1,1,1,1,0,1,0,1,1,1,1,1,1,0,1,1
20210103,21001,0,0,0,1,0,0,0,0,1,0,0,1,0,0,0,0,0,1,0,0,0
20210105,21002,0,1,0,0,1,0,1,1,0,1,0,0,0,1,0,1,1,1,0,1,0
20210107,21003,1,0,0,1,0,1,1,0,1,0,0,0,0,0,1,0,0,0,0,1,1
20210110,21004,0,0,0,0,0,0,0,0,0,1,0,0,0,0,0,1,0,1,1,1,1
20210112,21005,0,0,0,1,1,0,1,1,1,1,0,0,1,0,0,1,1,1,1,1,1
20210114,21006,0,1,0,0,0,0,0,1,0,0,1,0,0,0,1,1,1,1,0,0,1
20210117,21007,0,0,0,0,0,0,1,1,1,1,0,0,0,1,0,0,0,0,0,1,1
20210119,21008,0,0,0,0,0,1,0,1,1,1,0,1,1,1,1,0,1,1,1,1,1
20210121,21009,1,0,0,1,1,1,1,0,0,1,0,0,0,1,0,1,1,1,1,1,1
20210124,21010,1,0,1,1,0,1,0,1,0,0,1,1,1,0,0,0,0,0,1,0,1
20210126,21011,0,1,0,0,1,0,0,0,0,1,1,0,1,1,0,0,0,1,1,1,1
20210128,21012,0,0,0,0,0,1,1,0,0,0,1,1,1,0,0,1,1,1,1,1,0
20210131,21013,0,1,0,0,0,0,0,1,0,0,0,1,0,1,0,1,1,0,1,0,0
20210202,21014,0,1,0,0,0,1,0,0,0,0,1,1,0,0,1,1,1,1,0,0,0
20210204,21015,1,1,1,1,1,1,1,1,0,1,0,0,1,1,0,0,0,0,1,1,1
20210207,21016,0,0,0,0,0,0,0,1,1,0,0,0,1,0,0,0,1,0,1,0,1
20210221,21017,0,0,1,0,1,0,0,1,0,1,1,0,0,1,0,0,0,1,1,1,1
20210223,21018,1,1,0,1,0,1,1,1,0,1,0,1,0,1,0,0,1,0,1,0,1
20210225,21019,0,0,0,0,0,0,0,1,0,0,1,1,0,1,1,0,1,0,0,0,0
20210228,21020,0,0,1,0,0,0,0,1,0,0,0,0,0,0,1,1,0,0,0,1,0
20210302,21021,1,0,0,0,0,0,0,0,1,0,0,1,1,0,0,0,0,0,1,0,1
20210304,21022,0,0,0,0,0,0,0,0,0,0,0,0,0,0,0,1,1,1,0,1,1
20210307,21023,1,0,0,0,1,0,0,0,0,0,0,0,1,1,1,1,0,1,1,0,1
20210309,21024,0,1,0,0,0,0,0,0,0,1,0,0,1,1,1,0,1,0,1,1,1
20210311,21025,1,1,1,1,0,0,0,1,1,0,0,0,0,1,0,0,0,0,0,1,0
20210314,21026,0,1,1,0,0,0,0,1,1,0,0,0,0,0,0,0,0,0,0,1,0
20210316,21027,0,0,1,1,0,1,0,1,1,0,1,0,1,1,1,1,0,1,1,1,0
20210318,21028,0,0,0,0,1,0,0,0,0,0,1,1,0,0,0,1,0,0,1,0,1
20210321,21029,1,1,1,1,1,1,1,1,1,1,0,1,1,1,0,0,1,1,1,1,1
20210323,21030,0,0,1,0,1,0,0,1,0,1,1,0,0,1,0,0,1,0,0,1,1
20210325,21031,0,1,0,0,0,1,0,0,0,0,0,1,0,1,0,1,0,0,1,0,1
20210328,21032,0,0,0,0,0,0,1,1,0,1,0,0,1,0,1,0,0,1,1,0,0
20210330,21033,0,1,0,0,0,1,1,0,0,0,0,0,1,1,1,1,1,1,1,0,1
20210401,21034,0,0,0,0,0,0,1,1,1,1,0,1,1,0,0,1,1,1,1,1,0
20210404,21035,0,0,1,0,0,0,0,1,0,0,1,0,0,0,1,1,0,1,0,1,0
20210406,21036,0,0,0,0,0,0,0,0,0,1,1,0,0,0,0,0,0,0,0,1,1
20210408,21037,0,0,0,0,0,0,0,0,0,0,0,1,1,0,0,0,0,1,1,1,0
20210411,21038,0,1,0,0,0,1,0,0,1,1,0,0,0,0,0,0,1,1,1,1,1
20210413,21039,0,0,0,0,0,0,0,0,0,0,0,0,0,0,0,0,1,0,0,1,0
20210415,21040,1,0,0,1,1,1,1,1,0,0,0,0,1,1,0,1,0,1,1,1,1
20210418,21041,1,1,0,0,0,0,1,0,1,0,0,1,0,1,1,0,0,0,0,0,1
20210420,21042,1,1,1,1,0,0,1,0,1,0,0,0,0,1,1,0,1,1,1,1,0
20210422,21043,1,0,0,1,1,0,0,0,0,0,0,0,1,0,0,0,1,0,1,1,1
20210425,21044,1,1,0,1,1,1,1,1,0,1,0,1,1,1,0,1,1,0,1,0,0
20210427,21045,0,0,0,0,0,1,1,1,0,0,0,0,0,1,1,0,1,0,1,0,1
20210429,21046,0,0,0,0,1,0,0,0,0,1,0,0,1,0,1,0,0,0,1,0,1
20210502,21047,0,1,0,0,1,0,0,1,0,0,0,0,1,1,0,1,0,1,1,1,1
20210504,21048,0,1,1,0,0,1,0,0,1,1,1,0,0,1,1,1,1,0,0,1,1
20210506,21049,0,1,0,1,1,1,1,1,0,1,0,0,0,0,0,0,1,1,1,1,1
20210509,21050,0,0,1,1,1,0,0,1,0,0,0,1,1,1,1,0,1,1,1,1,1
20210511,21051,1,0,0,0,1,0,1,0,1,1,0,0,0,0,0,0,1,0,0,1,0
20210513,21052,0,1,1,0,0,0,0,1,1,1,1,0,0,0,1,0,0,0,1,1,1
20210516,21053,0,1,0,0,1,0,0,0,0,0,0,0,0,0,1,1,0,0,0,1,1
20210518,21054,0,0,1,0,1,1,0,0,1,0,1,0,0,1,0,1,0,1,1,0,1
20210520,21055,0,1,1,0,0,1,0,0,1,0,1,0,1,0,0,1,0,1,1,0,0
20210523,21056,0,0,1,0,1,0,0,0,1,1,1,0,1,0,0,1,0,1,0,1,1
20210525,21057,1,0,0,1,0,1,0,0,0,1,1,0,1,0,0,0,1,0,1,0,1
20210527,21058,1,0,0,0,0,1,1,1,0,0,0,1,0,0,0,0,0,1,0,1,0
20210530,21059,0,0,0,0,0,1,0,0,0,1,0,0,1,0,1,0,0,1,0,0,1
20210601,21060,0,1,0,1,1,0,1,0,1,0,1,1,0,1,0,1,1,1,0,1,1
20210603,21061,1,0,0,1,0,1,1,0,0,1,0,1,0,1,0,1,0,1,0,1,0
20210606,21062,0,1,0,0,0,0,0,0,1,0,0,1,0,0,0,1,0,1,1,0,0
20210608,21063,0,0,0,0,0,0,0,1,0,0,0,0,0,0,1,0,0,0,0,1,1
20210610,21064,0,0,1,0,0,0,1,1,0,1,1,0,1,1,0,1,1,1,1,1,0
20210613,21065,1,0,0,1,0,1,1,1,0,0,0,0,0,0,1,1,0,1,0,1,1
20210615,21066,1,1,1,1,1,1,0,1,0,0,0,1,1,0,0,1,1,1,1,0,1
20210617,21067,0,0,0,1,1,0,0,1,0,1,0,1,0,1,0,0,1,1,1,1,1
20210620,21068,0,0,0,0,1,0,1,1,0,0,1,0,0,1,0,0,1,0,1,0,1
20210622,21069,1,1,0,0,0,0,1,0,0,0,0,1,0,0,0,1,1,1,1,1,0
20210624,21070,0,0,1,0,0,0,1,0,0,1,0,0,0,1,0,0,0,1,0,1,1
20210627,21071,0,0,1,0,0,1,0,0,1,0,0,0,0,0,0,0,0,1,1,0,1
20210629,21072,1,1,0,1,0,0,1,0,0,1,1,1,0,0,1,1,1,1,0,1,1
20210701,21073,1,0,0,1,0,1,0,1,1,0,0,0,0,0,0,0,1,1,1,0,1
20210704,21074,0,0,0,1,1,0,0,0,0,0,0,0,0,0,0,0,0,1,0,0,0
20210706,21075,0,0,1,0,1,0,0,0,1,0,1,1,1,0,0,0,1,0,1,1,0
20210708,21076,1,0,0,1,0,0,0,1,0,0,0,0,0,0,1,0,0,0,1,1,1
20210711,21077,0,1,1,0,1,0,1,0,0,0,0,0,0,0,0,0,0,1,1,0,1
20210713,21078,1,0,1,1,0,1,1,0,0,0,1,0,1,1,1,0,1,1,1,1,0
20210715,21079,0,0,0,0,0,0,1,1,0,1,0,0,0,1,0,1,0,0,1,1,1
20210718,21080,1,0,1,1,1,1,0,0,0,0,1,0,1,1,0,0,0,1,1,1,0
20210720,21081,0,1,0,0,0,0,0,1,0,0,0,0,0,0,1,1,1,1,1,0,1
20210722,21082,1,0,0,0,0,0,1,0,0,1,0,0,0,1,1,0,0,0,0,0,0
20210725,21083,1,1,1,1,1,0,0,1,0,0,1,0,0,0,0,1,1,1,1,1,1
20210727,21084,0,1,0,0,0,1,0,0,0,1,1,0,1,0,0,0,0,0,0,1,1
20210729,21085,0,0,1,0,0,0,0,0,0,1,1,1,1,1,1,1,1,0,1,1,1
20210801,21086,1,0,0,0,1,1,1,1,0,0,1,1,0,1,0,0,0,1,1,1,1
20210803,21087,1,0,0,1,0,0,0,0,0,1,1,0,0,0,0,1,1,0,1,0,0
20210805,21088,1,0,0,0,1,1,0,1,1,1,0,0,1,1,1,0,0,1,0,0,0
20210808,21089,0,0,0,0,0,0,0,0,0,1,1,1,1,1,1,0,1,1,1,0,1
20210810,21090,1,1,0,1,1,1,1,1,0,0,0,0,0,0,1,1,0,0,1,1,1
20210812,21091,1,1,0,0,0,1,0,1,0,0,1,0,0,1,1,0,0,1,1,0,1
20210815,21092,0,0,0,0,1,0,0,1,1,0,0,0,0,0,1,0,0,1,1,0,1
20210817,21093,0,0,0,1,1,1,0,0,1,0,0,0,1,0,0,1,1,1,1,1,1
20210819,21094,0,1,0,1,0,0,0,0,0,0,0,0,1,0,1,1,1,1,0,1,1
20210822,21095,0,0,0,1,0,0,1,1,1,1,0,0,0,0,0,0,0,0,0,0,0
20210824,21096,0,0,0,0,0,0,0,0,0,1,0,0,1,0,0,0,0,0,1,1,0
20210826,21097,1,1,0,1,1,1,1,0,0,0,0,0,0,0,1,0,0,1,0,1,1
20210829,21098,1,0,0,1,0,0,1,0,1,1,0,1,1,0,0,0,0,0,1,1,0
20210831,21099,1,0,0,0,0,1,1,0,0,1,0,0,0,0,1,0,0,1,1,1,0
20210902,21100,0,0,0,0,1,1,0,1,0,0,0,1,0,1,1,0,0,0,0,1,1
20210905,21101,1,0,0,1,0,1,0,1,0,0,0,1,1,0,1,0,1,1,1,1,0
20210907,21102,0,0,0,1,0,0,0,1,1,0,0,0,1,0,0,0,0,0,1,1,1
20210909,21103,0,1,1,0,0,0,0,0,1,0,1,0,0,0,1,1,1,0,1,1,0
20210912,21104,1,1,1,1,0,1,1,1,0,0,1,1,1,1,1,1,0,1,0,1,1
20210914,21105,0,0,1,0,0,0,1,0,0,0,1,0,1,0,0,1,0,1,0,0,0
20210916,21106,0,0,1,1,0,1,0,1,0,0,1,1,0,1,1,0,1,1,1,0,1
20210919,21107,0,1,0,0,1,1,0,0,0,0,0,1,0,0,0,0,1,1,0,0,0
20210921,21108,0,0,0,0,1,0,0,0,0,0,0,0,0,0,0,0,0,0,1,0,1
20210923,21109,0,1,0,1,0,0,1,0,1,0,0,0,1,0,0,1,0,1,1,1,0
20210926,21110,0,0,1,0,0,0,0,0,1,0,1,0,1,0,0,0,1,1,1,0,1
20210928,21111,0,0,0,0,0,0,0,1,1,1,1,1,1,0,1,1,1,0,1,0,1
20210930,21112,1,0,1,1,0,1,0,0,1,0,1,0,0,0,1,1,1,1,0,1,1
20211005,21113,1,1,0,1,1,1,1,1,0,0,0,0,0,0,0,0,0,1,1,0,1
20211007,21114,0,1,0,0,0,0,0,0,0,1,0,1,0,0,1,1,1,0,1,1,0
20211010,21115,1,1,1,0,1,0,1,0,1,1,1,0,1,0,0,1,0,1,1,1,0
20211012,21116,0,0,0,0,0,0,0,1,0,0,0,1,0,0,0,0,0,0,1,0,1
20211014,21117,1,0,1,0,0,0,0,0,1,0,0,1,1,0,1,1,0,1,1,0,0
20211017,21118,0,1,1,0,1,0,0,0,0,1,0,1,0,0,0,0,1,1,1,1,1
20211019,21119,1,0,1,0,1,0,0,0,0,0,0,0,1,1,0,0,1,0,0,1,1
20211021,21120,0,0,0,0,0,0,0,1,0,1,0,1,1,1,1,0,1,1,1,0,1
20211024,21121,1,0,0,1,0,0,1,0,0,0,1,1,0,0,0,0,0,0,0,1,0
20211026,21122,0,1,0,0,0,0,0,1,0,1,1,1,1,0,0,1,1,1,1,1,1
20211028,21123,0,1,0,0,1,0,1,0,0,0,0,0,0,1,0,0,0,1,1,1,1
20211031,21124,0,0,1,0,0,0,1,0,1,0,1,1,1,1,0,1,0,1,1,1,1
20211102,21125,0,0,0,0,0,0,0,1,0,0,0,0,0,0,1,0,0,0,0,1,1
20211104,21126,0,1,1,0,0,0,0,0,1,0,1,1,1,1,1,0,1,1,1,1,1
20211107,21127,0,0,0,1,1,0,0,0,0,1,0,1,0,0,1,0,0,1,1,0,1
20211109,21128,0,0,0,1,0,0,0,0,0,1,0,0,1,0,1,0,0,0,0,1,1
20211111,21129,0,0,1,0,1,1,0,1,0,0,1,0,0,1,0,0,1,0,0,1,1
20211114,21130,1,0,1,1,0,0,1,0,0,1,0,0,0,0,0,1,1,0,0,1,1
20211116,21131,1,0,1,1,0,1,1,0,0,0,1,0,0,0,1,1,1,1,0,1,0
20211118,21132,0,0,1,1,0,0,0,1,0,0,1,0,1,0,1,0,0,1,0,1,1
20211121,21133,0,0,0,0,0,0,1,0,0,0,1,1,1,1,0,1,0,1,1,1,1
20211123,21134,0,1,0,0,1,1,0,1,0,0,0,0,1,0,1,0,1,1,1,0,1
20211125,21135,1,0,1,1,1,1,0,0,0,0,1,1,0,1,1,0,1,0,0,1,0
20211128,21136,0,1,0,0,1,0,0,0,1,0,0,1,0,0,0,1,1,0,0,1,1
20211130,21137,1,0,0,1,0,0,1,1,0,1,0,0,1,0,0,1,1,1,1,1,0
20211202,21138,0,0,0,0,1,0,0,0,0,0,0,0,0,1,1,1,1,0,1,1,1
20211205,21139,0,0,0,0,0,1,0,0,0,1,0,1,0,1,0,0,0,0,0,0,1
20211207,21140,1,0,1,0,0,0,1,0,1,0,1,0,1,0,1,0,1,1,1,0,1
20211209,21141,1,1,1,0,0,0,1,0,1,1,0,1,1,1,0,0,0,0,0,1,1
20211212,21142,1,0,1,0,0,0,1,1,0,0,1,0,0,0,0,1,0,1,1,1,1
20211214,21143,0,1,0,1,0,0,1,0,0,0,1,1,0,1,1,0,0,1,1,0,1
20211216,21144,1,1,1,0,0,0,1,0,0,0,0,1,1,1,1,1,1,1,1,1,1
20211219,21145,0,0,0,0,0,1,0,1,0,0,0,1,0,1,0,0,0,0,0,0,0
20211221,21146,0,0,0,1,0,1,1,0,0,0,0,1,0,1,1,1,1,0,0,1,1
20211223,21147,0,1,1,1,0,1,0,1,0,0,1,1,1,0,1,0,1,1,0,1,1
20211226,21148,0,0,1,0,0,0,1,0,0,1,1,1,1,1,0,1,1,0,1,1,1
20211228,21149,1,1,1,0,0,0,1,0,0,1,0,0,1,0,1,0,0,0,1,0,1
20211230,21150,0,1,0,1,0,1,0,1,1,0,0,0,1,0,0,1,0,0,1,1,0
20220102,22001,0,0,0,0,0,0,0,0,1,0,1,1,1,1,1,0,1,1,1,1,1
20220104,22002,0,0,0,1,0,0,0,0,0,0,0,1,0,0,0,0,1,1,1,1,1
20220106,22003,0,1,0,0,0,0,0,0,1,0,0,0,0,0,0,0,1,0,0,1,0
20220109,22004,0,0,1,0,1,0,0,0,1,1,1,0,0,0,0,1,0,1,0,0,1
20220111,22005,1,0,1,0,1,0,1,1,1,1,1,1,1,1,1,0,1,1,0,0,1
20220113,22006,0,0,1,0,0,0,0,1,0,0,1,1,0,1,1,1,1,1,1,0,1
20220116,22007,0,0,1,0,1,0,0,0,0,1,0,0,0,0,1,1,0,1,0,0,1
20220118,22008,0,0,0,0,0,0,0,0,0,0,0,1,0,0,0,0,1,1,1,0,0
20220120,22009,0,1,0,0,0,1,1,1,1,1,1,1,1,1,0,1,0,0,1,1,0
20220123,22010,0,0,1,1,0,0,1,0,0,0,0,0,0,0,0,0,0,1,0,0,0
20220125,22011,0,1,0,0,0,1,0,0,1,0,1,1,0,1,0,1,0,1,0,1,0
20220127,22012,1,0,1,0,1,0,0,0,1,0,1,0,0,0,0,0,0,0,0,0,1
20220208,22013,0,0,0,0,0,0,0,0,1,1,0,0,0,1,1,1,1,1,0,1,1
20220210,22014,1,1,1,1,1,1,1,1,0,1,1,1,1,0,0,0,1,1,1,1,0
20220213,22015,0,0,0,0,1,0,0,0,1,0,1,0,0,0,0,0,1,1,0,1,0
20220215,22016,1,0,0,0,1,1,0,0,0,0,0,0,0,1,0,0,1,0,0,1,0
20220217,22017,0,0,0,1,1,1,0,1,0,0,0,0,1,0,1,1,1,1,1,1,0
20220220,22018,0,1,1,1,0,1,0,1,0,0,1,1,1,0,1,1,1,1,1,1,0
20220222,22019,0,1,0,0,0,0,1,0,0,0,0,0,0,1,1,0,1,1,1,0,1
20220224,22020,0,1,0,0,1,0,0,1,0,1,0,1,1,1,0,0,0,1,0,1,0
20220227,22021,1,1,0,0,0,0,0,0,0,0,1,0,1,0,1,0,0,1,1,1,1
20220301,22022,0,0,0,0,0,0,0,0,1,1,0,1,1,1,0,0,1,1,1,1,0
20220303,22023,1,1,0,0,1,1,0,1,1,0,0,0,1,0,1,1,0,0,1,0,1
20220306,22024,0,0,0,0,0,0,0,0,1,0,0,0,0,0,1,0,1,0,0,0,0
20220308,22025,0,0,1,0,1,0,0,0,0,0,0,1,1,1,1,0,1,1,1,0,1
20220310,22026,0,0,0,0,0,0,0,0,1,0,1,0,0,1,0,0,0,0,0,1,1
20220313,22027,0,0,0,0,0,0,0,1,1,1,0,0,0,1,1,0,0,0,0,0,1
20220315,22028,1,0,0,1,0,1,0,0,0,0,0,1,0,0,0,1,1,1,0,0,0
20220317,22029,0,0,0,1,0,1,0,1,0,0,1,1,0,0,1,1,0,1,0,0,1
20220320,22030,0,0,1,0,0,0,0,0,0,1,0,0,1,0,0,0,0,0,1,0,0
20220322,22031,1,0,0,1,0,1,1,1,0,1,0,0,0,0,0,1,0,1,1,1,1
20220324,22032,0,1,1,0,1,0,0,0,0,1,1,0,1,0,1,1,0,1,0,1,0
20220327,22033,0,1,0,0,0,1,0,0,1,0,1,1,1,1,0,0,0,0,1,0,0
20220329,22034,0,0,0,0,0,0,0,0,1,0,0,1,1,0,1,1,0,0,0,0,1
20220331,22035,1,0,0,1,0,1,0,1,0,1,0,0,0,0,0,1,0,0,0,1,0
20220403,22036,0,0,0,0,0,1,0,0,0,0,1,0,1,0,0,1,1,1,1,0,1
20220405,22037,0,1,0,0,0,1,1,0,0,1,0,1,0,0,0,0,0,1,0,0,1
20220407,22038,0,1,1,0,1,0,1,0,0,0,1,0,1,1,1,1,1,1,0,1,1
20220410,22039,0,0,0,0,0,0,0,0,0,1,0,1,0,0,1,1,0,0,1,1,1
20220412,22040,0,0,0,0,0,0,0,0,0,1,0,0,0,0,0,1,0,1,0,0,1
20220414,22041,1,1,1,1,1,1,0,0,0,0,0,0,0,0,1,0,0,1,0,1,1
20220417,22042,0,0,1,0,1,0,0,1,1,0,1,0,0,0,1,0,0,1,1,1,1
20220419,22043,1,0,0,0,1,0,0,0,1,1,0,0,0,0,0,0,1,1,0,1,1
20220421,22044,0,1,1,0,0,1,0,0,1,0,1,0,0,0,1,0,1,0,0,1,0
20220424,22045,1,0,0,1,0,0,1,0,0,0,0,0,1,1,1,0,1,0,1,1,1
20220426,22046,0,0,0,0,0,0,0,1,1,0,0,1,0,0,1,0,0,0,0,0,1
20220428,22047,0,0,1,1,1,0,1,0,0,0,0,1,0,0,1,1,0,0,0,0,1
20220501,22048,0,1,1,1,1,0,1,0,1,0,0,0,0,0,0,0,0,0,0,0,0
20220503,22049,0,0,0,0,1,0,0,1,0,1,0,0,0,0,0,0,0,1,0,0,1
20220505,22050,1,0,1,1,0,1,0,1,0,1,1,1,0,1,1,1,0,1,1,1,1
20220508,22051,0,1,1,0,0,0,1,1,1,1,1,1,0,1,1,0,0,1,1,1,1
20220510,22052,0,0,1,0,1,0,0,0,1,0,1,0,1,1,0,0,0,1,1,1,0
20220512,22053,1,1,0,1,0,0,1,0,0,1,0,1,0,1,1,0,0,1,1,1,1
20220515,22054,0,1,0,1,0,1,0,1,0,0,0,0,0,0,0,1,0,0,1,1,0
20220517,22055,1,0,0,1,0,1,1,0,1,1,1,0,0,1,0,1,0,1,0,1,0
20220519,22056,0,0,1,0,1,0,0,0,1,1,0,0,0,0,0,0,1,1,1,1,0
20220522,22057,0,0,0,0,0,0,0,1,1,1,1,1,1,1,1,1,0,0,0,1,0
20220524,22058,1,0,1,1,0,1,1,0,0,0,1,0,0,1,0,0,1,1,1,1,1
20220526,22059,1,0,0,1,1,1,1,0,0,0,0,0,0,0,1,1,0,1,0,0,1
20220529,22060,0,0,0,0,0,0,0,0,0,1,1,0,0,1,1,1,1,1,1,1,1
20220531,22061,1,0,1,1,0,1,1,1,0,0,0,1,1,0,0,1,0,1,1,0,1
20220602,22062,0,0,0,0,0,0,0,1,0,0,0,0,0,0,0,0,0,0,0,1,1
20220605,22063,1,1,1,1,0,1,0,1,1,0,1,0,0,0,1,1,0,0,1,0,1
20220607,22064,0,0,0,0,0,1,1,1,0,0,1,0,0,0,0,0,0,1,0,1,1
20220609,22065,0,1,0,0,0,0,0,0,1,0,0,1,1,0,0,1,0,1,0,0,1
20220612,22066,0,0,0,1,1,1,0,1,0,0,0,0,1,0,0,1,0,0,1,1,1
20220614,22067,0,0,0,1,0,0,1,0,1,0,0,0,1,0,0,1,0,0,0,0,0
20220616,22068,0,1,0,0,1,0,0,1,0,0,0,0,0,0,0,1,0,0,1,0,0
20220619,22069,1,0,1,1,1,1,1,0,1,0,1,1,0,1,1,1,0,0,0,0,1
20220621,22070,0,0,0,0,0,0,0,1,0,0,0,0,0,0,0,0,0,0,0,0,0
20220623,22071,1,1,0,0,1,1,1,1,0,0,0,0,0,0,0,1,1,1,0,1,1
20220626,22072,1,0,0,1,1,1,1,0,0,0,0,1,1,0,0,0,0,1,1,1,1
20220628,22073,1,0,0,0,1,1,0,1,0,1,0,1,0,0,0,0,1,1,1,1,0
20220630,22074,1,0,0,1,0,0,0,0,1,0,0,1,0,0,0,0,0,0,0,0,0
20220703,22075,0,0,1,1,0,0,0,0,1,0,1,0,0,0,1,1,0,1,1,1,1
20220705,22076,1,0,0,0,0,0,0,1,0,0,0,0,1,1,0,0,1,1,1,1,1
20220707,22077,1,0,0,1,1,0,0,0,0,1,0,0,0,0,0,0,0,0,1,1,1
20220710,22078,0,1,1,0,0,1,0,0,1,1,1,0,0,0,0,0,1,1,0,0,1
20220712,22079,0,1,0,1,0,0,0,0,1,1,0,0,1,0,1,0,0,0,1,0,0
20220714,22080,1,0,0,0,1,1,1,1,0,0,0,1,1,0,0,0,0,1,1,0,1
20220717,22081,1,1,0,0,0,0,1,1,0,1,0,0,0,0,1,1,0,0,0,1,0
20220719,22082,1,0,1,1,0,1,1,1,0,0,0,0,1,1,1,0,1,1,1,1,1
20220721,22083,0,0,0,0,0,0,0,0,0,1,1,0,1,1,0,1,1,1,1,1,1
20220724,22084,0,1,0,0,1,1,0,0,0,1,0,1,0,1,1,0,1,0,0,1,0
20220726,22085,1,0,0,0,1,0,1,0,1,1,0,0,1,0,1,1,1,1,1,1,1
20220728,22086,0,0,0,0,0,0,1,1,1,1,0,1,0,0,1,1,0,0,1,1,1
20220731,22087,1,0,0,0,0,0,0,0,0,0,1,0,0,0,0,1,0,1,0,1,0
20220802,22088,1,0,1,1,0,0,0,1,0,0,1,0,1,1,1,1,0,1,1,0,1
20220804,22089,0,0,0,0,0,0,0,1,0,1,0,0,1,0,0,1,1,1,1,1,1
20220807,22090,1,0,1,0,1,1,0,0,1,0,1,1,0,1,1,0,1,1,1,1,1
20220809,22091,0,0,0,0,1,1,1,0,1,0,0,1,0,0,1,0,1,0,1,1,0
20220811,22092,0,1,0,0,1,1,1,0,1,0,0,1,0,1,0,0,1,1,0,1,1
20220814,22093,0,0,0,0,0,0,0,0,1,0,0,1,0,0,0,0,0,0,0,1,1
20220816,22094,1,1,1,1,1,1,1,0,1,1,1,1,1,0,0,1,0,1,1,1,0
20220818,22095,0,0,1,1,1,0,0,0,0,1,0,0,0,1,1,1,0,0,0,1,1
20220821,22096,0,1,1,0,0,0,0,0,1,1,1,0,0,1,0,1,1,0,1,0,1
20220823,22097,0,0,0,0,1,1,0,0,0,0,0,0,0,0,0,0,0,1,0,0,0
20220825,22098,0,1,0,0,0,1,0,1,1,0,0,0,0,0,0,0,0,0,1,0,0
20220828,22099,1,0,0,1,1,1,0,0,1,0,1,0,0,0,1,1,1,1,1,0,1
20220830,22100,0,1,1,1,0,0,1,0,0,0,1,0,0,0,0,0,0,1,1,1,1
20220901,22101,0,0,0,0,1,0,0,0,0,1,1,0,1,0,0,1,0,0,1,0,1
20220904,22102,1,0,0,1,1,0,0,0,0,1,0,0,0,0,0,0,1,1,0,1,0
20220906,22103,0,1,0,1,1,1,0,1,1,1,0,0,0,1,1,0,1,0,0,0,1
20220908,22104,0,0,1,1,0,0,0,0,1,0,1,1,0,1,1,1,1,1,1,0,0
20220911,22105,0,0,1,0,0,0,0,0,0,0,0,0,0,0,1,0,0,1,0,0,1
20220913,22106,0,0,0,0,0,0,0,0,1,1,0,0,1,0,0,0,0,0,1,0,1
20220915,22107,0,1,0,0,0,0,0,0,0,1,0,0,1,1,0,0,1,1,1,0,1
20220918,22108,1,1,0,0,0,1,1,1,0,1,1,1,1,0,0,0,1,1,0,1,1
20220920,22109,1,1,0,1,1,1,1,1,1,0,0,1,0,1,1,1,0,0,0,0,1
20220922,22110,0,0,0,1,0,1,0,0,0,1,0,0,0,0,0,0,0,0,0,1,0
20220925,22111,0,1,0,0,0,1,0,0,0,0,0,0,0,1,0,0,1,0,0,0,1
20220927,22112,0,0,1,0,1,1,1,1,1,0,0,0,0,0,0,0,1,0,1,1,1
20220929,22113,0,1,0,0,0,0,0,0,0,0,0,1,0,0,0,0,0,0,0,1,1
20221006,22114,1,0,0,0,0,0,1,0,1,0,0,1,1,0,0,0,0,1,1,1,0
20221009,22115,0,1,1,1,1,1,0,0,1,0,0,0,1,0,0,0,0,1,1,1,0
20221011,22116,0,1,0,0,0,0,0,0,0,0,0,1,1,0,0,0,0,0,1,0,1
20221013,22117,1,0,0,1,1,1,1,0,0,0,0,1,1,0,0,1,1,1,1,1,0
20221016,22118,0,0,1,0,0,0,0,0,0,0,1,0,0,0,0,0,0,1,0,1,1
20221018,22119,0,0,0,1,1,1,0,0,0,0,0,1,0,0,1,0,0,1,0,1,1
20221020,22120,0,0,0,0,1,1,0,0,0,1,1,0,0,1,0,1,0,0,0,1,0
20221023,22121,0,0,0,0,0,0,0,1,1,0,0,1,0,1,1,0,0,0,0,0,1
20221025,22122,1,0,0,0,0,0,0,0,0,0,0,1,0,1,0,0,0,0,0,1,0
20221027,22123,1,0,0,1,1,1,1,1,0,1,1,0,0,0,0,1,0,1,0,0,1
20221030,22124,1,0,1,1,0,1,1,0,0,1,1,0,0,0,0,0,1,0,1,1,0
20221101,22125,0,0,0,0,0,1,0,0,0,0,0,1,1,0,0,0,0,1,0,0,1
20221103,22126,0,0,0,0,0,1,1,0,0,0,0,0,0,1,0,0,1,1,0,0,1
20221106,22127,0,0,1,0,1,1,0,0,0,1,0,0,0,0,0,0,0,0,1,0,1
20221108,22128,0,1,1,1,1,0,1,0,1,0,0,0,0,0,0,0,1,0,1,1,0
20221110,22129,0,0,1,0,0,1,0,0,0,0,0,0,0,0,0,0,1,0,1,1,1
20221113,22130,0,0,0,0,0,0,0,0,0,1,0,0,1,0,0,0,1,1,1,1,0
20221115,22131,0,0,0,0,1,1,0,1,1,0,0,1,0,1,1,0,1,0,1,0,0
20221117,22132,0,0,0,0,0,1,0,1,1,0,0,0,0,0,0,0,0,1,0,0,1
20221120,22133,0,1,1,1,0,0,1,0,0,1,1,0,1,1,0,1,1,1,0,1,0
20221122,22134,1,1,0,1,0,1,0,0,0,1,0,1,0,1,0,1,1,1,1,1,1
20221124,22135,1,1,0,1,1,0,1,1,0,0,0,0,0,0,0,0,0,1,0,1,1
20221127,22136,0,0,0,0,0,0,0,1,1,1,0,1,0,1,0,1,0,0,1,1,0
20221129,22137,0,0,1,0,1,0,0,0,0,1,1,0,1,1,1,0,1,1,1,1,1
20221201,22138,0,1,0,0,0,0,0,1,0,0,0,0,0,0,0,1,1,0,0,1,0
20221204,22139,0,1,0,0,0,0,0,0,0,1,0,0,1,0,1,0,0,1,1,1,1
20221206,22140,1,1,0,1,1,0,1,1,1,0,0,0,1,1,1,0,1,1,0,1,1
20221208,22141,0,0,0,0,1,0,1,0,1,0,1,1,0,1,0,1,1,0,1,0,0
20221211,22142,0,0,1,0,1,0,0,0,1,0,1,0,0,1,1,1,1,1,0,0,1
20221213,22143,0,0,1,1,1,0,1,0,0,1,1,0,0,1,1,1,1,1,1,0,1
20221215,22144,0,0,0,0,0,1,0,0,0,0,0,0,0,0,0,0,0,0,0,0,1
20221218,22145,0,0,0,0,0,1,0,0,0,0,1,0,1,1,1,1,1,1,1,1,1
20221220,22146,1,0,1,1,1,0,1,0,0,0,1,1,1,1,1,1,1,1,1,1,1
20221222,22147,0,1,0,0,0,0,0,1,1,1,1,1,1,0,1,1,1,1,1,1,1
20221225,22148,0,0,0,0,0,1,0,0,1,0,0,0,0,0,0,1,0,1,0,0,1
20221227,22149,0,1,1,0,0,1,0,0,1,1,1,1,1,0,1,0,0,0,1,1,1
20221229,22150,1,0,0,0,1,0,0,1,0,1,1,0,1,1,1,1,1,1,0,1,0
20230101,23001,0,1,0,0,1,0,1,1,1,0,0,0,1,1,0,0,0,0,1,1,0
20230103,23002,0,1,1,1,1,0,1,1,0,0,1,0,1,1,0,1,0,1,1,0,0
20230105,23003,0,0,0,0,0,1,0,1,1,0,0,0,0,0,1,1,1,0,0,1,1
20230108,23004,0,0,0,0,1,0,1,1,0,1,1,0,1,1,0,1,0,1,1,1,0
20230110,23005,0,0,1,0,0,0,0,0,0,0,0,0,0,1,0,1,1,1,0,1,1
20230112,23006,1,0,1,1,0,1,1,1,0,1,1,0,0,1,1,1,1,1,0,0,1
20230115,23007,1,0,0,0,0,0,1,0,1,1,1,0,1,0,1,0,1,0,1,1,0
20230117,23008,1,0,1,1,0,0,0,0,0,1,1,1,0,0,1,0,0,1,0,1,0
20230129,23009,1,0,1,0,0,0,1,0,0,0,1,0,0,0,0,1,0,0,0,1,1
20230131,23010,0,1,1,0,1,0,0,1,0,1,1,0,1,0,1,1,1,1,1,1,1
20230202,23011,0,1,0,0,0,0,1,1,0,0,1,1,1,0,1,0,1,1,1,1,1
20230205,23012,1,0,0,1,0,1,0,1,1,0,0,0,0,0,0,1,0,0,0,0,1
20230207,23013,1,1,0,1,1,0,1,1,0,1,0,1,0,1,0,0,1,1,0,1,1
20230209,23014,1,0,0,1,1,0,0,0,0,0,0,1,0,0,0,0,0,1,1,1,1
20230212,23015,0,0,1,0,0,0,0,1,0,1,0,0,0,0,1,1,0,1,0,1,1
20230214,23016,0,0,0,0,0,0,0,0,0,0,0,0,0,0,0,0,1,0,1,1,0
20230216,23017,1,0,0,1,0,0,1,0,0,0,1,1,1,0,1,1,0,1,1,0,1
20230219,23018,0,0,1,1,0,0,1,0,1,1,0,1,1,0,0,0,0,1,1,0,1
20230221,23019,0,0,1,0,1,1,0,0,0,0,0,1,0,0,1,0,1,1,0,0,1
20230223,23020,0,1,0,1,1,0,1,0,0,0,0,0,1,1,0,0,0,1,0,0,0
20230226,23021,0,1,1,0,1,1,0,0,0,0,0,0,1,1,0,0,0,1,1,1,1
20230228,23022,0,0,0,0,1,0,0,0,0,0,0,0,0,0,0,0,0,0,1,0,1
20230302,23023,0,0,1,1,1,0,0,1,0,0,1,0,0,0,1,0,0,0,1,0,0
20230305,23024,1,0,0,1,1,1,1,1,0,1,1,0,0,1,0,1,1,0,1,1,1
20230307,23025,0,1,1,0,1,0,0,0,1,0,1,0,0,0,1,1,0,1,1,1,0
20230309,23026,0,0,0,0,0,1,0,0,0,1,0,0,0,0,0,1,0,1,0,0,1
20230312,23027,1,0,0,1,0,0,1,0,0,0,1,1,0,1,1,0,0,1,1,1,1
20230314,23028,0,1,0,0,0,0,0,1,0,1,0,1,0,1,0,1,1,1,1,1,0
20230316,23029,0,0,0,1,0,0,0,0,1,0,0,0,0,0,1,1,0,1,0,0,1
20230319,23030,0,0,1,0,1,0,0,0,0,1,1,1,1,1,0,0,0,1,1,0,0
20230321,23031,0,1,0,0,1,0,0,0,0,0,1,0,0,1,1,1,0,1,0,0,1
20230323,23032,1,0,0,0,0,1,1,0,1,1,0,1,1,0,0,0,0,0,1,1,1
20230326,23033,0,0,0,1,0,0,0,0,1,0,0,0,0,1,1,0,1,0,0,1,1
20230328,23034,0,0,1,0,0,0,0,1,1,0,1,0,1,0,1,1,1,0,1,1,1
20230330,23035,1,0,1,0,0,0,1,0,0,1,1,0,0,0,1,0,1,0,0,1,1
20230402,23036,0,0,0,0,0,0,0,0,0,1,1,1,1,1,0,0,1,0,0,0,1
20230404,23037,0,0,0,0,0,1,0,0,0,0,1,1,0,0,1,0,1,0,1,0,0
20230406,23038,1,0,0,1,0,1,1,1,0,0,0,1,1,0,0,1,0,1,0,1,1
20230409,23039,0,0,0,0,0,0,0,0,1,0,0,1,0,0,1,0,1,0,1,1,0
20230411,23040,0,0,0,0,0,0,0,0,0,0,0,1,1,1,1,0,1,1,0,1,1
20230413,23041,0,0,0,0,0,0,0,1,0,0,0,0,0,0,0,0,0,0,1,0,0
20230416,23042,0,1,0,0,0,0,0,0,1,0,0,1,1,0,1,1,0,1,1,0,1
20230418,23043,0,0,1,0,1,0,1,0,1,0,1,0,1,1,1,1,0,0,1,1,1
20230420,23044,1,1,1,1,0,0,0,0,1,0,0,1,0,0,0,0,0,1,1,0,0
20230423,23045,1,0,0,1,0,1,0,0,1,1,1,0,0,0,0,0,0,1,1,1,0
20230425,23046,0,1,0,1,0,0,0,0,0,0,1,1,1,1,0,0,0,1,1,1,0
20230427,23047,0,0,0,0,0,0,0,1,0,1,0,0,0,0,1,1,1,0,0,1,0
20230430,23048,1,0,0,0,1,0,1,0,0,1,0,0,0,1,0,1,1,0,1,0,1
20230502,23049,0,1,0,0,0,1,0,0,0,1,0,1,0,0,1,1,0,1,0,1,1
20230504,23050,0,1,0,0,1,0,0,0,0,0,0,1,0,0,0,0,1,0,1,1,1
20230507,23051,0,0,1,0,0,0,0,0,0,1,0,0,0,0,0,1,0,0,0,0,0
20230509,23052,0,1,0,0,1,0,0,0,1,0,1,1,0,0,1,1,0,0,0,1,0
20230511,23053,1,0,1,1,0,1,0,1,0,0,1,0,1,1,1,0,1,1,1,0,1
20230514,23054,0,0,0,0,0,1,0,0,1,1,0,0,0,0,0,0,0,0,0,0,0
20230516,23055,0,0,0,1,1,1,0,1,0,0,0,0,0,1,0,0,1,1,1,1,1
20230518,23056,0,0,1,0,0,0,1,0,0,1,0,1,1,1,0,1,1,1,0,1,1
20230521,23057,1,0,0,0,0,0,0,0,0,0,1,0,0,1,0,1,0,0,1,0,1
20230523,23058,0,0,0,0,1,0,0,0,0,1,0,0,1,1,0,0,0,1,0,1,1
20230525,23059,0,0,0,1,0,0,1,1,0,0,1,0,0,0,0,0,1,1,1,1,1
20230528,23060,0,1,1,0,0,0,0,0,0,1,0,0,0,0,1,0,1,1,0,1,1
20230530,23061,0,0,0,0,1,0,0,0,0,0,1,0,0,1,0,0,1,0,1,0,1
20230601,23062,0,0,0,0,0,0,0,0,1,1,0,0,1,1,0,1,0,1,1,0,1
20230604,23063,0,0,1,0,0,0,1,0,1,0,1,0,0,0,0,0,1,0,0,1,1
20230606,23064,0,0,0,0,0,0,0,0,1,0,0,1,1,1,0,0,0,0,1,0,0
20230608,23065,0,0,0,0,0,0,1,0,1,0,0,0,1,1,1,0,1,1,0,0,1
20230611,23066,0,0,1,0,0,0,0,0,0,0,0,1,0,0,1,1,0,1,1,1,1
20230613,23067,1,0,0,0,0,1,1,0,1,0,0,1,1,1,0,1,1,1,1,1,1
20230615,23068,1,0,1,1,0,0,1,0,0,0,1,0,0,0,0,1,0,1,0,0,1
20230618,23069,0,0,0,0,0,1,1,1,0,1,1,1,0,1,0,0,0,0,0,1,0
20230620,23070,0,0,0,0,0,1,0,1,1,0,0,0,0,0,0,0,0,0,1,0,0
20230622,23071,0,0,0,1,1,1,0,0,1,0,0,0,0,0,1,1,1,0,0,0,0
20230625,23072,0,0,0,0,0,0,1,1,0,0,0,0,1,0,0,0,0,0,1,1,0
20230627,23073,0,0,0,0,1,0,0,0,0,0,0,0,0,1,1,1,0,1,1,1,1
20230629,23074,0,1,0,0,0,0,0,1,0,0,0,0,1,1,0,1,0,1,1,1,0
20230702,23075,0,0,0,0,0,0,0,0,0,0,0,0,1,1,0,0,0,0,1,1,0
20230704,23076,0,1,1,0,1,0,0,0,1,0,1,0,0,1,1,1,1,0,0,1,0
20230706,23077,0,0,1,1,1,1,1,1,0,1,1,0,0,0,0,0,1,1,1,1,1
20230709,23078,0,0,1,0,0,0,0,1,0,0,1,0,1,1,1,1,1,0,1,1,1
20230711,23079,1,1,0,1,0,1,0,0,1,1,0,1,1,0,1,1,1,1,0,1,0
20230713,23080,0,0,1,1,0,1,0,1,0,1,0,0,1,1,0,0,0,1,1,0,1
20230716,23081,0,0,0,0,1,1,0,0,0,1,1,0,1,0,0,1,0,1,1,1,0
20230718,23082,0,0,0,0,0,0,0,0,0,0,0,0,0,0,1,0,1,0,0,0,0
20230720,23083,1,0,1,0,0,1,1,0,0,0,1,0,0,1,0,0,1,0,1,1,0
20230723,23084,1,0,0,1,0,1,1,1,1,1,0,0,1,1,0,1,0,1,1,1,1
20230725,23085,0,1,0,0,0,0,0,0,0,0,0,1,1,1,1,0,1,1,1,0,1
20230727,23086,0,1,1,1,1,1,0,0,0,0,0,0,0,0,0,0,1,1,0,0,1
20230730,23087,0,0,0,1,0,1,1,0,0,1,0,0,1,0,1,1,1,1,1,0,0
20230801,23088,0,0,0,0,0,0,0,0,0,0,0,0,0,0,0,0,0,1,0,1,0
20230803,23089,1,1,0,1,1,0,1,1,0,0,1,0,1,1,0,1,1,1,1,1,1
20230806,23090,1,0,0,1,0,1,1,0,1,0,0,0,1,1,1,0,1,0,1,1,0
20230808,23091,0,0,0,0,0,0,0,0,1,0,1,0,0,0,0,0,0,1,1,0,1
20230810,23092,1,0,0,1,0,1,0,0,1,0,0,0,1,1,0,1,1,1,1,1,1
20230813,23093,0,0,1,0,1,0,1,0,0,0,1,1,0,1,1,0,1,0,0,1,1
20230815,23094,1,0,0,1,1,1,0,1,0,1,0,1,0,1,0,0,1,1,1,0,0
20230817,23095,0,1,0,0,0,0,1,1,1,0,1,1,0,1,0,0,1,1,0,0,0
20230820,23096,0,0,1,0,1,0,0,0,1,1,0,0,1,0,0,1,0,1,1,0,0
20230822,23097,0,1,0,1,0,1,0,0,1,0,0,1,0,0,0,1,1,0,0,1,0
20230824,23098,1,0,0,0,1,0,1,1,1,0,1,0,0,1,0,0,1,1,1,1,0
20230827,23099,0,0,0,0,1,0,0,0,0,0,0,0,1,1,0,1,0,0,0,1,1
20230829,23100,1,0,0,0,0,0,1,0,1,0,0,1,0,0,0,0,1,0,1,1,0
20230831,23101,0,1,0,0,0,0,1,0,0,1,1,0,1,1,0,0,1,1,0,0,0
20230903,23102,1,1,0,0,1,1,0,0,0,0,0,1,1,0,0,1,0,1,1,0,0
20230905,23103,0,0,0,0,0,0,0,0,0,0,0,1,0,0,1,1,1,0,0,0,1
20230907,23104,0,0,0,0,0,0,0,0,1,0,0,0,1,1,1,0,1,0,1,1,0
20230910,23105,0,0,0,0,0,0,0,0,1,0,1,0,0,1,0,1,1,0,1,0,0
20230912,23106,0,0,0,0,0,1,0,1,1,0,0,1,0,0,1,1,0,0,0,1,1
20230914,23107,0,0,1,0,0,0,0,1,0,0,0,1,1,0,0,1,1,1,1,1,1
20230917,23108,0,1,0,0,1,0,0,0,0,1,1,1,0,0,1,0,1,1,0,1,0
20230919,23109,1,1,0,1,0,1,1,1,0,0,0,0,0,0,0,0,0,0,1,1,1
20230921,23110,1,0,0,1,0,1,1,0,0,0,1,0,1,1,0,0,0,1,1,1,0
20230924,23111,0,0,0,0,1,0,0,0,0,0,0,1,0,1,1,0,1,1,0,0,0
20230926,23112,0,0,1,1,0,0,1,0,0,0,0,0,0,0,0,1,0,0,0,0,1
20230928,23113,0,0,0,0,0,0,0,0,1,0,0,1,0,0,1,0,0,1,0,1,0
20231005,23114,1,0,1,0,0,1,1,1,0,0,0,1,0,0,1,0,0,0,0,1,1
20231008,23115,1,0,0,1,1,0,0,1,1,0,0,1,0,1,0,1,0,0,0,0,1
20231010,23116,1,1,0,1,1,1,0,0,0,0,0,0,0,0,1,1,0,1,0,0,0
20231012,23117,1,0,0,0,0,1,1,0,0,1,1,0,1,1,0,0,0,1,1,0,1
20231015,23118,0,0,1,0,0,1,0,1,0,0,0,1,1,1,0,1,1,1,1,1,0
20231017,23119,0,1,1,0,1,0,0,1,0,0,1,0,0,1,1,0,0,1,0,1,1
20231019,23120,0,1,0,0,1,0,0,0,1,0,0,1,0,0,0,0,1,0,1,0,0
20231022,23121,0,1,1,0,0,1,0,0,0,1,0,1,0,0,0,0,1,0,1,0,1
20231024,23122,1,0,0,1,0,0,1,0,0,0,1,0,0,0,1,0,0,0,1,0,1
20231026,23123,0,1,0,0,1,0,0,1,0,0,1,1,0,1,1,0,0,1,1,0,1
20231029,23124,1,0,1,1,0,1,1,1,1,0,1,0,0,0,1,1,0,0,0,1,0
20231031,23125,0,1,0,0,1,0,0,1,1,0,0,0,1,1,0,0,0,1,1,0,1
20231102,23126,0,0,0,0,1,1,0,0,0,1,1,1,1,0,0,0,0,1,0,1,1
20231105,23127,1,0,1,1,0,1,1,1,1,0,0,0,0,0,0,1,0,1,0,0,1
20231107,23128,0,0,0,0,1,0,1,0,0,1,0,0,1,0,0,1,0,1,1,0,1
20231109,23129,1,0,0,1,1,0,0,0,0,1,1,0,1,1,1,0,1,1,1,1,1
20231112,23130,1,1,0,1,0,0,0,0,0,0,0,1,0,1,1,0,0,1,0,0,0
20231114,23131,1,0,1,1,1,0,1,0,1,1,0,1,1,0,1,1,1,0,0,1,1
20231116,23132,0,1,1,0,1,1,1,0,0,1,0,0,0,1,0,0,1,1,0,1,1
20231119,23133,0,0,1,1,0,1,1,1,1,0,1,1,0,0,0,1,0,1,1,1,1
20231121,23134,0,1,0,0,0,0,1,0,1,0,1,0,1,0,0,0,0,0,0,0,1
20231123,23135,1,0,1,0,1,1,0,0,0,0,1,0,0,0,1,0,1,1,0,0,0
20231126,23136,1,1,1,0,1,0,0,1,0,1,1,0,0,0,1,1,1,1,1,1,0
20231128,23137,0,1,0,1,0,0,1,0,1,1,1,0,0,1,0,1,1,0,1,1,1
20231130,23138,0,0,0,0,0,0,0,0,0,0,0,1,1,0,0,1,1,0,1,0,1
20231203,23139,1,1,1,1,0,0,1,0,0,0,0,1,0,1,0,0,1,1,0,0,1
20231205,23140,1,0,1,0,0,1,1,1,0,0,0,1,0,0,1,0,0,0,1,1,0
20231207,23141,0,1,0,0,0,0,0,0,1,0,1,0,1,1,1,1,1,0,1,1,1
20231210,23142,0,0,0,0,0,0,0,1,1,0,0,1,0,1,0,1,1,1,0,0,1
20231212,23143,0,1,0,0,0,1,0,0,0,0,0,0,0,0,1,0,0,0,0,0,0
20231214,23144,0,0,0,0,0,0,0,1,1,1,1,0,0,0,0,0,0,0,0,0,1
20231217,23145,0,0,0,0,1,0,0,1,0,0,0,0,0,0,0,0,0,0,0,1,0
20231219,23146,0,0,1,0,0,0,0,0,0,1,1,1,0,0,0,0,0,0,1,0,1
20231221,23147,1,1,0,1,1,0,1,1,1,0,0,0,0,1,0,0,0,1,1,1,1
20231224,23148,0,0,1,0,0,0,0,1,0,0,1,1,0,0,0,1,1,0,1,1,1
20231226,23149,0,0,0,0,0,0,0,0,0,0,0,1,0,0,0,0,0,0,0,1,1
20231228,23150,0,0,1,0,0,0,0,0,0,1,1,0,0,0,0,0,0,1,1,1,0
20231231,23151,0,0,1,1,1,0,1,0,1,0,1,1,0,1,0,0,0,1,0,0,0
20240102,24001,1,1,0,0,1,1,0,0,0,0,1,1,1,1,1,0,0,1,0,1,1
20240104,24002,0,0,0,0,0,0,0,1,1,1,0,0,0,0,0,0,0,0,0,0,1
20240107,24003,0,0,0,0,0,0,0,0,0,0,0,0,0,0,0,1,0,0,0,0,1
20240109,24004,1,0,0,0,0,1,1,1,1,1,0,0,1,0,0,0,0,0,1,0,1
20240111,24005,0,0,0,0,0,0,0,0,1,0,1,1,0,0,1,0,1,1,0,1,0
20240114,24006,0,0,1,0,0,0,1,0,0,0,1,0,1,0,0,1,1,1,1,0,1
20240116,24007,0,1,0,0,0,0,0,1,0,0,0,1,0,0,0,0,1,0,0,0,1
20240118,24008,0,1,1,0,0,1,0,0,1,1,0,1,0,1,1,1,1,1,1,1,1
20240121,24009,0,1,0,0,1,0,0,0,0,0,1,1,0,0,1,1,1,1,1,1,1
20240123,24010,0,0,0,0,0,0,0,0,0,1,0,0,1,1,1,0,1,1,1,0,1
20240125,24011,1,1,1,1,1,0,1,1,0,1,1,1,1,0,1,1,1,1,0,1,1
20240128,24012,0,0,0,0,0,0,0,1,1,1,1,0,0,1,1,1,0,1,1,1,0
20240130,24013,0,0,0,1,1,0,0,0,0,0,0,1,1,1,0,0,0,1,1,0,0
20240201,24014,1,0,0,0,1,1,1,0,1,1,0,0,1,0,1,0,1,0,1,0,1
20240204,24015,1,1,0,1,0,1,1,0,1,1,0,0,1,0,0,0,0,0,0,1,1
20240206,24016,0,0,0,0,1,0,1,1,0,1,0,0,0,1,1,0,0,0,0,1,1
20240218,24017,0,0,1,1,1,0,0,0,1,0,1,1,0,1,0,0,0,0,1,0,1
20240220,24018,0,0,0,0,1,0,0,1,1,1,0,0,0,1,0,0,1,1,0,1,1
20240222,24019,0,0,0,1,0,0,0,0,1,0,0,1,0,1,1,1,1,1,1,1,0
20240225,24020,1,1,1,0,0,0,0,1,1,1,0,0,0,0,1,0,1,0,1,1,1
20240227,24021,1,1,1,1,0,0,1,0,0,1,0,0,1,1,1,1,1,0,0,1,1
20240229,24022,0,0,1,0,0,1,0,0,1,0,1,1,1,1,1,0,0,1,1,1,1
20240303,24023,1,0,1,1,0,1,0,0,0,0,0,1,0,0,1,1,0,0,0,0,1
20240305,24024,0,1,0,0,1,1,1,0,1,0,0,1,0,0,1,1,0,1,0,0,0
20240307,24025,0,0,0,0,0,0,1,0,1,1,1,0,1,0,0,0,0,1,1,1,1
20240310,24026,0,1,0,0,0,0,0,0,0,0,0,1,1,1,0,1,0,0,1,1,1
20240312,24027,0,0,0,0,0,0,0,1,1,0,0,0,0,1,0,0,0,0,1,0,1
20240314,24028,0,0,0,0,0,0,0,1,1,1,0,0,1,1,0,0,1,0,0,0,0
20240317,24029,0,0,1,0,0,0,0,1,1,0,0,0,1,0,0,0,0,1,1,1,1
20240319,24030,1,0,0,1,0,1,1,0,1,0,0,1,1,0,0,1,0,1,0,0,1
20240321,24031,0,0,1,0,0,0,0,0,1,0,1,0,0,0,0,0,0,1,0,1,0
20240324,24032,0,0,1,0,0,0,0,1,0,0,1,1,0,0,0,0,0,0,1,1,0
20240326,24033,0,1,0,1,0,0,1,1,1,1,0,1,1,0,0,0,0,0,1,0,1
20240328,24034,0,1,0,1,0,0,0,0,1,1,0,1,0,1,1,1,1,1,0,1,1
20240331,24035,0,0,1,0,1,0,1,0,1,0,0,1,1,0,0,1,0,1,1,0,1
20240402,24036,0,0,0,1,0,0,0,0,0,0,0,1,0,0,0,1,1,0,1,0,0
20240404,24037,0,0,1,0,0,0,0,1,0,1,0,0,1,0,1,0,1,1,1,1,1
20240407,24038,1,0,1,1,0,0,0,0,1,0,1,0,0,0,0,0,1,0,1,1,1
20240409,24039,0,0,0,0,0,0,1,1,0,1,1,0,1,0,1,1,0,0,1,1,1
20240411,24040,1,0,1,1,0,0,1,0,0,1,0,0,0,0,0,1,0,0,1,1,1
20240414,24041,1,0,0,1,0,0,1,0,0,1,0,0,1,0,1,0,1,1,1,1,1
20240416,24042,0,1,0,1,1,1,0,1,0,0,0,1,0,0,1,1,0,0,0,1,1
20240418,24043,0,0,0,0,0,0,1,1,0,1,0,1,0,0,0,0,0,0,0,1,1
20240421,24044,0,0,0,0,0,0,0,0,0,0,0,0,0,0,1,0,0,1,0,1,1
20240423,24045,0,1,1,0,0,0,1,0,0,1,0,0,0,1,1,1,1,0,1,0,1
20240425,24046,0,0,0,0,0,1,0,0,0,0,1,0,1,1,0,0,1,1,1,0,1
20240428,24047,0,0,0,0,1,0,0,0,0,0,0,0,0,1,1,0,1,0,1,0,0
20240430,24048,0,1,0,1,0,0,0,0,0,1,0,1,0,0,0,1,0,0,0,1,1
20240714,24080,1,0,0,1,1,1,1,1,0,0,1,0,0,0,0,1,0,1,0,1,1
20240716,24081,0,0,1,0,1,0,0,1,1,0,1,1,1,0,1,1,0,1,1,1,0
20240718,24082,0,0,0,0,0,1,1,0,0,0,0,0,0,0,0,0,0,0,1,0,1
20240721,24083,0,0,0,0,0,1,1,0,1,0,0,0,0,0,1,0,0,0,1,1,1
20240723,24084,0,1,1,1,1,0,0,0,1,0,1,1,1,1,0,0,1,1,1,1,0
20240725,24085,0,0,1,1,1,0,0,1,0,0,1,1,0,1,1,0,0,1,0,0,1
20240728,24086,0,0,1,0,0,0,0,0,1,1,1,0,0,0,0,0,0,0,0,1,1
20240730,24087,1,0,1,1,0,0,1,0,0,0,1,0,0,0,1,1,1,1,1,1,1
20240801,24088,1,0,1,0,0,1,0,1,0,1,1,0,1,0,1,0,0,1,1,0,1
20240804,24089,0,0,1,0,1,1,0,1,0,1,1,1,0,0,0,0,0,1,1,1,1
20240806,24090,0,0,0,0,1,1,0,0,0,1,1,0,1,0,0,0,0,1,1,0,1
20240808,24091,1,0,1,1,0,1,1,1,0,0,0,0,1,0,0,0,0,1,0,1,1
20240811,24092,0,1,0,0,0,0,0,0,1,1,0,0,0,0,1,0,1,0,0,0,0
20240813,24093,0,0,0,0,0,0,0,1,0,0,0,1,1,1,1,0,0,1,1,1,1
20240815,24094,0,1,0,0,1,1,0,0,1,0,0,1,0,0,0,0,1,1,1,1,1
20240818,24095,0,0,0,0,0,0,0,0,0,0,1,1,0,0,0,0,0,0,0,0,0
20240820,24096,1,0,1,1,0,1,0,1,0,0,1,0,1,0,1,1,1,0,1,1,0
20240822,24097,0,0,1,1,0,1,0,0,1,0,0,0,1,1,0,0,1,1,1,1,1
20240825,24098,1,0,0,1,0,1,1,0,0,1,0,0,1,1,1,0,0,1,1,0,1
20240827,24099,1,1,0,1,1,0,1,0,0,1,1,1,0,1,0,1,1,1,1,1,0
20240829,24100,0,1,1,0,0,0,0,0,0,1,0,0,1,0,0,0,1,0,1,1,1
20240901,24101,1,0,0,1,1,1,1,1,1,0,0,0,1,0,1,0,1,1,1,1,0
20240903,24102,0,1,0,0,0,1,0,0,0,1,0,0,0,0,0,0,0,0,0,0,1
20240905,24103,0,1,0,0,1,0,0,0,1,0,0,0,0,1,0,0,0,0,0,0,1
20240908,24104,1,0,0,1,1,1,1,0,0,0,0,0,0,0,0,1,0,0,0,0,0
20240910,24105,1,0,0,1,0,0,1,1,0,0,0,1,1,1,0,1,1,1,1,1,1
20240912,24106,1,0,0,1,0,0,1,1,1,0,0,0,0,0,0,0,0,0,1,1,1
20240915,24107,0,1,1,0,0,0,0,1,0,0,1,1,0,1,1,1,1,1,1,0,0
20240917,24108,1,1,0,0,0,1,1,0,0,0,0,0,1,0,0,0,0,1,1,1,1
20240919,24109,0,0,0,1,0,0,0,0,1,0,0,0,0,1,1,0,1,0,0,0,1
20240922,24110,1,1,1,0,1,0,1,0,1,1,1,0,1,0,0,0,0,0,1,0,0
20240924,24111,0,0,0,0,1,0,0,0,0,0,0,1,0,1,0,1,1,0,1,0,0
20240926,24112,0,1,1,0,1,0,0,1,0,1,0,0,1,0,1,0,1,1,1,0,1
20240929,24113,1,0,0,0,0,1,0,0,0,0,0,1,0,1,0,1,1,0,0,1,1
20241006,24114,0,1,0,0,1,0,1,0,1,1,1,0,0,1,0,1,0,0,1,1,0
20241008,24115,1,0,0,1,1,1,1,0,0,1,0,0,1,0,1,0,1,0,1,1,0
20241010,24116,0,1,1,0,0,0,0,0,0,0,0,1,1,0,0,1,0,0,0,0,1
20241013,24117,1,0,0,1,1,0,1,1,0,1,1,1,0,1,0,1,1,1,1,1,0
20241015,24118,0,0,0,0,0,0,0,0,1,1,1,1,0,0,1,1,0,0,0,0,1
20241017,24119,0,0,0,0,0,0,0,0,1,0,0,0,0,1,0,0,0,0,1,1,0
20241020,24120,0,1,0,0,0,0,0,0,0,0,0,0,1,0,0,1,0,1,0,1,1
