Date,b1,1,2,3,4,5,6,b2,1,2,3,4,5,6
20250306,,
20250304,6/33,3/13,3/18,5/25,4/20,0/3,1/2,3/23,2/12,2/14,2/14,1/8,0/5,1/5
20250302,6/33,2/15,4/23,6/28,6/27,5/20,1/6,5/26,3/16,3/18,5/19,5/17,4/13,2/10
20250227,6/33,2/14,5/24,5/25,5/21,3/12,1/8,5/23,2/11,4/14,4/14,4/16,4/13,3/9
20250225,6/33,2/11,4/24,5/26,6/28,3/17,2/8,5/24,3/12,4/14,4/14,3/12,2/11,2/8
20250223,6/33,2/15,6/23,6/28,6/28,5/20,1/11,5/27,3/15,4/19,5/22,5/21,4/18,3/14
20250220,6/33,2/13,4/20,6/28,5/27,4/18,0/3,4/26,3/11,3/18,2/19,1/16,1/12,1/8
20250218,6/33,3/15,4/22,6/28,5/27,4/19,2/13,4/24,3/12,3/13,2/15,3/15,2/16,2/13
20250216,6/33,2/10,5/22,5/28,4/26,3/18,1/10,5/25,3/11,3/12,2/14,4/15,4/15,4/13
20250213,6/33,2/13,3/21,5/28,5/28,4/22,2/9,5/28,2/13,3/18,4/20,4/21,3/19,3/17
20250211,6/33,0/2,4/13,5/24,6/27,2/18,1/6,6/27,3/7,4/11,6/16,6/17,3/16,2/9
20250209,6/33,1/8,4/23,6/28,6/28,5/19,1/8,3/24,2/13,2/15,3/17,2/16,1/12,1/10
20250206,6/33,2/12,4/23,5/28,6/28,4/21,2/9,6/25,2/12,3/17,5/19,5/17,3/15,2/11
20250126,6/33,1/10,5/23,6/28,6/27,5/20,3/13,5/27,3/14,3/16,5/18,5/22,4/21,2/15
20250123,6/33,3/12,6/24,6/28,6/28,3/20,0/9,6/27,5/13,6/15,6/18,3/17,2/14,1/10
20250121,3/22,0/5,1/11,1/8,2/11,1/6,1/3,4/24,2/12,2/11,2/12,2/14,2/13,2/11
20250119,6/33,0/3,3/17,5/27,5/27,3/18,1/5,5/28,0/10,2/14,2/15,2/15,3/16,1/10
20250116,6/33,3/16,5/21,6/28,6/27,4/19,2/11,5/28,2/17,4/18,5/20,4/17,3/16,2/13
20250114,6/33,4/18,5/21,5/28,4/24,3/18,1/13,6/25,5/15,4/14,3/15,3/15,3/12,2/12
20250112,6/33,1/15,3/22,6/28,6/28,5/18,3/13,4/26,1/15,2/17,3/18,4/17,3/13,2/12
20250109,6/32,2/8,3/17,4/22,3/12,2/7,1/2,6/25,1/11,3/15,4/15,3/14,4/12,4/9
20250107,6/33,0/5,2/18,6/28,6/27,5/21,3/13,3/25,0/9,1/11,2/16,3/16,3/16,2/14
20250105,6/33,4/15,5/21,6/28,6/27,4/19,1/3,5/27,3/13,4/17,5/16,5/17,5/14,3/11
20250102,6/33,2/7,5/22,4/28,3/28,3/17,2/8,6/26,3/14,5/18,4/18,3/18,3/14,3/12
20241231,6/33,3/17,4/22,5/27,4/25,4/21,2/14,5/28,3/16,3/16,2/16,2/17,4/20,3/16
20241229,6/33,2/16,3/20,5/25,5/28,5/20,4/15,5/27,1/14,2/17,3/17,4/17,3/16,3/14
20241226,6/33,1/10,4/15,6/21,5/27,4/22,1/6,5/25,1/9,3/11,4/13,4/16,4/14,3/11
20241224,6/33,2/9,5/21,5/28,5/26,4/18,0/5,5/27,3/13,4/16,4/20,3/18,1/14,0/8
20241222,6/33,4/17,5/23,6/28,6/27,5/22,2/11,6/28,4/18,5/21,6/21,5/20,5/19,4/17
20241219,6/33,2/12,4/22,4/28,4/28,3/19,3/11,5/27,2/15,4/18,3/19,3/19,4/14,3/12
20241217,6/33,2/11,3/21,5/28,4/26,4/18,0/3,5/29,2/14,3/18,2/22,3/18,3/16,3/11
20241215,6/33,3/12,5/21,5/28,5/28,4/22,1/8,6/27,3/12,4/15,5/19,5/21,4/20,4/15
20241212,6/33,3/11,3/14,3/27,4/26,3/22,3/14,4/27,2/9,3/11,2/13,2/19,1/20,2/20
20241210,6/33,2/8,3/12,3/16,4/24,4/20,1/5,5/24,3/9,3/11,4/13,2/15,3/17,2/12
20241208,6/33,3/13,3/20,4/25,4/25,3/21,0/9,4/26,4/11,3/12,2/13,1/17,0/14,0/11
20241205,6/33,3/16,5/21,6/28,5/26,3/21,2/16,5/26,3/15,4/16,5/17,5/18,3/16,3/15
20241203,6/33,0/13,4/21,6/28,6/25,3/7,0/2,5/24,1/10,1/11,5/17,4/13,2/10,0/6
20241201,6/33,3/13,4/22,5/28,4/22,3/17,0/3,5/26,3/15,4/18,5/19,4/15,3/12,3/10
20241128,6/33,3/15,4/22,6/28,5/25,2/13,0/2,3/23,1/11,2/15,3/16,2/12,2/7,2/7
20241126,6/33,1/8,4/20,4/18,1/7,0/2,0/1,4/22,3/12,3/12,2/8,1/7,1/7,0/5
20241124,6/33,2/13,4/21,5/28,6/28,4/18,1/3,6/28,4/13,4/16,4/19,5/19,2/14,2/10
20241121,6/33,2/12,6/22,5/27,5/27,1/8,0/3,5/26,4/16,5/20,3/20,3/16,2/14,1/10
20241119,6/33,2/12,2/21,4/28,3/17,1/4,1/2,6/28,3/17,2/18,3/18,2/16,2/11,2/8
20241117,6/33,2/17,1/21,3/26,3/22,3/14,1/3,4/25,1/16,0/16,1/16,2/14,2/13,3/10
20241114,6/33,3/13,5/21,4/26,3/22,3/21,1/4,5/25,4/12,4/13,3/14,3/15,3/13,2/10
20241112,6/33,3/15,4/20,5/28,4/19,0/4,0/3,4/26,3/16,3/16,1/13,1/12,1/8,0/6
20241110,6/33,3/17,5/23,5/28,3/21,1/12,1/4,1/21,0/16,0/14,0/12,0/10,1/7,1/5
20241107,6/33,3/16,4/24,5/28,5/28,3/17,1/7,5/29,5/21,4/23,3/19,2/16,2/15,1/12
20241105,6/33,3/14,4/23,4/28,4/27,2/8,1/4,6/26,5/19,5/21,3/19,2/15,3/11,1/8
20241103,6/33,0/12,3/22,5/28,5/28,5/20,2/6,4/28,0/14,2/19,3/22,3/21,3/17,3/9
20241031,6/33,3/15,3/22,5/28,5/28,3/19,2/9,3/23,1/10,1/14,2/18,2/17,2/14,1/11
20241029,6/33,1/6,4/21,5/28,5/27,5/21,2/9,5/26,1/7,3/10,2/18,4/21,4/20,3/17
20241027,6/33,1/12,1/17,2/23,4/24,4/21,4/15,5/26,1/13,1/14,2/15,3/15,3/15,4/15
20241024,6/33,0/3,3/11,6/23,6/28,3/21,1/11,4/27,1/9,2/10,3/12,3/17,2/19,1/15
20241022,6/33,1/2,2/8,3/19,4/28,2/21,2/13,6/32,2/13,2/14,3/16,4/20,4/22,3/21
20241020,6/33,1/4,3/18,5/25,5/28,2/20,0/12,4/28,3/12,3/16,3/18,3/21,2/21,0/15
20241017,6/33,1/3,1/8,1/17,4/28,4/21,4/13,6/29,1/11,1/13,1/16,3/20,5/22,4/18
20241015,6/33,6/15,6/24,5/28,3/27,0/14,0/6,4/26,4/16,4/20,3/19,0/14,0/10,0/9
20241013,6/33,2/13,4/23,5/27,4/28,4/20,1/7,4/25,3/10,3/18,3/19,1/13,2/10,1/9
20241010,6/33,1/12,3/22,3/28,4/28,5/20,3/12,6/27,3/16,2/17,2/21,4/21,5/18,4/14
20241008,6/33,3/16,4/22,6/28,5/28,3/19,2/14,5/28,4/18,4/20,4/20,4/21,2/17,1/14
20241006,6/33,2/13,3/21,5/28,5/27,4/18,1/7,6/28,2/12,4/19,2/18,3/15,3/13,2/10
20240929,6/33,2/11,3/22,5/28,6/28,4/17,3/9,4/25,2/10,2/14,2/17,2/18,2/15,3/11
20240926,6/33,1/7,3/22,5/28,5/28,4/20,3/12,5/27,3/14,4/16,4/19,3/20,3/16,3/14
20240924,6/33,3/11,4/22,4/27,4/25,2/15,1/8,5/25,4/14,3/17,4/16,3/13,2/11,2/10
20240922,6/33,0/3,1/9,5/26,5/28,4/20,3/11,6/28,1/8,1/11,3/15,4/17,3/13,4/12
20240919,6/33,2/7,2/12,5/28,3/27,3/23,4/15,3/26,1/7,1/8,2/12,0/18,0/19,1/18
20240917,3/16,1/2,1/4,1/5,2/7,1/7,0/1,4/23,2/8,1/11,3/14,3/13,2/13,1/9
20240915,6/33,4/15,5/22,5/28,5/28,1/13,0/3,6/27,6/19,5/22,5/19,3/15,2/12,1/9
20240912,6/33,3/16,4/23,4/28,4/28,2/15,2/3,4/27,2/19,2/22,1/19,2/15,2/11,2/9
20240910,6/33,2/14,4/21,4/28,3/25,3/17,1/2,5/27,3/13,4/16,2/15,2/14,2/15,1/10
20240908,6/33,2/17,2/20,6/26,4/15,3/7,0/2,5/28,2/19,4/19,4/17,4/15,2/12,1/9
20240905,6/33,0/9,1/16,4/26,1/14,1/4,2/3,5/28,2/13,2/17,3/20,3/18,3/12,4/9
20240903,6/33,0/8,4/20,6/27,6/26,5/21,2/8,4/27,1/13,2/16,3/17,4/17,2/14,2/10
20240901,4/21,0/2,2/8,2/13,2/11,1/7,0/4,4/23,2/8,3/10,3/14,2/13,1/8,1/7
20240829,6/33,0/4,1/11,5/25,6/27,6/20,3/14,5/28,0/9,0/12,2/15,4/18,5/18,4/16
20240827,2/16,0/1,0/3,0/5,0/4,2/6,0/2,3/25,0/8,1/10,1/13,1/11,3/13,2/11
20240825,6/33,1/6,4/19,5/28,5/28,3/21,2/12,4/24,1/8,1/11,2/14,3/19,3/17,2/14
20240822,6/33,1/5,5/21,6/28,6/28,3/20,0/7,5/27,1/8,2/12,5/19,4/18,4/16,2/10
20240820,6/33,2/11,5/24,5/27,5/28,4/21,2/11,5/28,1/13,2/15,2/19,3/21,4/19,3/14
20240818,6/33,4/13,6/21,6/28,5/27,3/21,1/13,5/26,5/13,5/17,5/20,5/20,3/18,2/16
20240815,6/33,3/15,4/21,6/28,6/28,5/20,3/16,5/27,4/17,4/20,4/20,4/18,4/16,3/15
20240813,6/33,5/13,5/20,5/28,4/23,2/21,0/3,5/27,5/10,4/13,4/19,3/15,0/12,0/10
20240811,6/33,4/13,5/20,6/28,5/25,3/21,0/8,5/26,4/13,3/12,4/16,3/16,2/15,1/13
20240808,6/33,2/14,5/21,6/28,6/28,6/21,1/13,4/27,3/13,3/17,4/19,4/18,4/16,3/14
20240806,6/33,2/12,3/20,4/28,5/27,4/21,2/11,5/25,2/9,3/12,3/15,4/18,4/17,4/14
20240804,6/33,2/5,5/22,5/28,5/27,3/21,1/14,5/28,2/11,2/14,3/19,4/21,3/19,2/17
20240801,6/33,3/14,4/21,5/28,4/26,3/21,2/13,6/28,3/15,4/16,4/19,4/20,4/17,3/16
20240730,6/33,1/10,5/19,6/27,5/24,4/20,1/7,3/26,1/10,2/12,2/13,2/15,2/16,2/13
20240728,0/13,0/3,0/6,0/6,0/6,0/2,0/1,4/24,0/8,1/8,1/10,2/12,3/9,1/4
20240725,6/33,2/11,3/19,5/28,4/26,4/20,0/3,6/29,2/11,3/17,4/22,3/18,3/13,2/10
20240723,6/33,3/12,4/23,5/28,5/28,3/19,1/5,5/27,3/18,4/21,4/21,3/17,2/13,1/10
20240721,6/33,1/5,2/14,3/24,3/28,3/22,3/12,3/26,1/9,1/11,1/14,0/15,1/18,2/14
20240718,6/33,2/7,4/17,3/24,4/25,2/12,0/3,5/27,4/12,4/14,3/15,3/14,2/12,0/11
20240716,6/33,3/13,4/22,5/28,5/26,3/15,1/6,6/25,4/13,4/16,5/18,4/17,3/16,2/15
20240714,6/33,3/11,3/23,6/28,6/27,3/13,2/7,6/28,2/13,3/18,5/20,4/16,3/10,3/9
20240711,6/33,5/16,5/21,5/28,4/28,2/17,1/8,5/25,4/15,5/17,3/15,1/12,1/9,0/6
20240709,6/33,3/16,5/23,6/28,6/27,3/17,1/9,4/27,2/18,4/21,2/18,2/14,2/12,2/12
20240707,6/33,5/17,5/23,5/28,3/24,2/12,0/6,5/25,5/18,3/17,3/16,2/13,0/9,0/7
20240704,6/33,1/15,2/22,5/28,4/26,4/17,1/3,5/29,2/19,4/22,4/22,3/18,4/13,4/12
20240702,6/33,3/16,5/22,6/28,4/23,2/15,0/5,6/28,4/18,3/19,4/20,4/17,2/15,1/11
20240630,6/33,3/18,4/22,5/28,5/24,3/17,1/6,6/28,3/16,5/18,4/18,3/17,3/14,3/10
20240627,6/33,2/11,4/22,6/28,5/27,3/17,0/3,5/26,1/10,2/15,5/19,3/15,2/12,2/10
20240625,6/33,2/11,4/23,5/28,5/28,4/19,1/9,6/27,3/13,4/16,5/21,4/20,3/16,2/12
20240623,6/33,2/14,3/22,4/28,5/28,4/19,3/11,5/27,2/15,2/18,2/21,4/16,4/13,3/10
20240620,6/33,2/14,5/22,6/28,6/28,5/20,2/13,4/25,1/13,2/16,4/17,4/16,2/13,1/9
20240618,6/33,1/8,4/22,5/28,5/27,4/19,3/13,6/30,1/9,3/17,4/21,4/22,5/18,3/14
20240616,6/33,3/13,2/18,4/28,4/26,3/19,3/16,4/22,3/12,2/13,1/15,1/14,1/13,1/13
20240613,6/33,1/9,3/13,3/14,4/16,2/9,0/4,5/27,4/13,4/14,4/16,4/13,2/13,2/11
20240611,4/14,0/3,1/4,0/3,1/5,2/4,1/2,5/25,1/7,2/10,2/11,4/13,5/18,3/13
20240609,6/33,4/14,4/18,6/27,3/23,2/18,1/7,4/25,3/14,3/13,2/14,1/14,1/13,1/10
20240606,6/33,0/2,1/11,5/26,6/27,4/20,0/6,4/27,1/11,3/14,3/17,2/19,1/16,1/13
20240604,6/33,0/1,1/6,2/16,5/25,5/21,2/6,5/26,0/9,1/12,2/15,3/15,4/16,3/11
20240602,6/33,3/10,4/22,5/28,5/28,3/21,1/10,6/28,3/14,3/17,5/20,5/22,4/18,2/15
20240530,6/33,2/14,2/21,5/28,5/27,4/21,0/4,6/28,2/12,3/17,2/17,4/19,4/17,4/13
20240528,6/33,4/14,4/22,4/28,4/28,2/22,1/8,6/24,5/15,4/17,4/18,3/16,2/15,1/11
20240526,6/33,2/13,2/20,2/26,2/11,1/3,2/3,5/25,3/17,1/16,1/13,1/12,1/9,2/7
20240523,6/33,3/16,4/20,6/28,5/26,1/13,0/4,4/29,3/20,3/18,4/19,4/15,0/11,0/8
20240521,6/33,2/16,4/19,5/28,4/17,2/6,1/3,6/29,3/15,2/16,3/16,3/12,2/9,1/6
20240519,6/33,1/17,3/22,6/28,5/26,4/16,1/6,5/29,2/20,4/20,4/19,4/19,4/17,3/13
20240516,6/33,4/13,5/20,4/27,3/18,1/4,0/2,6/28,5/17,5/20,3/16,1/14,1/11,1/9
20240514,6/33,2/15,3/20,4/25,3/18,2/2,1/2,6/25,3/15,3/13,2/14,3/12,3/8,3/4
20240512,6/33,2/16,3/20,5/28,4/22,4/19,1/3,4/26,0/13,3/17,3/15,2/13,1/12,1/6
20240509,6/33,3/14,6/21,6/28,6/28,3/21,0/12,5/27,3/15,4/17,5/21,5/21,4/19,2/17
20240507,6/33,3/13,4/21,6/28,6/27,4/21,1/8,4/25,2/13,3/16,4/19,3/19,1/15,0/13
20240505,6/33,4/15,4/23,4/28,3/28,1/12,1/4,6/24,5/16,4/19,3/18,3/17,1/11,1/8
20240502,6/33,1/13,4/22,5/28,5/27,5/16,1/3,6/27,3/15,4/19,5/20,5/18,4/14,2/9
20240430,6/33,3/15,4/24,5/28,5/28,4/18,1/7,4/27,3/15,4/19,3/21,3/16,2/13,2/10
20240428,6/33,2/12,3/21,6/28,6/28,4/14,0/3,5/24,1/11,3/15,4/15,4/10,3/7,0/4
20240425,6/33,4/14,5/22,5/28,5/27,3/22,1/10,5/27,5/16,5/18,4/20,4/18,2/16,1/13
20240423,6/33,1/9,3/21,5/26,5/27,4/21,0/4,5/27,1/9,1/14,3/19,4/20,3/16,2/13
20240421,6/33,2/13,3/21,3/27,2/26,3/20,2/7,5/23,2/9,2/11,2/12,2/16,3/13,2/10
20240418,6/33,3/12,6/23,6/28,6/28,0/10,0/4,2/23,1/13,2/16,2/16,2/10,0/8,0/7
20240416,6/33,4/16,4/23,4/27,1/17,2/8,1/4,5/27,3/19,4/21,1/14,1/10,2/9,1/6
20240414,6/33,3/16,3/22,4/26,2/15,0/3,1/3,6/27,3/18,4/18,3/14,2/12,1/9,1/6
20240411,6/33,0/8,5/22,6/28,6/26,4/18,0/4,4/27,1/9,1/10,4/17,4/17,3/14,1/11
20240409,6/33,3/7,3/15,4/25,4/21,1/6,0/1,5/28,3/11,2/16,3/17,3/13,3/10,1/7
20240407,6/33,1/11,4/22,5/28,6/25,4/20,3/11,6/31,2/14,3/16,3/20,5/21,4/21,3/18
20240404,6/33,5/13,5/22,5/28,4/27,0/17,0/4,4/28,4/16,3/22,2/20,0/13,0/8,0/7
20240402,6/33,4/13,5/22,4/28,5/26,2/20,1/6,5/26,3/9,4/16,3/17,3/18,2/13,1/10
20240331,6/33,3/13,5/22,5/28,5/27,4/13,1/4,6/28,3/15,4/16,4/18,3/16,2/9,2/7
20240328,6/33,3/13,5/22,4/26,4/23,1/3,0/2,4/27,3/15,2/19,2/18,2/14,1/10,1/7
20240326,6/33,3/15,5/22,5/28,5/25,3/15,1/6,6/27,4/15,5/18,5/20,3/16,3/12,3/9
20240324,6/33,5/16,5/23,5/27,3/21,1/10,0/4,4/27,4/19,3/21,3/17,3/16,2/13,0/9
20240321,6/33,3/14,3/23,5/28,4/23,3/12,1/2,6/27,3/16,4/18,3/19,2/13,3/11,3/9
20240319,6/33,2/17,3/24,4/27,3/20,3/13,3/9,6/25,3/16,3/17,3/13,3/12,3/11,4/10
20240317,6/33,0/7,2/21,5/26,5/25,4/17,4/12,5/26,1/12,2/15,2/16,3/17,2/15,3/11
20240314,6/33,5/18,6/21,6/27,5/27,2/19,0/13,6/30,4/16,5/18,6/20,4/21,3/20,1/14
20240312,6/33,2/12,3/20,4/27,4/27,3/12,1/2,6/28,2/13,2/15,0/17,2/15,3/11,2/7
20240310,6/33,2/15,4/20,4/19,4/17,0/5,0/1,6/30,3/17,5/20,6/17,3/13,2/11,0/6
20240307,6/33,1/12,4/21,5/25,4/19,2/7,1/2,6/26,3/14,5/18,4/16,3/13,3/10,2/8
20240305,6/33,2/13,3/22,6/28,5/27,4/17,1/4,4/26,2/15,2/16,3/16,2/14,1/9,0/7
20240303,6/33,2/15,2/22,4/28,4/27,4/22,1/5,6/26,3/15,2/17,4/19,4/17,4/17,4/15
20240229,6/33,3/11,4/17,5/27,4/23,2/11,0/2,4/23,2/11,2/10,2/13,3/13,1/11,1/7
20240227,6/33,2/13,3/15,4/18,4/22,4/20,0/5,5/29,2/15,4/16,3/14,4/16,3/15,1/13
20240225,6/33,1/4,5/19,5/27,4/27,0/13,1/2,4/26,3/12,3/15,3/19,1/17,0/13,1/9
20240222,6/33,5/15,6/24,6/27,5/24,0/8,0/7,5/25,3/16,4/18,5/16,4/11,0/8,0/6
20240220,6/33,3/17,4/23,6/27,5/16,1/9,0/4,5/25,4/18,5/18,4/13,3/11,1/9,1/8
20240218,6/33,1/13,4/23,5/28,5/28,4/17,1/5,4/24,1/14,1/15,3/17,3/13,3/11,1/8
20240206,6/33,1/10,3/21,4/28,4/24,3/17,2/2,5/27,2/10,3/14,3/15,2/15,3/14,2/12
20240204,6/33,0/3,5/19,6/28,5/26,4/20,0/2,6/27,2/9,4/13,4/15,3/18,3/14,1/8
20240201,6/33,2/4,3/21,4/28,4/26,3/19,0/2,4/27,3/10,2/14,2/15,2/15,1/14,1/10
20240130,6/33,4/15,4/22,5/28,5/28,3/21,1/9,5/26,4/17,4/19,4/17,3/17,3/14,1/11
20240128,6/33,3/12,3/20,5/28,4/25,0/6,0/2,5/26,3/13,2/14,1/17,2/13,2/9,1/7
20240125,6/31,0/2,2/14,4/16,2/7,2/5,0/2,5/27,2/14,2/15,2/14,2/12,4/13,2/10
20240123,6/33,1/15,5/22,6/28,6/28,6/22,0/5,5/25,3/9,3/13,5/17,4/16,3/14,1/8
20240121,3/6,1/1,1/1,1/1,0/1,0/1,0/1,5/24,4/9,3/11,2/12,1/10,0/7,0/6
20240118,6/33,0/1,0/2,6/26,6/27,2/8,1/2,5/25,0/11,1/13,3/15,4/13,5/12,5/9
20240116,6/33,4/8,6/21,6/28,6/28,2/20,1/13,5/26,3/10,4/15,5/17,4/19,2/15,2/11
20240114,6/33,0/2,3/19,5/27,5/25,5/19,2/8,6/28,1/7,2/11,4/16,2/15,3/12,2/8
20240111,6/33,1/6,2/16,4/20,4/22,3/15,0/1,5/26,2/13,2/14,2/14,2/16,2/13,1/8
20240109,6/33,0/4,3/16,5/23,6/25,5/20,2/13,5/26,1/11,2/12,3/15,4/15,5/16,3/12
20240107,6/33,1/3,2/16,3/25,3/28,2/21,2/11,6/27,1/7,1/9,2/15,2/19,1/14,2/12
20240104,6/33,3/11,6/19,6/28,5/27,3/19,0/6,3/28,0/11,0/14,2/18,3/19,1/13,0/10
20240102,6/33,2/12,3/23,5/28,4/27,4/21,3/9,6/27,2/11,5/15,5/21,4/20,4/18,4/13
20231231,6/33,2/15,3/21,5/28,5/27,5/20,0/4,6/28,4/17,4/19,5/23,5/19,4/15,3/11
20231228,6/33,1/14,2/22,5/28,5/28,4/21,4/14,5/29,1/14,2/18,3/21,3/21,3/18,4/16
20231226,6/33,2/12,2/19,4/27,4/28,3/21,3/14,4/26,1/9,2/12,1/15,2/17,1/16,2/14
20231224,6/33,4/14,6/22,6/28,5/27,2/19,0/5,4/26,3/15,3/16,4/21,1/19,1/15,0/12
20231221,6/33,2/13,5/22,5/28,5/27,4/21,1/5,5/27,3/13,4/17,4/21,3/19,3/18,3/13
20231219,6/33,3/10,5/19,3/26,2/24,2/14,1/6,5/27,4/15,4/16,3/15,2/18,3/15,3/12
20231217,2/17,0/5,1/8,0/8,1/7,0/3,0/2,3/22,2/9,1/9,0/8,1/11,1/8,0/6
20231214,6/33,1/10,4/22,6/28,6/27,5/19,1/4,6/25,1/11,4/16,5/16,6/16,5/14,2/10
20231212,6/33,2/8,5/24,6/27,5/26,3/21,1/7,5/25,3/11,3/13,3/16,3/16,2/13,2/12
20231210,6/33,2/14,4/23,4/26,4/28,3/20,4/15,5/26,2/12,2/15,1/15,2/14,2/15,2/10
20231207,6/33,4/13,5/22,5/27,4/24,2/14,0/4,5/26,4/12,3/17,4/18,1/14,0/12,0/9
20231205,6/33,2/11,4/23,5/28,4/26,2/15,1/4,3/29,1/15,1/20,2/19,2/14,2/13,2/9
20231203,6/33,0/3,3/16,5/28,6/27,6/21,3/12,6/25,1/9,2/12,3/15,6/20,5/17,3/13
20231130,6/33,1/14,2/22,4/28,4/27,4/23,5/12,6/27,1/12,2/15,4/19,4/20,4/19,5/17
20231128,6/33,2/13,4/21,6/28,5/27,5/22,2/14,5/27,2/13,2/16,3/17,4/19,4/18,3/15
20231126,6/33,3/16,4/20,6/28,4/27,3/20,2/10,5/28,3/13,3/14,4/17,3/20,3/15,2/14
20231123,6/33,2/6,4/21,5/27,5/26,3/20,2/12,4/27,4/10,4/12,4/16,2/17,1/18,0/11
20231121,6/33,0/2,1/7,5/22,4/26,2/21,1/9,5/24,1/5,1/6,2/9,2/11,2/15,1/9
20231119,6/33,2/7,3/14,5/18,4/25,3/19,1/3,5/29,2/9,1/9,3/13,3/14,4/16,2/12
20231116,6/33,3/13,4/20,6/28,2/9,0/2,0/2,5/26,2/16,3/17,3/13,2/9,2/6,0/4
20231114,6/33,3/14,4/21,5/27,3/21,1/3,1/3,5/27,4/21,4/21,2/18,2/12,3/8,2/7
20231112,6/33,2/16,4/21,5/28,3/16,3/11,1/7,5/23,4/15,3/14,2/12,1/9,2/9,1/8
20231109,6/33,4/17,4/21,3/23,2/20,1/9,2/3,5/28,3/18,3/18,2/17,2/17,2/13,3/12
20231107,6/33,2/17,4/23,5/28,5/26,3/13,2/6,6/26,4/19,4/19,3/16,3/15,2/12,3/10
20231105,6/33,2/13,4/22,5/27,4/27,2/8,1/3,5/27,4/19,3/19,3/17,2/12,2/10,2/8
20231102,6/33,1/14,2/23,5/28,6/28,5/20,2/6,4/27,1/18,2/21,3/21,4/16,2/10,1/6
20231031,6/33,3/16,3/22,4/27,5/28,2/13,2/4,5/26,3/20,3/21,4/17,3/13,3/10,3/9
20231029,6/33,2/12,4/21,4/23,2/8,0/2,0/2,5/25,3/15,3/17,2/12,2/9,2/7,1/4
20231026,6/33,3/15,4/23,5/28,3/16,2/6,1/3,6/24,4/15,3/14,2/13,2/11,2/7,1/6
20231024,6/33,3/16,5/22,3/21,2/13,1/8,0/3,4/28,3/19,2/16,3/16,1/11,1/9,1/8
20231022,6/33,3/16,3/22,3/25,4/16,2/9,0/2,5/26,2/13,1/15,2/11,3/13,3/9,3/7
20231019,6/33,2/12,3/21,6/28,5/26,2/11,0/2,5/29,2/11,2/16,4/17,1/15,1/11,1/9
20231017,6/33,3/11,4/21,4/28,3/27,2/15,0/3,4/26,3/11,3/15,1/20,1/15,1/13,1/8
20231015,6/33,3/11,3/20,4/26,4/28,3/21,1/5,4/24,2/11,2/13,1/15,2/14,2/15,1/11
20231012,6/33,1/5,2/10,4/21,5/28,5/22,1/12,5/27,2/8,2/11,1/15,3/18,4/19,3/14
20231010,6/33,1/8,4/20,5/28,4/24,2/15,1/8,3/26,2/13,2/15,2/17,2/18,1/16,1/12
20231008,6/33,2/15,4/21,5/28,5/27,4/18,3/14,6/26,4/11,4/17,4/20,3/16,2/13,1/9
20231005,6/33,3/14,5/22,6/28,6/28,4/20,1/14,4/26,2/14,3/16,4/18,4/19,3/18,3/14
20230928,6/33,3/14,3/21,4/28,4/24,2/15,1/7,5/26,3/15,3/16,2/18,2/13,2/12,1/7
20230926,6/33,2/11,4/22,5/28,6/26,3/13,0/2,5/29,2/12,3/17,4/19,4/16,3/12,2/8
20230924,6/33,3/11,5/23,5/28,5/27,2/19,1/11,6/27,5/16,5/17,4/17,1/17,0/16,1/13
20230921,6/33,0/1,1/9,2/21,3/17,1/5,1/1,5/22,2/7,4/11,2/12,2/12,1/9,2/6
20230919,6/33,4/14,5/22,6/28,6/28,1/13,0/7,6/27,4/16,5/19,4/15,3/14,1/11,1/9
20230917,6/33,4/13,4/20,5/27,4/26,0/7,0/4,6/27,5/20,5/22,3/19,2/15,1/11,0/6
20230914,6/33,2/16,3/22,5/27,3/22,1/9,1/3,5/26,2/14,4/17,2/16,1/12,0/8,1/6
20230912,6/33,3/16,5/21,6/28,6/27,3/21,1/5,5/27,4/14,5/20,4/18,3/17,1/14,1/10
20230910,6/33,3/15,2/21,4/28,2/27,3/19,1/3,5/26,3/17,2/18,1/16,1/17,2/14,2/10
20230907,6/33,1/12,1/17,5/28,6/26,5/21,0/2,5/28,0/12,1/13,2/18,5/22,4/16,4/12
20230905,6/33,3/13,3/21,6/28,6/28,4/22,3/10,4/30,3/14,3/18,3/22,2/23,2/19,1/14
20230903,6/33,2/11,4/22,5/28,5/27,3/20,1/5,5/27,3/14,2/18,4/22,4/20,3/17,2/13
20230831,6/33,3/15,4/23,5/28,5/28,3/19,0/4,5/26,3/15,4/21,4/21,3/18,3/15,1/11
20230829,6/33,3/12,5/21,6/28,6/27,3/19,0/5,6/27,6/19,6/21,6/21,3/16,2/11,0/8
20230827,6/33,2/13,4/23,5/28,5/27,3/21,2/11,3/25,1/12,1/15,2/18,1/18,1/14,2/11
20230824,6/33,3/13,5/23,5/28,5/28,3/20,1/12,3/24,1/13,3/16,2/19,2/18,2/14,2/11
20230822,6/33,3/14,3/23,5/28,5/28,3/15,1/6,2/25,1/14,0/17,1/18,1/13,1/10,1/7
20230820,6/33,2/16,3/22,4/28,5/24,4/14,3/5,6/25,3/13,4/18,3/17,3/13,3/10,3/7
20230817,6/33,2/12,5/23,6/28,5/28,1/8,0/3,6/29,5/16,6/20,6/19,3/13,1/10,0/6
20230815,6/33,4/15,4/23,5/28,6/27,2/14,2/8,5/29,2/18,3/24,3/19,3/15,3/11,2/7
20230813,6/33,1/14,3/23,5/28,5/27,5/13,1/5,6/29,5/23,5/24,5/21,4/17,4/12,2/6
20230810,6/33,2/14,3/23,4/28,3/28,3/14,2/5,5/27,2/20,3/22,3/19,3/13,3/12,4/10
20230808,6/33,0/15,3/23,5/28,5/28,6/18,2/5,6/25,3/16,4/17,4/17,5/16,3/12,2/9
20230806,6/33,3/15,2/21,3/25,3/23,3/12,0/3,4/25,1/13,1/17,1/15,3/12,3/10,3/8
20230803,6/33,2/13,3/22,5/28,4/17,3/8,1/3,6/26,3/15,5/17,4/17,4/16,4/12,2/7
20230801,6/33,2/16,2/22,3/26,3/20,2/5,2/3,6/29,4/19,3/18,3/17,3/13,3/11,4/8
20230730,6/33,3/16,4/21,4/28,3/23,1/6,1/3,5/26,3/16,3/17,3/17,2/13,2/10,2/8
20230727,6/33,3/15,3/18,2/15,2/15,3/11,1/2,5/25,3/14,4/15,3/13,2/14,3/9,3/8
20230725,5/31,1/11,1/9,2/12,0/8,2/12,1/1,4/25,1/12,1/11,1/11,2/10,1/10,2/9
20230723,6/33,4/17,5/21,6/25,4/22,1/13,0/4,4/26,3/12,4/17,3/16,1/14,1/10,1/9
20230720,6/33,3/15,5/23,6/28,3/15,1/4,0/2,5/25,3/13,4/17,3/13,3/11,2/9,1/7
20230718,6/33,1/11,3/21,6/28,5/26,2/12,0/3,3/27,0/13,1/17,3/19,3/18,2/13,2/11
20230716,6/33,2/13,4/23,4/28,5/26,4/21,1/9,5/27,2/15,2/18,3/20,4/19,3/18,2/13
20230713,6/33,3/7,3/21,3/28,3/25,2/15,0/2,5/26,3/9,2/12,2/13,2/15,1/12,1/8
20230711,6/33,3/10,6/22,6/28,6/27,2/18,0/8,4/24,3/11,3/16,3/15,1/13,1/9,1/7
20230709,4/22,1/5,3/12,1/9,1/7,0/2,0/1,4/24,2/13,2/11,1/13,2/11,2/10,2/7
20230706,6/33,0/5,2/18,6/26,6/26,3/17,1/5,4/25,1/13,1/16,3/16,3/14,3/15,2/10
20230704,6/33,2/10,6/21,6/28,4/26,4/19,0/5,4/26,3/15,4/16,3/18,3/17,1/12,1/10
20230702,6/33,0/8,2/21,4/25,6/28,6/20,4/12,5/29,0/8,0/13,2/18,2/20,5/20,3/13
20230629,6/33,2/9,6/20,5/28,5/27,3/22,1/13,5/25,2/11,3/12,3/13,4/17,4/18,2/15
20230627,6/33,2/9,3/22,4/27,3/28,4/20,1/6,4/24,3/9,2/13,2/17,1/16,1/11,1/8
20230625,6/33,3/14,5/24,4/28,4/27,2/20,1/8,5/26,3/11,4/18,2/17,2/16,1/9,1/6
20230622,6/33,1/11,4/22,6/28,6/27,4/19,1/7,5/28,3/13,4/19,5/22,3/15,3/15,1/10
20230620,6/33,2/9,2/21,3/28,2/26,3/14,3/3,6/27,2/15,2/18,1/18,2/15,3/11,3/9
20230618,6/33,1/10,5/22,6/28,6/28,5/19,0/3,5/27,3/13,4/17,5/18,5/18,2/15,1/9
20230615,6/33,1/9,4/21,5/28,5/28,4/21,2/13,5/26,2/12,2/15,3/19,3/19,4/19,5/16
20230613,6/33,2/7,3/21,3/25,3/28,3/19,2/10,4/24,3/7,2/11,2/15,1/15,1/13,1/10
20230611,6/33,4/13,4/22,4/28,5/28,2/20,2/8,6/28,4/12,4/15,4/19,4/17,3/13,2/11
20230608,6/33,1/9,4/22,4/28,4/28,3/18,2/11,5/26,2/14,2/16,2/17,3/17,3/14,3/11
20230606,6/33,3/12,5/21,5/25,4/24,2/20,0/4,6/26,4/13,4/14,5/16,4/14,1/12,0/10
20230604,6/33,2/11,4/20,5/20,4/13,3/10,0/3,5/24,2/14,4/16,4/14,4/11,2/9,1/6
20230601,6/33,0/10,2/20,5/28,5/27,4/20,3/9,3/27,0/11,0/14,2/18,2/19,2/13,3/11
20230530,6/33,5/13,4/20,5/28,1/16,0/2,0/2,6/27,5/16,5/19,5/19,3/14,1/10,0/7
20230528,6/33,2/12,4/22,5/28,6/27,2/9,1/3,4/27,3/18,3/20,2/14,1/10,1/8,1/6
20230525,6/33,3/16,4/21,4/27,3/20,3/11,1/2,6/28,4/17,2/17,2/14,2/13,3/11,3/9
20230523,6/33,1/13,2/20,5/28,5/26,4/20,3/8,5/28,2/9,3/15,4/15,3/19,2/11,2/7
20230521,6/33,3/15,4/20,4/28,3/23,2/11,1/3,5/27,4/18,4/20,2/17,1/15,2/13,2/11
20230518,6/33,3/15,5/22,5/28,5/27,0/11,1/4,6/27,3/17,5/21,5/18,4/17,1/12,2/9
20230516,6/33,2/13,3/21,5/28,4/27,3/15,1/3,6/27,2/9,2/14,3/18,2/16,2/9,1/6
20230514,6/33,4/11,5/21,6/28,5/26,2/22,0/4,5/27,4/14,4/19,4/20,4/20,2/16,1/11
20230511,6/33,2/12,3/21,4/25,3/10,1/3,0/3,5/26,3/17,3/18,3/13,3/10,2/6,1/5
20230509,6/33,6/18,6/24,4/25,1/17,0/11,0/5,6/29,6/22,3/19,1/16,1/14,1/12,0/10
20230507,6/33,0/7,1/22,4/24,3/8,4/6,2/2,6/21,0/13,2/11,3/8,3/6,4/6,3/4
20230504,6/33,3/14,6/22,5/26,4/23,0/9,0/3,4/26,3/17,3/17,2/14,0/11,0/9,0/7
20230502,6/33,3/15,5/24,6/28,6/28,3/19,1/8,5/26,3/16,4/18,4/18,4/16,4/16,2/11
20230430,6/33,2/10,3/21,5/28,4/25,3/17,1/11,4/26,2/12,2/16,2/16,2/15,1/13,1/12
20230427,6/33,1/4,3/20,4/24,4/23,2/17,3/10,6/24,3/10,3/11,3/14,2/14,2/14,3/12
20230425,6/33,0/2,3/20,6/27,6/28,4/17,3/8,6/21,2/6,4/9,4/13,4/12,4/12,2/7
20230423,6/33,2/12,4/22,6/28,5/27,4/20,2/12,6/25,3/13,3/15,4/17,5/18,2/14,2/12
20230420,6/33,2/10,4/21,5/27,5/25,2/9,0/3,5/26,3/10,4/14,3/17,4/16,2/14,2/10
20230418,6/33,3/15,4/20,6/27,5/25,4/20,0/7,5/26,4/16,4/17,5/18,4/19,3/15,2/13
20230416,6/33,0/4,2/18,6/27,6/28,5/19,2/11,5/26,1/10,3/14,3/16,4/18,3/15,2/13
20230413,6/33,3/11,4/19,5/27,4/23,0/11,0/2,5/28,4/10,4/13,4/17,3/16,0/12,0/8
20230411,6/33,1/10,3/19,5/26,2/15,2/5,0/2,4/25,0/11,2/15,2/14,3/13,3/11,1/9
20230409,6/33,4/13,4/16,2/20,3/19,0/9,0/2,3/26,3/13,2/13,1/15,1/12,1/11,0/9
20230406,6/33,4/17,3/17,3/23,2/18,2/14,2/5,3/25,1/15,1/16,1/14,2/13,2/12,2/10
20230404,6/33,1/17,1/21,4/24,5/22,5/14,1/3,5/24,1/16,2/14,3/15,5/11,4/10,3/8
20230402,6/33,2/14,4/22,5/26,6/26,6/21,2/8,4/23,2/11,3/13,4/16,4/17,4/15,4/13
20230330,6/33,4/15,4/22,4/28,3/25,1/20,2/14,5/28,2/14,3/17,3/18,1/15,1/14,2/14
20230328,6/33,5/14,6/23,5/27,4/26,0/8,0/3,4/27,4/19,4/20,3/18,0/11,0/9,0/6
20230326,6/33,3/17,5/24,6/28,6/27,3/17,3/13,4/27,3/18,4/20,3/19,2/17,1/13,0/9
20230323,6/33,1/13,3/23,5/28,5/27,4/20,2/7,3/25,2/17,2/20,2/20,2/16,1/10,2/8
20230321,6/33,0/4,2/24,4/28,5/27,4/21,4/12,4/24,1/8,1/12,2/17,3/17,2/15,3/12
20230319,6/33,4/16,4/24,4/28,4/27,3/21,2/10,6/27,3/14,4/19,4/22,4/22,3/16,2/12
20230316,6/33,3/16,4/24,5/28,4/27,3/21,3/13,6/29,3/20,3/21,5/24,4/21,2/17,2/13
20230314,6/33,3/16,6/24,6/28,6/28,3/19,0/10,5/26,5/20,5/20,5/18,4/17,2/12,1/10
20230312,6/33,2/16,3/22,4/27,4/26,3/22,3/8,5/27,2/19,2/20,3/20,3/17,3/14,4/12
20230309,6/33,1/6,1/22,3/27,4/22,4/14,3/4,6/27,2/12,1/16,2/15,4/14,3/11,4/8
20230307,6/33,1/9,4/22,4/28,5/28,5/21,2/8,5/25,0/8,3/12,3/17,4/19,5/17,4/14
20230305,6/33,3/12,4/23,6/28,5/28,3/20,2/11,4/27,3/12,3/17,4/20,2/18,2/16,1/13
20230302,6/33,4/16,4/18,4/20,3/20,0/11,0/3,4/26,4/17,4/17,2/16,1/14,0/11,0/9
20230228,6/33,2/15,5/24,5/28,6/27,4/19,2/9,5/26,3/16,4/20,4/19,4/14,3/12,2/11
20230226,6/33,3/15,5/23,5/27,4/26,1/13,1/5,5/27,2/18,5/21,4/18,2/14,2/12,2/10
20230223,6/33,2/15,3/24,5/28,3/15,2/11,0/3,5/26,4/18,4/17,2/12,2/10,2/8,1/6
20230221,6/33,2/12,2/21,5/26,5/25,3/9,1/2,5/24,2/12,3/16,3/14,3/15,3/12,3/6
20230219,6/33,2/15,4/22,5/28,6/26,4/20,2/6,4/28,3/17,3/20,3/18,3/14,2/11,2/8
20230216,6/33,2/14,4/24,6/28,6/27,4/18,0/4,5/25,3/13,3/16,4/19,3/16,3/12,1/7
20230214,6/33,0/13,4/23,6/28,6/28,6/22,2/10,3/28,1/17,1/20,2/20,3/21,3/20,2/15
20230212,6/33,2/7,4/23,4/28,3/28,4/21,1/6,4/23,2/10,3/14,2/16,1/15,2/12,1/9
20230209,6/33,2/12,3/21,6/28,6/26,4/21,2/8,6/27,2/17,4/19,6/19,5/18,3/12,3/10
20230207,6/33,1/9,5/23,5/28,5/28,2/15,1/4,5/27,2/12,3/18,4/20,4/19,2/13,1/8
20230205,6/33,3/12,4/21,6/28,5/28,3/22,3/12,5/28,2/13,3/17,4/21,4/21,4/19,3/16
20230202,6/33,2/13,6/23,6/28,6/28,4/21,0/9,6/26,5/16,5/19,5/20,6/21,4/16,2/11
20230131,6/33,2/12,4/22,6/28,5/27,4/21,2/12,6/30,3/13,4/18,5/22,6/24,4/22,3/17
20230129,6/33,2/12,4/22,5/28,3/27,4/21,2/6,4/26,2/15,2/17,2/19,2/19,3/14,3/10
20230117,6/33,2/12,3/17,6/28,5/26,5/21,1/5,6/28,2/10,4/10,3/14,5/19,4/14,3/10
20230115,6/33,3/13,4/21,5/28,6/28,3/21,3/14,6/29,2/12,3/17,4/19,4/20,4/20,3/18
20230112,6/33,1/4,3/13,5/28,5/28,4/21,1/9,4/27,3/13,3/15,2/18,3/18,3/19,2/16
20230110,6/33,3/9,6/21,5/27,5/27,3/21,0/11,5/26,2/10,5/15,4/18,3/19,1/17,0/14
20230108,6/33,4/16,4/22,5/28,5/26,2/15,1/8,6/27,4/16,4/19,4/19,2/18,1/15,1/12
20230105,6/33,2/13,3/22,5/28,4/26,1/6,1/2,6/27,2/12,3/17,5/20,2/17,2/13,2/9
20230103,6/33,4/18,6/23,5/27,2/15,1/12,0/6,6/30,6/23,5/23,1/14,1/10,1/8,0/7
20230101,6/33,1/14,4/24,5/28,5/27,5/19,3/13,4/27,3/20,3/22,2/20,2/15,3/13,2/9
20221229,6/33,4/16,4/24,5/27,5/28,2/18,0/6,4/22,4/16,2/16,2/15,1/11,1/8,0/6
20221227,6/33,1/15,2/21,3/27,3/25,4/11,2/4,6/26,2/18,4/19,3/18,3/14,4/11,4/8
20221225,6/33,4/16,5/21,4/28,5/26,1/6,1/3,6/29,5/20,5/18,3/18,4/12,3/8,2/8
20221222,6/33,4/13,5/21,5/28,1/11,1/3,0/2,6/26,4/17,4/17,3/13,1/10,0/8,0/7
20221220,6/33,3/15,4/22,5/28,2/13,1/4,0/2,5/26,3/14,3/13,1/14,2/12,2/10,1/6
20221218,6/33,1/17,2/22,4/28,4/17,4/12,2/6,6/28,2/18,2/18,3/17,4/13,4/11,3/9
20221215,6/33,1/17,3/21,4/28,4/19,5/16,3/10,6/24,4/16,4/18,3/14,4/14,4/10,3/6
20221213,6/33,3/16,3/21,5/28,5/25,2/18,2/5,5/25,3/15,3/17,3/19,1/16,1/14,2/10
20221211,6/33,4/16,4/20,2/12,3/16,2/14,0/3,6/28,5/14,3/13,2/13,3/12,1/10,1/8
20221208,6/33,3/16,5/22,5/22,4/21,1/6,0/3,6/28,5/21,5/19,5/15,3/14,2/11,1/9
20221206,6/33,2/16,5/24,6/28,6/26,2/14,1/8,6/28,5/21,6/20,5/19,4/15,2/12,1/10
20221204,6/33,3/15,6/21,6/28,3/22,2/13,0/4,4/28,4/15,4/22,3/19,2/17,2/14,0/10
20221201,6/33,2/16,4/21,5/27,4/19,2/6,0/3,4/28,3/19,3/20,3/19,3/16,3/14,2/11
20221129,6/33,1/11,2/20,5/28,5/26,4/17,1/3,5/26,1/13,3/15,4/17,3/14,2/9,2/6
20221127,6/33,2/13,6/24,6/28,6/28,3/20,0/4,4/25,4/17,4/20,4/19,4/16,2/12,0/9
20221124,6/33,3/13,4/23,5/28,5/27,3/13,1/3,5/30,2/19,4/23,4/23,4/20,4/15,3/10
20221122,6/33,2/14,4/23,4/28,5/28,4/21,1/6,4/26,3/16,1/17,2/19,2/16,2/16,1/12
20221120,6/33,2/13,5/23,6/28,6/28,4/19,1/9,5/26,5/15,5/20,5/20,5/15,4/14,2/11
20221117,6/33,2/7,2/21,3/26,2/28,3/19,2/4,6/25,2/13,2/15,2/15,2/15,3/13,3/10
20221115,6/33,4/13,5/21,6/28,4/27,1/16,0/3,4/26,2/12,4/18,3/18,1/14,0/12,0/8
20221113,6/33,2/13,4/22,5/28,5/28,4/19,0/3,5/27,2/14,4/18,4/18,4/17,4/17,3/13
20221110,6/33,3/13,4/22,6/28,6/26,2/14,0/3,5/28,2/16,3/19,5/18,3/16,2/14,1/7
20221108,6/33,1/11,3/22,6/28,5/26,4/19,2/7,5/24,2/11,3/15,4/17,3/15,1/11,1/9
20221106,6/33,4/12,4/20,5/28,4/28,1/18,1/7,3/26,2/15,2/17,2/20,1/18,0/15,1/12
20221103,6/33,2/13,3/20,4/27,4/26,1/9,1/2,5/27,2/14,2/16,3/18,3/15,2/14,2/12
20221101,6/33,4/16,5/22,4/28,2/14,1/7,1/3,5/25,4/15,3/17,1/13,2/9,2/8,1/8
20221030,6/33,3/15,4/22,6/28,5/23,2/10,0/3,5/30,4/16,5/18,4/22,2/17,0/14,0/9
20221027,6/27,0/2,3/11,6/21,5/16,3/10,0/5,6/26,2/10,4/14,5/14,6/15,4/12,2/8
20221025,6/33,0/6,3/18,6/27,6/27,4/20,2/13,3/25,1/10,1/14,3/16,2/16,2/16,2/12
20221023,6/33,0/3,2/18,4/24,5/25,5/20,0/3,5/25,0/10,1/14,3/16,3/14,5/14,2/10
20221020,6/33,1/13,2/18,4/26,5/21,0/6,0/2,3/28,1/15,0/15,1/17,1/15,1/11,1/8
20221018,6/33,2/14,4/22,5/28,4/26,4/20,0/4,6/25,4/15,4/17,4/18,4/16,4/16,3/13
20221016,6/33,5/16,5/24,4/27,4/28,0/19,1/8,6/29,4/18,5/22,3/19,0/17,0/13,1/10
20221013,6/33,2/13,4/23,6/28,6/28,2/14,0/5,3/26,1/18,3/20,2/17,1/16,1/12,1/11
20221011,6/33,2/14,2/23,5/28,5/28,3/17,4/6,4/24,1/16,2/18,3/19,3/15,3/13,4/11
20221009,6/33,2/16,4/23,6/28,6/27,4/18,1/8,5/26,4/15,5/18,4/19,2/14,2/11,1/8
20221006,6/33,3/14,3/23,5/27,4/27,4/19,0/4,5/29,4/15,4/19,4/20,3/19,2/12,2/11
20220929,6/33,1/13,3/20,6/28,6/26,6/20,0/4,3/26,2/14,2/15,3/16,3/18,2/14,1/10
20220927,6/33,3/15,4/20,5/28,5/27,3/21,2/17,5/24,3/13,3/14,2/14,3/16,3/16,3/14
20220925,6/33,3/10,4/19,4/28,5/24,3/13,0/2,6/25,3/12,4/13,3/12,3/12,3/10,2/8
20220922,6/33,2/14,5/22,6/28,4/21,1/9,0/2,3/24,2/13,3/16,2/14,1/11,1/9,0/6
20220920,6/33,3/17,5/21,4/21,3/16,1/11,1/3,6/30,3/18,5/22,3/18,1/13,1/11,1/7
20220918,6/33,3/15,4/21,4/26,5/26,1/14,1/6,6/29,4/20,4/19,4/20,4/16,2/13,2/10
20220915,6/33,4/15,5/21,6/28,5/25,1/13,0/5,6/27,3/15,4/16,5/18,2/15,1/12,1/11
20220913,6/33,0/13,4/22,5/28,6/28,6/20,2/9,5/28,2/14,4/18,4/20,5/20,4/15,3/12
20220911,6/33,2/12,6/22,6/28,6/28,3/10,0/3,6/26,3/11,4/16,6/20,5/15,2/11,1/5
20220908,6/33,2/7,2/21,4/28,5/27,3/9,0/2,5/24,2/12,2/15,3/18,3/15,3/12,3/11
20220906,6/33,3/12,3/14,6/28,6/26,4/21,0/4,6/29,4/12,4/15,5/16,5/17,4/19,2/15
20220904,2/9,0/1,0/3,1/2,1/3,1/2,0/1,4/22,1/9,2/11,3/12,2/11,3/13,2/11
20220901,6/33,1/8,2/17,5/27,5/27,5/20,1/7,5/26,1/11,2/12,1/14,4/18,4/15,2/12
20220830,6/20,2/8,4/9,3/8,2/8,2/6,0/1,6/26,4/12,3/13,3/12,3/12,1/9,1/8
20220828,6/33,2/13,1/19,4/28,4/27,4/21,2/5,6/28,2/12,1/16,1/16,4/20,4/18,4/14
20220825,6/33,4/12,5/20,4/28,2/27,0/3,1/3,5/23,3/9,3/13,2/15,1/11,0/7,1/5
20220823,6/33,3/14,4/20,4/26,3/21,2/7,1/3,5/26,2/14,1/16,2/17,2/11,2/8,2/6
20220821,6/33,1/13,4/21,4/26,3/18,0/4,1/2,5/30,0/12,2/17,1/17,2/14,3/10,3/7
20220818,6/33,2/13,5/18,5/25,4/19,0/2,0/2,5/28,2/14,4/17,5/14,3/11,1/7,0/5
20220816,6/33,3/14,5/23,5/28,5/21,1/8,1/3,4/26,3/20,2/18,2/18,2/14,1/12,1/8
20220814,6/33,0/13,2/22,5/26,5/20,1/4,1/3,3/25,0/16,2/17,2/14,1/10,1/7,1/5
20220811,6/33,2/14,5/24,6/27,5/21,0/4,0/4,6/27,5/19,5/21,3/16,2/12,1/9,1/6
20220809,6/33,1/16,5/23,6/28,6/27,5/19,3/13,4/25,4/15,4/20,3/17,3/15,3/13,2/10
20220807,6/33,2/13,1/23,5/28,4/26,4/18,4/10,4/25,1/15,1/18,3/20,3/18,3/14,3/13
20220804,6/33,2/12,3/22,3/28,4/28,3/21,2/10,5/30,2/12,2/17,1/19,2/18,0/17,2/14
20220802,6/33,2/10,6/22,6/26,5/25,2/12,0/3,5/27,2/12,3/16,4/14,3/14,1/12,0/7
20220731,6/33,4/16,5/23,6/28,6/28,2/12,0/4,4/26,3/17,4/20,3/16,2/12,2/10,1/6
20220728,6/33,3/11,4/22,5/28,4/26,0/9,0/4,1/25,1/11,0/15,0/18,0/12,0/7,0/6
20220726,6/33,3/14,3/21,3/26,4/26,2/15,2/5,3/23,1/11,1/13,0/13,0/13,1/12,2/9
20220724,6/33,1/10,1/12,5/26,4/26,5/21,1/2,4/29,1/14,2/18,2/19,2/19,3/18,3/15
20220721,6/33,3/14,6/21,6/28,5/23,0/5,0/3,4/26,3/18,4/18,3/15,3/13,0/10,0/7
20220719,6/33,1/7,3/20,5/28,4/26,3/21,1/5,4/26,2/13,3/15,3/17,3/19,3/15,1/11
20220717,6/33,3/14,4/21,6/28,6/28,3/21,0/2,5/29,2/12,2/14,4/19,4/20,2/17,2/14
20220714,6/33,2/13,5/22,6/28,6/27,5/21,1/4,5/25,2/13,4/18,4/16,4/18,3/12,1/8
20220712,6/33,2/10,5/22,5/28,5/26,4/21,1/9,6/27,3/13,4/18,5/20,4/17,3/14,1/11
20220710,6/33,4/14,4/22,4/28,3/26,3/14,1/4,5/27,4/17,3/17,2/19,1/14,1/12,1/9
20220707,6/33,1/10,2/16,5/27,5/25,5/21,0/4,5/23,1/8,2/10,5/13,3/16,3/16,3/13
20220705,6/33,4/15,4/22,6/28,4/22,0/13,0/3,5/28,2/12,5/18,3/19,1/17,0/14,0/11
20220703,6/33,3/16,2/19,3/24,3/17,3/12,0/3,4/21,1/13,1/12,3/11,3/10,1/7,1/7
20220630,6/33,2/12,4/19,5/26,3/20,0/5,1/2,6/26,3/13,4/15,4/16,3/15,2/12,2/8
20220628,6/33,3/14,4/20,6/28,5/24,1/12,0/3,6/28,4/14,4/20,6/21,3/16,2/12,1/11
20220626,6/33,1/13,5/22,5/28,4/27,1/7,1/3,4/27,0/13,2/18,3/18,1/13,2/9,2/7
20220623,6/33,2/12,4/21,5/28,5/28,3/18,1/4,5/27,3/16,4/22,3/21,3/17,1/13,2/10
20220621,6/33,3/13,3/20,5/28,3/25,1/10,1/2,3/26,1/13,1/15,2/16,1/11,1/10,2/8
20220619,6/33,3/14,4/22,6/28,6/28,3/14,1/8,5/25,4/17,3/18,4/17,2/15,2/12,2/11
20220616,6/33,2/9,3/22,6/28,6/27,5/21,1/4,3/22,2/8,2/10,2/12,1/14,1/10,0/6
20220614,6/33,3/15,3/22,5/28,5/27,4/21,0/5,6/26,4/14,3/16,3/16,3/18,4/17,3/15
20220612,6/33,2/12,4/20,6/28,6/27,4/21,0/5,5/24,3/12,4/16,4/17,4/16,3/15,2/12
20220609,6/33,1/5,3/20,5/28,6/27,5/20,2/7,5/24,2/12,2/15,3/15,3/14,4/13,4/10
20220607,6/33,0/5,4/16,5/28,4/25,3/20,1/3,4/24,2/9,2/10,3/14,4/15,2/11,2/8
20220605,6/33,3/12,5/22,5/28,6/26,1/9,1/4,6/28,4/13,3/16,4/18,3/15,2/10,2/7
20220602,6/33,0/12,5/23,5/28,5/28,5/20,1/6,3/24,1/14,1/15,1/16,2/16,1/11,2/9
20220531,6/33,2/13,3/22,4/28,3/27,1/10,1/4,5/28,4/18,3/21,1/19,1/15,0/11,1/7
20220529,6/33,0/12,3/22,5/28,5/27,4/17,2/9,6/28,1/13,2/17,4/19,2/14,1/10,1/7
20220526,6/33,2/16,4/22,5/28,5/27,2/17,1/6,5/27,1/15,2/18,4/20,2/17,2/11,2/9
20220524,6/33,3/16,3/21,4/27,5/26,2/13,2/4,3/25,1/16,1/19,0/17,1/14,1/9,2/8
20220522,6/33,2/16,3/22,5/28,5/27,4/20,3/13,6/28,2/15,3/19,5/23,3/20,3/18,3/13
20220519,6/33,3/12,4/23,5/28,5/27,1/13,0/4,6/29,4/20,4/22,5/21,3/16,1/12,1/9
20220517,6/33,3/16,3/23,4/28,3/27,2/18,2/8,6/26,4/18,4/18,4/20,1/14,1/10,2/7
20220515,6/33,2/16,3/23,5/28,3/20,3/13,1/4,5/26,3/18,4/20,3/17,2/15,1/11,2/7
20220512,6/33,2/16,3/20,5/27,5/22,2/14,1/4,4/28,2/17,2/15,2/17,1/13,0/11,1/8
20220510,6/33,0/6,1/22,4/28,5/27,5/17,2/3,6/28,1/15,2/16,3/18,4/18,4/15,3/12
20220508,6/33,3/13,5/21,4/25,3/26,2/18,1/12,4/24,1/11,2/13,2/15,2/16,1/13,2/12
20220505,6/33,1/4,4/21,5/28,4/28,2/21,2/9,4/26,2/7,2/12,3/16,2/18,2/17,2/12
20220503,6/33,2/8,4/22,5/26,4/27,3/18,2/12,4/26,2/15,2/16,3/18,2/15,2/15,2/12
20220501,6/33,2/13,4/21,5/26,5/26,3/15,2/7,6/27,3/15,4/16,5/18,3/15,3/10,2/11
20220428,6/33,3/14,4/22,5/27,5/28,2/17,2/11,3/26,1/14,2/16,3/18,2/17,2/15,2/13
20220426,6/33,1/5,2/20,5/28,5/28,4/17,3/11,6/26,1/11,2/15,3/18,5/19,5/19,3/13
20220424,6/33,1/7,5/21,6/28,5/26,4/18,1/10,3/24,0/6,2/13,3/17,2/16,0/12,0/10
20220421,6/33,3/15,4/23,5/28,5/28,3/19,2/12,5/28,1/16,0/19,3/22,3/18,3/14,2/11
20220419,6/33,1/16,3/21,5/28,5/26,5/18,0/3,4/24,3/13,4/16,3/15,3/10,2/9,0/6
20220417,6/33,3/15,5/21,6/27,3/12,1/4,0/2,6/25,4/16,4/16,5/14,4/11,3/9,2/7
20220414,6/33,2/14,4/21,6/28,6/27,1/4,0/4,5/24,3/15,5/18,4/16,2/12,2/9,1/7
20220412,6/33,2/13,4/21,4/28,4/26,4/21,2/5,6/26,3/13,3/15,4/15,4/15,3/14,4/9
20220410,6/33,4/13,6/21,5/28,5/26,2/21,0/5,5/25,5/16,5/18,3/17,2/16,1/14,1/13
20220407,6/33,3/14,5/23,5/28,5/27,4/20,1/4,4/25,3/15,3/18,3/19,2/16,2/12,1/9
20220405,6/33,2/11,4/22,4/28,4/27,4/19,1/8,6/28,5/15,4/19,4/21,4/21,4/20,2/16
20220403,6/33,4/16,4/22,4/28,4/28,2/16,1/3,5/28,3/14,4/16,3/19,3/16,3/11,2/8
20220331,6/33,3/16,4/21,6/28,5/22,1/9,0/4,3/26,3/16,3/20,3/18,1/13,1/13,1/11
20220329,6/33,0/10,2/21,3/28,4/26,4/18,2/2,4/24,0/13,1/16,1/15,2/16,2/12,3/10
20220327,6/33,2/14,4/21,6/28,5/21,4/18,0/3,5/25,3/17,5/19,4/17,3/14,2/12,2/8
20220324,6/33,3/14,4/21,5/27,2/19,1/3,1/2,5/29,2/16,4/17,3/18,2/15,2/11,1/7
20220322,6/33,3/17,2/20,4/24,2/20,2/9,1/3,5/25,3/17,4/16,3/16,2/14,2/9,2/8
20220320,6/33,1/15,2/22,6/28,6/23,3/11,0/3,5/24,1/15,3/17,5/16,4/13,4/11,3/7
20220317,6/33,4/16,4/18,3/20,2/19,3/14,1/3,5/26,3/13,2/12,3/13,2/15,2/12,2/10
20220315,6/33,2/13,2/17,5/26,5/22,3/13,0/3,4/25,1/12,3/14,4/16,4/17,3/14,1/10
20220313,6/33,1/12,4/24,5/25,5/28,6/20,2/9,5/25,0/6,1/12,4/16,3/14,2/11,2/8
20220310,6/33,3/13,5/21,6/28,4/22,0/9,0/4,3/24,2/12,3/14,3/14,2/12,1/10,0/8
20220308,3/19,1/7,1/7,1/9,1/5,1/5,1/5,4/24,1/10,2/12,3/14,2/12,3/12,2/9
20220306,6/33,4/14,6/24,5/22,1/10,0/7,0/5,4/27,4/17,4/16,2/11,1/9,0/7,0/7
20220303,6/33,2/11,3/19,6/22,1/9,0/7,0/2,5/26,2/11,5/15,3/13,2/10,2/9,1/8
20220301,6/33,4/15,5/22,5/27,5/28,3/18,0/6,4/24,3/13,3/16,3/16,3/13,1/10,0/8
20220227,6/32,2/13,2/20,4/22,4/14,2/5,0/2,3/25,1/14,1/12,1/12,2/10,2/10,2/7
20220224,6/31,3/13,3/18,3/14,2/15,2/10,1/2,5/24,3/11,3/13,1/9,1/12,2/9,2/6
20220222,6/33,1/4,5/21,6/28,5/26,3/15,0/3,5/19,0/5,1/8,4/10,4/9,1/5,0/4
20220220,6/33,2/14,4/23,4/25,3/16,2/11,2/7,4/21,2/10,2/13,2/13,1/10,1/9,2/8
20220217,6/33,2/13,2/22,5/28,5/27,4/21,4/12,3/26,1/15,1/19,2/19,2/20,2/17,1/14
20220215,6/33,0/6,4/21,5/28,6/27,4/20,2/10,3/27,0/12,1/15,2/21,3/20,2/16,1/11
20220213,6/33,1/9,3/21,5/28,6/27,5/19,1/3,5/29,2/11,2/15,3/20,4/18,4/14,3/11
20220210,6/33,0/2,5/21,6/28,6/26,1/17,0/4,4/26,2/8,2/13,1/15,2/17,2/12,1/7
20220208,6/33,5/14,6/21,5/26,2/23,0/15,0/6,3/24,3/12,3/16,0/16,0/13,0/9,0/9
20220127,6/33,3/15,3/21,3/21,3/21,3/15,0/3,3/24,2/14,2/17,0/14,1/8,1/8,1/8
20220125,6/33,2/17,2/21,5/21,3/16,3/15,3/8,6/30,2/19,4/18,4/18,3/15,3/15,4/14
20220123,6/33,2/18,5/21,5/27,5/23,4/15,2/13,5/25,4/17,4/18,4/19,4/17,4/14,3/14
20220120,6/33,2/16,4/22,6/28,6/27,5/20,1/9,4/26,2/15,3/17,3/18,3/17,3/12,1/8
20220118,6/33,4/18,6/21,5/28,4/28,2/14,0/10,5/29,5/17,5/19,3/18,2/16,2/15,2/11
20220116,6/33,1/16,3/22,5/27,5/28,5/18,3/9,5/26,3/15,4/19,3/18,3/13,3/11,3/9
20220113,6/33,4/17,5/22,5/28,4/25,2/15,1/4,5/25,4/18,4/18,2/16,2/13,2/10,2/9
20220111,6/33,4/17,5/22,5/28,5/22,1/13,1/4,5/25,4/16,4/17,3/16,3/15,1/10,1/8
20220109,6/33,1/13,2/22,5/28,5/27,5/18,2/7,4/24,1/11,1/15,2/16,1/14,3/13,3/12
20220106,6/33,2/12,5/22,5/28,5/28,4/20,1/12,6/28,3/13,5/17,4/20,4/21,4/17,3/14
20220104,6/33,1/2,3/18,4/28,5/28,4/20,1/3,5/28,1/9,2/14,2/19,4/18,3/15,3/10
20220102,6/33,2/13,6/22,6/28,6/28,5/21,0/5,6/25,4/15,4/17,6/19,6/19,4/15,2/12
20211230,6/33,2/15,4/22,6/28,6/28,5/20,2/12,3/25,0/12,2/15,2/17,2/17,3/14,3/10
20211228,6/33,3/14,5/21,5/26,4/24,3/13,1/4,6/28,3/14,4/18,4/17,2/12,2/12,1/9
20211226,6/33,0/5,5/20,6/25,5/24,2/16,0/4,3/24,2/14,2/13,2/13,2/13,3/14,0/11
20211223,4/20,0/3,2/7,2/10,3/11,2/10,2/5,5/25,2/9,3/12,4/14,2/12,2/11,2/9
20211221,6/33,0/3,2/14,5/25,5/28,4/20,4/14,5/27,0/8,1/10,1/13,3/17,5/19,4/16
20211219,6/33,0/2,1/10,6/20,4/23,2/16,1/10,3/24,1/10,1/12,3/13,2/12,1/13,1/11
20211216,6/33,0/2,3/16,2/16,3/15,2/14,1/9,5/25,2/8,2/12,3/14,3/11,2/13,0/10
20211214,4/23,2/6,3/10,1/7,1/6,1/5,0/7,4/24,2/10,3/12,3/9,1/8,1/8,0/10
20211212,4/18,2/5,2/7,1/5,1/4,0/3,1/6,5/29,2/12,4/17,3/14,3/11,2/9,1/9
20211209,4/25,1/8,0/13,2/19,3/18,3/12,0/3,4/27,1/12,0/11,1/17,3/15,3/13,3/12
20211207,2/11,0/2,0/3,0/5,1/4,0/1,1/1,6/26,2/12,2/14,3/14,2/14,2/13,2/8
20211205,6/33,1/9,1/11,1/11,5/18,4/19,1/11,4/28,2/15,1/14,2/16,3/17,2/18,1/14
20211202,6/33,1/9,3/15,4/24,5/24,4/19,0/4,6/30,2/13,3/15,5/18,5/16,5/16,2/11
20211130,6/33,1/6,4/18,6/25,5/27,2/19,0/9,5/27,1/9,2/12,5/16,2/17,1/15,1/12
20211128,6/33,4/17,5/22,5/28,5/28,3/21,2/16,4/26,3/16,3/18,2/20,3/21,2/20,1/18
20211125,6/33,2/10,5/21,5/27,5/27,4/18,1/12,5/21,1/6,3/10,4/14,4/16,4/13,2/9
20211123,6/33,2/13,3/21,3/28,4/27,4/20,2/9,5/26,2/12,2/15,2/18,3/21,3/17,3/14
20211121,6/33,3/7,2/18,4/28,4/28,4/19,1/6,5/24,2/9,2/13,2/15,3/17,2/13,2/9
20211118,6/33,1/6,3/20,3/21,2/15,0/2,0/2,4/26,3/13,1/13,1/11,1/10,1/9,1/5
20211116,6/33,2/16,5/21,6/26,3/18,0/7,0/3,5/26,4/16,3/17,4/16,2/12,1/9,1/8
20211114,6/33,3/15,3/19,4/17,3/15,0/1,0/1,5/28,3/17,2/14,4/14,3/12,3/9,2/8
20211111,4/27,2/15,3/18,2/13,2/10,2/7,0/2,5/29,3/17,3/17,2/14,3/13,3/13,3/10
20211109,1/10,0/1,0/3,0/3,0/1,0/2,1/1,5/28,2/16,3/16,2/14,2/14,3/12,2/9
20211107,3/10,1/2,0/2,1/2,1/2,0/2,0/1,6/26,3/13,4/13,4/14,6/17,5/16,2/13
20211104,6/33,0/16,2/20,4/24,6/17,3/7,0/2,3/26,1/15,1/14,1/12,3/13,3/11,3/9
20211102,6/33,0/13,4/22,5/28,6/28,4/15,1/3,3/25,1/14,1/15,2/16,2/13,2/11,1/6
20211031,6/33,2/13,2/19,4/28,3/26,4/20,1/2,4/26,3/13,1/14,1/16,1/16,2/13,2/10
20211028,6/33,1/13,4/21,5/28,6/26,5/20,0/2,5/26,1/9,2/14,3/15,3/16,2/12,1/9
20211026,6/33,1/6,4/15,4/21,4/26,1/14,0/3,4/23,2/10,3/12,2/13,2/15,2/14,2/12
20211024,6/33,0/3,4/13,6/28,5/27,3/19,0/4,4/24,1/9,2/10,4/15,3/17,3/15,2/12
20211021,6/33,1/3,4/19,5/25,5/27,0/14,0/3,4/25,2/12,2/17,3/16,2/14,1/12,1/10
20211019,2/18,0/1,0/5,2/9,0/5,0/2,0/1,4/26,1/8,3/15,1/13,1/13,1/13,1/10
20211017,6/33,3/15,5/22,4/28,5/28,3/18,1/5,5/24,3/11,4/14,3/15,4/16,2/12,1/7
20211014,6/33,0/2,2/12,5/27,4/28,3/20,3/13,6/24,2/8,3/9,4/12,2/14,3/17,4/14
20211012,6/33,1/5,1/12,4/27,5/28,4/21,2/11,5/26,1/8,1/9,1/11,4/14,3/18,3/13
20211010,6/33,3/10,4/20,5/28,5/27,4/21,0/5,4/28,2/11,3/13,2/18,3/19,1/17,1/13
20211007,6/33,3/9,5/23,6/28,5/26,1/8,0/3,4/25,1/12,4/18,2/15,1/10,1/8,1/6
20211005,6/33,3/15,4/21,5/24,3/17,2/7,0/2,5/29,2/18,3/19,4/18,3/16,3/13,3/9
20210930,6/33,2/16,3/21,5/26,3/17,1/7,1/3,6/31,3/21,4/21,2/18,2/16,2/14,3/12
20210928,6/33,0/15,4/23,6/28,6/28,3/11,0/3,6/26,3/17,5/18,5/16,4/13,3/9,1/6
20210926,6/33,1/12,3/22,4/28,5/28,3/15,2/5,5/26,1/12,2/16,2/17,1/13,2/9,2/7
20210923,6/33,3/16,5/20,5/27,3/21,1/6,0/2,6/28,4/17,5/19,4/20,3/17,3/15,2/11
20210921,6/33,2/14,3/21,5/28,5/28,5/18,1/5,4/27,1/13,2/18,3/21,2/19,3/15,2/12
20210919,6/33,2/12,4/22,5/28,4/27,2/13,0/3,4/26,2/15,3/19,3/20,3/15,3/11,2/8
20210916,6/33,4/17,3/21,2/25,3/19,2/9,2/4,5/26,3/15,2/18,1/15,2/13,2/8,2/6
20210914,6/33,3/16,4/21,5/28,5/26,3/14,2/5,6/28,3/18,4/20,4/17,4/14,3/10,3/9
20210912,6/33,2/16,4/21,5/28,5/27,2/11,0/4,5/26,4/17,4/20,4/18,3/15,2/11,1/7
20210909,6/33,1/8,3/20,6/28,6/24,2/13,0/2,5/26,1/11,3/15,4/15,3/14,3/15,1/9
20210907,6/33,2/12,3/21,5/27,4/24,1/9,1/4,2/24,0/15,1/19,2/15,2/12,1/8,1/7
20210905,6/33,3/13,4/22,4/28,4/27,3/13,1/3,4/25,3/14,3/16,2/15,3/13,2/8,2/7
20210902,6/33,3/12,5/21,6/28,6/28,4/21,1/13,3/26,3/14,3/18,3/18,2/16,1/16,1/15
20210831,6/33,0/6,5/22,6/26,6/28,4/19,1/7,5/26,1/10,3/15,4/17,4/16,3/13,1/9
20210829,6/33,1/5,3/19,3/23,2/23,1/7,0/1,4/27,2/9,2/14,2/12,1/14,1/11,1/9
20210826,6/33,1/4,4/22,6/28,5/28,2/17,2/12,4/24,1/7,1/8,1/13,2/13,2/12,2/8
20210824,6/33,4/14,4/23,5/28,4/26,1/13,0/3,5/30,5/19,4/23,3/20,3/20,3/13,1/10
20210822,6/33,1/10,3/22,6/28,6/27,3/15,0/3,4/26,1/14,2/18,4/18,4/15,2/11,2/10
20210819,6/33,2/13,4/24,5/28,5/28,3/18,2/8,5/25,2/11,3/15,4/20,4/18,3/11,3/9
20210817,6/33,2/12,4/22,5/28,5/27,3/20,1/5,5/27,3/13,4/17,3/20,3/19,3/15,1/10
20210815,6/33,3/9,5/23,4/28,5/28,2/22,1/9,6/30,4/13,5/17,4/22,5/22,4/20,2/16
20210812,6/33,2/12,3/17,5/26,4/26,2/15,1/4,4/25,1/9,1/13,3/15,2/17,2/14,3/10
20210810,6/33,3/11,4/21,6/28,5/26,4/21,2/9,5/27,2/12,3/15,4/16,5/19,4/17,3/12
20210808,6/33,3/14,4/21,4/26,3/23,2/12,0/2,5/27,3/15,4/20,3/20,3/18,2/14,1/10
20210805,6/33,3/14,5/19,5/22,5/19,0/3,0/1,4/26,4/15,4/12,4/15,3/15,1/10,1/8
20210803,6/33,2/14,4/19,5/25,4/18,0/4,0/2,5/25,4/14,4/15,3/14,2/10,1/7,0/6
20210801,6/33,3/10,3/17,6/28,6/27,0/11,0/2,6/29,3/11,3/12,4/15,1/16,0/16,1/12
20210729,6/33,5/10,6/20,6/28,5/26,2/20,0/4,6/26,5/10,5/14,5/18,4/17,1/13,0/10
20210727,6/33,3/10,4/21,6/27,4/20,1/7,0/2,3/25,3/8,3/13,2/13,1/12,1/8,0/5
20210725,6/33,1/5,3/22,5/27,3/21,2/14,2/5,4/24,1/9,1/15,3/16,1/14,1/10,2/9
20210722,6/33,4/18,4/24,5/28,3/22,2/15,2/9,4/26,3/16,3/18,3/18,1/15,2/12,2/10
20210720,6/33,3/9,5/24,5/28,4/27,2/16,1/9,4/28,4/16,3/18,2/19,1/19,1/15,1/13
20210718,6/33,2/16,4/22,6/28,4/18,4/11,3/10,6/30,3/17,3/17,4/16,4/13,3/9,2/9
20210715,6/33,3/14,2/22,5/28,4/22,3/10,0/3,6/28,2/17,0/18,4/18,3/11,3/9,3/7
20210713,6/33,3/17,3/22,5/28,4/17,3/8,1/4,6/27,4/19,5/16,2/12,3/10,3/9,3/7
20210711,6/33,2/16,3/22,5/26,5/20,2/6,0/3,6/24,3/15,5/18,5/14,5/12,3/8,2/6
20210708,6/33,2/12,4/22,4/25,4/25,4/16,1/3,3/24,1/12,1/14,1/16,2/14,3/10,2/8
20210706,6/33,1/13,5/23,6/28,6/27,4/14,1/7,5/28,5/19,5/20,5/19,5/16,4/14,1/10
20210704,6/33,3/10,4/23,6/28,6/28,2/18,1/8,6/27,3/17,4/19,3/18,3/16,2/11,2/9
20210701,6/33,2/12,4/23,5/28,5/28,4/22,2/10,6/26,4/14,4/18,4/19,5/20,4/17,4/13
20210629,6/33,4/16,5/21,5/28,5/28,4/20,1/13,5/26,4/15,3/19,4/21,4/18,4/16,1/11
20210627,6/33,2/13,2/23,2/28,3/27,2/14,3/5,6/26,2/11,1/16,1/19,1/15,2/13,3/11
20210624,6/33,2/4,4/21,4/26,5/26,1/13,0/2,5/26,4/12,3/15,3/13,2/15,2/13,1/9
20210622,6/33,2/16,5/23,6/28,6/28,4/18,1/11,6/30,5/18,6/23,6/24,5/20,3/14,2/12
20210620,6/33,2/16,3/22,4/28,5/28,4/18,3/12,4/25,1/12,2/17,2/18,3/15,3/13,3/11
20210617,6/33,2/11,3/23,4/26,5/28,4/18,1/5,5/25,3/13,2/14,4/18,4/16,2/14,2/10
20210615,6/33,1/4,3/22,3/27,4/28,3/20,3/9,5/28,2/13,2/17,1/18,1/20,2/18,3/15
20210613,6/33,1/5,3/20,4/28,4/28,2/20,1/9,4/29,2/11,2/15,2/19,2/23,1/18,1/13
20210610,6/33,3/13,6/23,6/28,4/26,3/19,0/4,5/26,4/16,5/19,5/21,4/18,2/14,0/11
20210608,6/33,4/16,5/22,6/28,2/21,2/12,0/8,5/30,5/23,4/22,1/18,1/17,1/14,1/12
20210606,6/33,3/16,5/21,6/27,6/22,3/14,1/7,6/29,5/17,6/18,6/18,6/17,3/15,2/10
20210603,6/33,3/17,5/21,6/27,4/21,1/11,0/4,4/27,3/19,4/20,4/17,4/15,2/13,1/8
20210601,6/33,2/15,4/21,5/25,6/26,2/8,2/5,6/27,4/20,5/20,6/16,4/13,2/8,2/7
20210530,6/33,3/15,3/20,3/27,3/25,2/5,2/3,6/28,4/15,3/17,2/20,1/17,2/14,3/9
20210527,6/33,3/15,5/22,6/28,6/27,5/22,0/8,3/24,3/12,3/18,3/18,2/15,2/15,0/12
20210525,6/33,3/15,4/21,5/28,2/24,0/7,1/3,5/29,4/17,4/19,3/23,2/18,1/12,2/9
20210523,6/33,1/13,2/20,5/27,4/24,5/20,1/3,3/22,0/10,2/13,2/16,1/12,2/8,2/7
20210520,6/33,3/12,5/20,6/28,5/22,4/21,2/14,4/29,4/15,4/14,4/17,4/18,3/17,2/11
20210518,6/33,2/13,2/17,5/28,6/27,5/22,4/17,6/27,2/14,4/15,5/16,6/18,4/16,4/14
20210516,6/33,1/8,3/13,4/19,5/26,3/22,1/4,4/25,2/10,2/10,2/12,2/14,2/16,2/13
20210513,6/33,3/16,5/21,6/28,4/27,3/21,1/12,4/27,2/14,3/16,3/18,2/17,2/13,2/10
20210511,6/33,3/13,4/22,6/28,4/24,3/22,1/6,3/26,1/11,1/14,1/15,3/18,2/16,1/12
20210509,6/33,4/15,4/22,5/28,5/28,3/21,2/14,5/30,3/13,3/18,3/22,4/22,3/20,3/16
20210506,6/33,3/14,4/22,5/28,4/24,2/8,1/3,4/27,3/17,3/22,3/17,1/11,1/9,1/6
20210504,6/33,1/14,4/23,5/28,5/28,4/17,1/4,4/25,2/17,3/20,3/17,2/12,2/7,2/5
20210502,6/33,2/12,4/22,6/28,4/24,0/8,0/2,3/23,3/11,3/14,2/15,0/11,0/9,0/6
20210429,6/33,2/11,4/20,5/28,5/28,3/21,3/15,6/29,1/9,2/14,3/20,2/17,3/17,3/14
20210427,6/33,2/13,4/22,4/28,4/27,2/13,1/3,4/24,2/13,1/17,2/18,1/15,2/11,2/9
20210425,6/33,2/11,4/22,6/28,5/24,2/7,0/3,5/24,4/13,5/16,4/15,2/12,1/9,1/7
20210422,6/33,2/12,5/21,4/24,4/21,0/9,0/2,4/26,3/14,3/18,3/18,1/15,0/12,0/7
20210420,6/33,3/15,4/21,6/25,5/25,2/10,0/3,4/23,1/10,1/12,3/13,3/9,3/10,1/7
20210418,6/33,1/9,3/19,4/28,4/27,4/21,3/13,5/29,1/11,1/15,3/20,3/20,4/19,3/16
20210415,6/33,3/17,2/18,0/16,2/13,3/12,2/9,3/25,2/14,1/14,1/14,1/12,1/11,1/10
20210413,6/32,2/13,2/18,3/13,4/15,1/8,0/3,4/25,2/15,1/14,0/11,1/12,2/10,1/9
20210411,6/31,4/15,3/10,2/11,3/13,0/3,0/1,5/23,4/12,2/11,3/10,3/10,1/6,0/5
20210408,3/22,0/7,1/6,2/12,1/8,1/6,0/1,4/24,1/10,2/10,2/12,3/12,1/9,1/7
20210406,6/29,4/14,2/15,2/13,1/6,0/4,0/3,6/26,5/16,4/16,1/14,1/11,1/9,1/6
20210404,3/22,0/6,1/8,1/4,1/10,2/12,0/3,3/23,0/10,1/13,3/14,3/12,2/10,1/8
20210401,6/33,3/14,4/20,5/26,5/22,1/14,0/3,5/26,2/14,4/16,5/17,4/15,3/15,1/9
20210330,6/33,3/13,4/22,3/28,4/26,3/20,2/4,5/21,2/12,3/16,2/14,2/11,1/8,2/6
20210328,6/33,4/15,4/20,4/27,3/20,1/4,0/3,5/23,3/12,3/15,1/11,1/7,1/3,0/3
20210325,6/33,2/13,3/21,5/28,5/22,1/4,0/2,6/27,3/14,3/16,5/19,4/16,3/10,3/8
20210323,6/33,3/17,3/22,5/27,6/23,2/7,1/3,5/27,3/17,3/18,4/19,2/15,2/10,2/8
20210321,6/33,3/16,5/22,6/28,6/24,2/12,1/6,6/25,5/18,5/15,5/14,3/12,2/10,1/8
20210318,6/33,0/4,3/22,4/27,5/26,4/18,2/4,6/26,2/12,2/14,4/16,5/16,5/15,3/11
20210316,6/33,4/16,5/22,6/28,6/28,3/21,2/15,4/25,2/13,2/14,3/16,3/18,3/15,1/12
20210314,6/33,3/16,5/21,6/27,4/26,1/12,0/2,6/31,3/17,5/20,4/18,4/19,2/14,1/11
20210311,6/33,4/15,5/23,6/27,6/28,4/19,1/13,5/27,4/14,4/19,4/20,3/18,3/15,0/10
20210309,6/33,6/19,5/24,5/27,3/23,0/17,0/11,5/24,5/19,4/18,2/15,0/12,0/10,0/9
20210307,6/33,1/12,4/22,5/27,5/18,1/6,0/2,6/27,2/16,3/16,5/14,4/11,4/10,1/6
20210304,6/33,1/15,3/22,4/28,5/25,3/6,2/3,4/26,1/15,2/18,2/16,2/13,3/11,3/9
20210302,6/33,2/13,3/21,3/15,1/9,1/5,2/2,6/30,3/18,3/16,1/13,1/12,1/10,2/8
20210228,6/33,6/18,5/23,5/27,1/21,0/12,0/8,4/28,4/19,3/22,1/18,0/12,0/10,0/8
20210225,6/33,3/18,4/23,6/28,6/28,3/14,2/10,5/26,3/17,5/19,5/17,4/14,1/11,0/9
20210223,6/33,2/13,4/23,4/27,4/28,2/6,1/4,5/25,4/18,4/17,3/17,2/11,2/8,1/6
20210221,6/33,1/13,3/23,4/28,4/27,4/20,2/3,4/27,2/13,2/16,2/18,1/14,1/12,2/7
20210207,6/33,5/16,6/22,6/27,5/26,2/18,0/7,4/24,4/14,4/17,4/19,1/14,1/11,0/9
20210204,6/33,3/16,3/21,6/28,6/27,2/12,0/3,4/28,3/17,3/18,4/17,2/13,2/11,0/8
20210202,6/33,1/12,3/22,5/28,4/26,2/9,1/3,4/23,0/10,1/14,3/15,2/12,1/8,1/5
20210131,6/33,3/12,4/24,5/27,6/27,3/16,2/5,5/24,3/15,4/15,4/17,3/13,2/9,2/6
20210128,6/33,3/16,5/24,6/28,5/27,2/14,1/7,5/27,3/16,5/20,4/18,3/16,2/12,1/10
20210126,6/33,2/12,4/24,5/28,5/27,3/19,3/13,5/26,3/16,4/19,4/21,4/19,2/16,2/12
20210124,6/33,3/14,3/22,3/28,2/27,2/19,2/12,5/24,3/15,2/17,2/19,1/14,1/11,2/10
20210121,6/33,3/11,3/21,4/28,3/27,3/18,1/6,4/28,2/11,2/16,1/21,2/19,2/14,1/9
20210119,6/33,4/17,4/23,4/28,4/27,1/18,1/12,5/25,4/14,3/18,3/20,3/16,2/13,2/11
20210117,6/33,3/15,4/23,4/28,4/28,3/18,3/13,5/27,3/18,4/20,3/21,3/20,4/16,4/14
20210114,6/33,2/12,4/23,6/28,6/28,4/16,0/5,6/25,2/11,4/15,5/19,4/16,2/12,1/8
20210112,6/33,2/13,3/22,5/28,6/28,4/21,3/11,6/29,2/12,3/20,4/23,6/23,6/21,4/17
20210110,6/33,4/13,6/21,5/28,4/27,2/19,0/8,5/26,4/10,5/15,4/18,3/18,2/14,1/8
20210107,6/33,2/11,5/22,6/28,4/24,1/8,0/2,5/27,0/10,3/15,3/15,2/13,2/9,1/7
20210105,6/33,0/4,3/18,5/26,5/27,4/20,3/13,4/24,1/9,1/9,1/12,3/15,3/15,2/11
20210103,6/33,2/3,3/15,4/24,4/28,4/20,2/14,6/26,3/8,4/11,4/13,3/16,4/18,4/15
20201231,6/33,1/7,5/22,4/24,5/26,3/18,0/4,4/25,1/13,4/16,3/18,2/15,2/14,1/11
20201229,6/33,1/7,1/14,5/27,5/26,5/18,0/3,4/24,1/10,2/13,3/16,2/16,2/10,2/7
20201227,6/33,4/14,5/23,5/28,4/27,2/20,1/12,3/27,3/17,2/17,2/19,2/18,2/16,1/13
20201224,6/33,1/14,3/21,6/28,6/28,5/21,5/15,5/24,1/10,1/12,3/17,5/18,5/18,4/15
20201222,6/33,3/13,5/21,6/28,6/28,4/22,0/6,5/29,4/14,5/18,5/22,5/20,3/16,1/13
20201220,6/33,3/13,3/20,3/28,2/26,1/13,1/3,5/24,3/13,3/16,1/17,1/16,1/11,1/5
20201217,6/33,2/9,4/21,6/28,6/26,4/22,1/9,6/26,3/12,5/17,6/19,6/18,3/14,2/11
20201215,6/33,2/9,3/21,3/26,4/26,2/10,2/5,4/22,2/11,2/14,2/14,3/13,2/11,2/9
20201213,6/33,3/14,5/23,6/28,5/25,1/8,0/3,5/26,3/16,2/16,3/15,2/14,2/11,2/9
