Date,C1,C2,C3,C4,C5,C6,C7,C8,C9,C10,C11,C12,C13,C14,C15,C16,C17,C18,C19,C20
20160512,7,8,5,5,6,8,8,9,10,8,6,8,7,9,6,8,6,6,7,7
20160515,6,8,7,7,6,8,8,9,6,6,8,5,6,8,5,9,6,7,5,7
20160517,8,8,6,9,9,9,6,8,8,7,8,9,8,7,8,9,8,8,9,7
20160519,8,7,2,8,9,6,9,9,8,8,10,6,8,7,10,6,5,7,6,9
20160522,6,6,10,8,7,5,7,7,9,9,10,10,9,6,9,6,8,9,10,9
20160524,7,7,7,8,10,10,7,7,9,10,7,9,10,9,6,8,9,8,10,10
20160526,8,10,9,8,9,10,8,7,9,8,9,9,9,9,10,8,8,8,10,8
20160529,7,10,10,6,7,7,7,6,7,6,9,6,5,8,7,6,8,5,9,7
20160531,10,9,8,8,10,7,8,10,10,8,6,8,7,8,8,9,7,9,8,7
20160602,5,8,9,9,6,8,8,7,8,9,9,9,6,6,9,8,7,8,6,5
20160605,9,8,4,8,6,8,6,8,6,10,7,9,8,9,6,7,7,10,8,8
20160607,4,7,5,3,6,8,4,8,6,7,8,7,8,6,5,7,9,7,8,10
20160609,8,9,9,7,5,6,5,9,9,5,8,8,5,6,6,5,8,4,5,6
20160612,6,7,8,7,7,8,8,8,9,7,9,8,8,8,9,7,8,8,6,8
20160614,8,6,6,4,5,9,6,8,4,7,8,8,8,2,6,9,6,6,8,7
20160616,4,5,7,8,5,8,4,4,5,7,8,8,5,4,6,6,7,8,5,8
20160619,6,5,10,7,6,8,9,7,9,8,8,8,6,8,7,9,8,9,8,8
20160621,8,8,8,7,8,10,7,9,8,7,8,9,6,9,6,7,8,9,8,9
20160623,5,6,10,8,7,8,7,5,9,8,9,9,8,10,9,8,8,6,9,8
20160626,9,8,4,9,8,9,10,9,7,5,7,5,7,9,8,8,5,9,7,8
20160628,10,7,9,9,6,8,7,9,6,8,10,9,7,8,7,6,9,10,8,9
20160630,6,5,6,7,8,8,4,5,6,7,8,5,8,7,7,9,7,7,6,8
20160703,8,5,4,7,6,5,5,5,5,6,6,6,5,6,7,6,3,6,5,5
20160705,8,8,8,8,7,7,8,6,8,10,6,8,9,6,10,8,9,7,8,8
20160707,8,7,9,7,8,8,9,10,9,7,6,8,8,8,7,9,7,8,7,10
20160710,9,7,8,4,4,7,6,5,7,4,7,8,6,8,8,8,10,6,5,7
20160712,9,8,4,9,8,9,5,9,10,6,7,10,10,8,7,9,9,9,7,7
20160714,7,8,8,7,6,8,8,4,7,7,4,6,7,7,9,8,6,8,5,8
20160717,4,5,9,5,8,8,7,6,5,6,9,5,8,6,7,6,10,7,6,6
20160719,9,9,10,7,7,6,7,8,6,8,10,9,8,6,5,8,8,7,6,5
20160721,10,9,7,8,8,8,9,2,7,6,9,8,7,8,8,10,8,9,9,6
20160724,10,9,8,6,8,6,8,8,8,5,9,6,6,5,9,7,7,8,9,6
20160726,8,10,8,9,9,10,9,7,10,8,9,9,10,10,8,9,10,9,10,10
20160728,8,10,9,8,7,9,7,8,7,10,6,9,8,9,6,8,8,10,9,10
20160731,8,7,9,7,6,8,9,9,6,7,6,6,9,9,5,9,7,8,6,7
20160802,8,8,4,3,5,8,6,4,7,7,7,3,4,6,3,6,8,7,6,4
20160804,7,8,5,6,6,5,7,7,8,7,8,8,8,8,7,7,10,7,7,7
20160807,7,9,7,9,7,9,8,9,6,7,7,7,8,8,10,8,4,8,7,6
20160809,10,7,8,6,8,8,6,8,8,5,10,9,10,7,9,9,8,8,7,6
20160811,10,7,9,6,10,9,9,7,7,7,10,9,8,9,10,7,9,8,8,10
20160814,9,5,8,7,6,6,7,7,6,7,8,7,6,7,8,9,8,8,7,7
20160816,7,8,8,6,7,5,8,8,7,6,8,6,6,9,8,5,4,8,8,5
20160818,8,9,10,8,9,7,7,8,7,9,8,7,8,7,6,8,8,9,8,8
20160821,8,9,9,8,8,9,9,10,5,10,9,9,4,6,10,9,8,9,8,7
20160823,6,6,7,5,7,8,4,8,8,5,6,8,8,5,6,6,10,6,9,3
20160825,5,5,6,7,7,7,6,7,4,7,6,7,9,5,7,8,4,3,4,5
20160828,7,8,8,6,6,9,9,3,9,4,6,8,8,6,7,9,9,7,6,8
20160830,7,10,6,8,8,3,7,5,7,6,3,7,5,8,6,3,4,7,4,4
20160901,8,8,9,9,10,9,3,8,9,9,10,6,9,9,9,9,8,7,7,9
20160904,7,10,9,8,6,4,7,10,8,10,7,8,8,7,9,8,6,4,7,7
20160906,7,8,5,7,7,9,7,8,9,8,6,4,6,9,6,10,7,7,7,6
20160908,6,7,8,6,7,9,5,6,8,5,8,7,6,8,9,7,8,7,9,6
20160911,7,8,8,8,9,10,7,8,9,7,5,8,8,10,8,8,9,9,8,7
20160913,5,4,5,4,4,5,3,3,4,9,6,8,6,8,4,6,3,6,6,6
20160915,8,6,8,8,9,7,8,9,8,8,9,6,7,9,6,8,8,5,6,7
20160918,7,6,9,5,8,8,7,6,9,6,5,9,5,8,4,8,8,7,8,4
20160920,4,7,8,5,7,7,6,4,8,7,9,4,5,7,7,5,2,5,6,9
20160922,9,10,10,6,6,8,9,9,8,8,8,3,6,10,6,8,8,5,10,9
20160925,7,9,9,8,7,7,9,5,9,10,10,7,9,7,10,8,10,9,10,10
20160927,6,3,7,4,7,6,6,7,6,6,5,6,6,7,5,6,6,5,6,5
20160929,8,9,9,8,8,9,9,6,7,9,10,10,8,7,8,7,7,8,8,7
20161002,7,7,7,8,8,7,8,7,8,9,5,9,5,8,7,7,5,5,8,5
20161004,6,7,5,7,5,4,4,9,6,7,7,7,6,5,5,6,5,3,7,7
20161006,5,5,8,8,6,9,8,10,7,8,5,9,4,8,7,7,5,7,8,6
20161009,5,8,9,7,8,6,4,8,7,4,9,8,8,8,8,7,7,6,6,8
20161011,8,8,8,5,7,7,5,7,7,8,5,7,9,4,5,5,6,4,5,4
20161013,9,8,7,7,8,7,8,7,9,8,10,9,9,9,5,10,8,7,8,8
20161016,9,7,8,8,7,10,7,8,8,9,9,8,7,5,6,6,8,6,6,6
20161018,8,5,8,9,7,10,9,9,9,7,7,8,9,7,7,6,7,7,7,9
20161020,9,7,7,9,8,7,7,10,9,7,9,9,9,9,10,10,8,8,8,8
20161023,8,7,5,9,6,7,8,6,4,9,6,9,8,7,8,7,8,7,5,5
20161025,5,8,6,9,3,6,5,6,3,7,7,5,8,5,6,8,6,5,7,5
20161027,7,9,7,6,8,9,7,8,7,8,9,7,9,8,10,10,10,8,4,10
20161030,8,8,8,7,7,8,8,10,10,9,8,7,8,8,8,8,9,6,9,9
20161101,10,8,9,5,9,9,7,7,8,9,6,10,6,7,8,9,8,8,9,6
20161103,9,8,6,8,6,6,6,6,4,6,4,5,5,5,8,6,5,6,6,5
20161106,10,8,8,7,7,9,6,7,9,5,7,7,8,7,10,9,8,5,9,6
20161108,9,8,10,9,6,8,6,7,9,8,7,10,8,10,6,9,7,8,7,8
20161110,8,7,6,8,7,9,8,7,5,9,6,9,9,5,9,9,8,9,9,7
20161113,2,3,5,4,5,3,6,4,4,6,7,6,4,5,4,3,4,6,5,3
20161115,10,8,7,9,10,9,8,8,9,7,8,10,7,9,10,9,8,10,9,10
20161117,8,6,4,7,7,4,7,8,7,5,7,8,7,8,6,8,5,4,8,9
20161120,8,9,8,7,9,7,7,6,4,10,10,7,8,10,9,9,5,7,10,8
20161122,7,7,8,7,6,8,7,6,9,8,7,6,5,7,6,7,6,6,3,2
20161124,7,9,8,6,10,7,6,9,8,8,7,7,6,7,5,6,7,7,6,6
20161127,7,8,8,7,9,8,8,8,8,8,7,9,10,7,9,6,7,8,10,6
20161129,7,9,6,6,7,8,3,5,8,7,4,4,6,6,6,7,8,4,6,7
20161201,8,9,9,9,10,8,6,8,6,10,8,7,6,10,9,7,9,7,8,9
20161204,7,8,8,6,6,5,8,6,7,5,6,6,4,5,6,7,6,5,3,6
20161206,10,7,8,8,9,8,6,9,3,9,8,7,5,7,8,9,8,8,8,5
20161208,8,5,7,5,9,7,8,7,9,5,7,8,8,7,8,9,7,7,8,7
20161211,5,8,9,9,8,5,7,6,7,5,4,9,8,5,7,3,6,6,4,6
20161213,7,8,4,6,9,6,7,7,7,9,4,7,7,8,6,7,7,6,6,8
20161215,8,8,8,8,8,4,7,8,5,8,5,8,5,8,7,6,7,5,7,9
20161218,7,7,6,5,6,5,4,3,6,5,7,4,4,5,7,7,6,5,7,6
20161220,5,6,4,4,6,3,5,3,3,6,7,5,7,6,6,6,5,2,7,5
20161222,9,9,9,8,9,10,9,10,8,8,9,10,6,8,8,8,8,9,8,8
20161225,3,6,6,8,6,5,7,4,4,7,6,3,5,4,4,8,4,5,3,2
20161227,7,8,8,9,7,9,7,8,9,9,8,10,10,9,8,9,8,8,8,9
20161229,9,9,7,5,7,6,5,8,6,9,8,9,9,9,7,9,8,10,7,7
20170101,6,10,5,8,9,8,8,9,10,8,7,9,7,9,8,7,7,8,10,6
20170103,10,9,5,4,8,6,9,10,7,7,7,9,8,8,7,8,5,8,8,6
20170105,8,8,6,7,9,7,6,8,6,6,8,7,6,6,8,7,7,9,8,9
20170108,7,6,6,5,7,6,6,6,6,4,4,5,7,5,7,7,5,6,6,8
20170110,7,6,4,5,7,5,7,5,5,2,6,4,3,6,6,3,3,7,4,6
20170112,9,7,7,9,4,7,7,10,9,6,8,9,8,6,6,9,10,8,7,7
20170115,7,9,6,9,9,6,7,7,7,6,10,9,10,8,8,9,7,7,9,7
20170117,10,10,8,10,9,10,9,9,9,7,8,10,7,9,9,7,10,8,9,9
20170119,7,8,10,10,9,6,6,9,6,7,5,8,7,8,6,7,6,2,7,9
20170122,5,8,7,8,9,9,9,7,10,8,8,10,9,10,6,6,9,9,8,7
20170124,8,7,10,10,8,8,7,7,9,6,9,9,10,7,9,10,7,9,7,7
20170126,10,7,7,9,7,8,10,9,10,10,9,10,10,8,9,7,9,7,8,10
20170205,7,6,8,8,9,9,7,8,9,9,8,7,7,8,6,10,9,9,8,9
20170207,5,8,8,8,8,9,5,8,8,8,8,6,5,5,6,7,7,3,8,7
20170209,8,10,8,8,9,6,9,7,8,7,7,7,8,10,8,10,7,7,10,10
20170212,8,10,10,8,10,8,9,10,9,7,8,7,9,9,5,8,6,9,6,5
20170214,5,8,8,7,6,7,8,7,7,8,9,8,8,7,7,8,7,7,8,9
20170216,5,5,3,5,7,7,8,8,8,7,7,4,4,6,7,9,7,5,7,7
20170219,10,10,8,8,9,8,8,8,8,6,8,8,9,9,7,9,8,9,8,5
20170221,6,9,5,8,7,6,7,9,6,7,7,9,7,7,9,7,6,5,5,4
20170223,6,5,5,7,1,3,6,3,8,7,6,5,4,4,3,6,3,4,6,2
20170226,7,8,5,5,8,6,3,5,5,8,6,7,6,6,6,3,3,4,5,7
20170228,9,9,8,8,7,8,5,7,8,6,5,6,6,7,5,9,7,8,8,9
20170302,5,10,10,6,9,10,9,8,10,10,9,8,8,6,9,10,10,9,7,8
20170305,6,7,7,6,7,6,8,8,5,4,8,6,8,6,7,7,5,6,6,8
20170307,7,8,9,6,8,7,9,6,8,8,7,5,7,7,7,7,8,7,4,8
20170309,10,7,8,8,7,9,7,7,8,5,8,9,7,9,8,9,9,10,6,8
20170312,6,8,8,4,4,8,6,8,7,6,8,8,6,7,7,7,6,7,5,7
20170314,6,6,6,3,7,8,6,4,7,7,4,9,7,7,7,7,8,7,8,9
20170316,7,7,7,7,6,10,7,7,6,8,8,6,6,7,7,7,6,9,4,8
20170319,9,5,5,6,8,9,8,9,9,9,7,9,10,7,8,9,9,8,10,8
20170321,8,7,6,6,7,7,9,8,8,8,8,7,9,8,6,7,8,6,8,9
20170323,7,9,9,8,10,8,6,9,6,8,5,7,9,9,10,7,8,4,9,3
20170326,8,5,7,5,6,7,4,7,8,8,7,5,8,7,5,8,7,6,3,6
20170328,3,6,9,5,7,8,7,10,6,7,6,4,7,6,6,8,9,9,7,9
20170330,6,8,3,6,5,7,5,7,8,5,7,4,6,6,8,5,8,6,5,6
20170402,6,6,7,7,9,6,6,8,5,7,4,6,6,8,6,9,5,7,5,9
20170404,6,8,7,5,7,9,7,10,8,6,10,8,10,8,5,6,10,9,8,8
20170406,8,10,9,8,8,8,8,10,10,9,9,10,9,7,8,9,8,9,8,8
20170409,5,7,5,8,7,9,4,7,7,7,10,5,8,6,10,6,7,8,9,6
20170411,7,10,8,5,9,9,10,7,9,5,9,9,8,10,9,8,8,10,7,9
20170413,4,7,8,5,7,7,8,9,7,7,6,6,10,7,7,6,6,8,7,7
20170416,8,4,7,6,7,6,6,7,6,8,8,6,6,6,6,9,4,4,8,8
20170418,8,6,7,9,7,7,8,7,9,6,5,8,9,7,8,9,9,7,8,6
20170420,5,6,6,8,7,5,8,8,7,6,7,8,5,6,7,5,6,4,4,7
20170423,6,6,8,3,6,7,4,7,7,7,7,5,7,6,9,10,6,6,6,8
20170425,8,6,8,5,6,9,6,9,7,7,9,7,7,8,6,9,7,10,8,5
20170427,9,8,5,8,9,7,6,10,10,6,9,7,9,10,7,6,8,8,10,9
20170430,8,9,7,8,7,6,8,7,5,8,5,8,9,8,7,5,6,7,9,8
20170502,10,8,8,8,9,9,6,7,9,5,9,7,10,9,6,6,10,9,9,7
20170504,6,8,7,9,9,10,10,10,7,10,9,8,10,7,8,9,9,8,8,9
20170507,8,8,7,5,8,9,9,6,6,8,8,9,7,8,6,10,10,7,8,9
20170509,10,10,10,8,8,9,7,8,8,9,9,7,8,4,10,8,9,10,8,10
20170511,5,7,7,7,6,5,5,6,9,8,4,6,6,4,7,5,5,7,5,8
20170514,8,10,7,6,8,9,8,10,9,8,7,8,7,7,7,4,9,9,8,6
20170516,9,6,6,7,9,7,9,8,9,8,8,8,5,7,9,8,5,6,7,6
20170518,5,5,6,8,7,6,7,5,8,6,7,7,7,4,7,6,6,7,6,6
20170521,9,9,6,7,7,7,5,7,7,9,7,7,8,7,7,6,8,8,7,8
20170523,7,8,6,6,10,8,5,6,6,6,7,9,8,8,9,9,6,7,9,7
20170525,6,9,6,5,7,7,9,9,7,5,5,9,10,7,8,7,9,8,5,7
20170528,7,8,4,8,6,7,8,6,8,8,8,5,9,7,5,9,8,6,9,9
20170530,5,8,5,6,7,6,5,7,8,9,2,8,4,8,8,7,8,5,7,6
20170601,6,5,5,7,6,7,5,4,5,6,6,6,6,4,7,7,9,3,6,5
20170604,7,9,7,6,6,8,7,9,8,7,8,7,8,9,7,6,6,9,8,9
20170606,9,6,4,7,8,6,8,8,9,7,9,8,9,7,9,6,9,8,9,6
20170608,8,5,5,9,5,6,9,9,7,9,7,7,10,6,8,7,9,8,8,5
20170611,10,8,10,7,10,10,7,10,9,8,10,9,9,7,6,8,9,7,6,9
20170613,9,8,7,5,8,7,8,8,6,7,8,5,5,7,6,7,8,6,6,7
20170615,7,8,8,6,10,9,7,8,7,7,8,7,7,7,7,8,8,6,8,8
20170618,3,7,7,5,7,9,6,8,6,7,8,8,6,5,8,7,8,8,6,7
20170620,7,8,4,9,6,6,7,8,6,4,9,6,2,7,5,8,6,5,8,5
20170622,7,8,7,6,7,8,8,7,9,7,9,8,8,8,8,5,9,9,7,7
20170625,9,3,8,6,7,3,9,5,5,6,5,5,8,7,4,8,8,6,6,8
20170627,2,7,6,5,5,2,5,6,4,5,2,6,3,6,4,3,5,4,6,5
20170629,7,7,5,7,4,8,5,7,5,9,7,7,3,6,9,5,6,6,8,8
20170702,8,6,7,9,8,8,8,9,10,10,9,10,9,8,8,10,9,8,8,9
20170704,6,8,7,4,8,4,3,7,6,6,8,7,6,7,5,7,9,8,5,7
20170706,8,8,7,8,6,7,10,9,9,10,8,7,10,7,9,6,7,8,9,9
20170709,6,6,6,8,7,7,7,9,8,9,9,6,7,6,7,7,7,6,9,4
20170711,8,7,6,8,8,7,8,7,7,10,9,9,5,5,10,5,10,5,7,8
20170713,6,9,10,10,8,10,10,6,9,8,8,6,8,5,8,9,10,9,7,6
20170716,8,8,4,7,9,9,7,3,6,5,10,8,7,8,8,8,7,7,7,7
20170718,8,7,9,9,7,6,8,8,4,8,9,9,7,9,9,8,10,8,7,8
20170720,8,9,8,5,6,6,8,8,7,4,9,7,8,9,9,6,8,10,8,4
20170723,6,8,6,8,8,7,8,7,8,5,8,8,7,9,5,8,8,8,7,9
20170725,6,8,5,8,8,7,9,7,8,7,2,8,10,8,8,8,6,6,8,7
20170727,8,5,6,4,5,4,5,6,6,8,8,8,5,6,6,7,7,5,7,6
20170730,9,8,8,9,10,9,9,9,9,6,9,8,8,8,9,10,7,8,9,8
20170801,6,7,6,8,6,7,7,7,5,7,6,6,8,6,6,6,8,6,6,9
20170803,4,5,6,6,6,6,7,7,5,4,6,5,5,5,5,4,6,4,5,3
20170806,10,10,8,9,10,10,5,10,8,8,9,10,9,7,10,8,7,8,9,7
20170808,9,10,7,8,9,8,8,9,7,8,7,6,5,8,7,6,8,10,9,9
20170810,7,8,7,5,9,9,9,10,9,6,8,10,8,7,8,6,8,9,9,8
20170813,8,8,7,8,5,9,8,9,7,8,7,8,7,5,6,7,10,7,9,7
20170815,10,7,10,6,8,6,8,7,10,8,9,10,9,7,7,10,7,10,8,9
20170817,6,7,5,8,8,7,8,10,5,6,8,5,7,8,6,3,9,8,7,3
20170820,8,8,7,6,10,8,8,9,9,7,9,8,9,8,10,9,8,7,9,8
20170822,7,8,4,9,8,8,8,8,9,7,8,6,8,7,5,7,7,7,6,8
20170824,5,10,10,7,9,7,6,9,7,10,9,7,10,7,9,8,9,9,7,9
20170827,8,7,6,8,6,5,9,7,9,8,9,7,8,8,9,6,9,7,7,9
20170829,6,4,6,8,6,8,7,7,7,7,4,7,7,4,8,2,2,5,7,9
20170831,5,5,9,9,10,7,8,7,7,5,8,5,7,8,8,7,8,8,8,10
20170903,4,7,5,8,8,8,3,6,7,5,7,7,7,9,6,6,6,7,6,8
20170905,8,7,8,9,5,9,7,6,7,6,8,9,8,8,9,9,8,8,7,3
20170907,6,7,6,7,6,8,8,8,6,8,8,8,10,9,7,8,8,6,8,9
20170910,7,8,6,4,8,9,7,7,8,7,8,6,8,7,8,5,7,9,5,7
20170912,9,7,5,6,6,8,8,5,7,8,7,8,9,6,4,7,8,6,8,4
20170914,9,5,9,8,9,8,8,9,10,7,9,8,6,10,10,9,6,9,8,8
20170917,8,8,3,7,6,9,7,8,9,9,9,8,7,8,9,5,10,4,6,7
20170919,8,8,7,10,6,8,7,8,10,9,7,9,8,8,9,9,8,8,8,6
20170921,8,5,7,7,7,6,10,7,6,9,7,8,9,8,10,7,7,10,7,10
20170924,10,9,8,8,9,9,7,9,6,9,9,7,9,7,6,10,8,8,5,7
20170926,7,8,10,7,8,6,9,7,10,7,8,9,7,8,8,7,9,10,8,8
20170928,6,6,6,7,8,8,7,7,8,8,7,5,6,8,8,7,7,6,6,7
20171001,7,9,7,8,8,7,9,9,8,9,8,8,8,8,9,7,8,8,7,8
20171003,7,7,9,6,7,6,8,6,7,8,5,7,8,6,5,5,7,6,4,6
20171005,7,8,9,9,8,8,7,8,8,5,7,6,6,8,10,9,8,8,5,8
20171008,7,8,7,6,6,8,8,9,8,7,7,8,5,8,5,10,10,9,7,8
20171010,9,6,7,9,8,9,8,9,10,10,8,7,9,7,10,9,10,9,9,8
20171012,6,9,7,9,8,8,8,8,6,6,5,7,3,9,8,7,7,7,5,8
20171015,8,4,5,5,8,6,8,8,8,6,7,5,7,7,5,6,6,6,7,5
20171017,7,8,6,7,6,8,6,6,7,8,7,7,5,9,8,9,9,7,7,4
20171019,6,9,8,7,9,9,8,7,7,9,8,6,7,9,7,8,7,9,7,7
20171022,8,7,7,9,8,6,7,9,9,8,9,8,8,9,10,8,9,8,8,9
20171024,9,8,8,6,7,8,8,10,7,7,8,8,9,9,8,8,7,4,7,7
20171026,6,5,6,5,5,4,9,6,4,6,6,7,6,8,6,5,5,6,5,5
20171029,9,7,6,7,6,7,8,5,7,5,7,5,8,9,6,6,9,7,6,6
20171031,7,8,7,4,10,5,7,8,5,10,8,3,6,6,7,8,6,9,8,7
20171102,8,8,7,7,7,8,4,7,6,9,3,8,8,9,6,7,9,6,9,6
20171105,6,9,8,7,10,8,8,9,9,6,8,10,7,9,8,5,9,7,9,8
20171107,8,7,5,6,6,7,4,8,9,7,8,7,7,8,6,8,7,8,9,7
20171109,7,5,6,7,3,8,8,6,5,8,7,8,9,5,6,7,6,6,6,7
20171112,7,5,2,6,5,3,8,5,8,9,5,5,8,5,3,3,6,7,4,6
20171114,7,8,8,9,8,6,8,8,6,7,8,5,7,8,10,5,7,8,7,9
20171116,6,6,7,5,8,9,7,3,4,7,8,8,6,7,9,6,8,8,7,5
20171119,6,8,9,7,7,9,9,8,8,8,9,9,7,6,10,9,8,8,7,6
20171121,5,6,8,6,8,8,7,6,9,6,9,7,6,6,6,8,6,6,6,8
20171123,4,3,6,6,6,5,6,7,6,7,6,8,6,6,8,7,4,6,8,6
20171126,9,7,7,8,6,7,8,6,6,8,10,6,8,9,8,9,9,6,5,6
20171128,10,8,6,6,6,5,8,8,8,7,9,8,7,9,10,6,8,6,7,8
20171130,8,4,8,3,4,9,6,7,6,5,9,6,9,7,8,4,7,8,7,8
20171203,6,5,8,10,8,6,9,9,7,8,9,6,9,8,6,9,7,9,8,7
20171205,8,8,9,9,7,6,6,9,9,9,9,5,8,9,8,9,8,8,7,10
20171207,5,7,8,7,7,10,8,3,9,5,5,9,8,7,5,9,5,8,7,5
20171210,7,7,8,6,7,5,9,6,7,6,7,8,9,5,7,6,8,10,10,7
20171212,8,7,9,3,8,10,10,6,9,5,8,5,5,7,7,6,5,9,8,8
20171214,6,4,7,6,7,5,5,8,7,6,7,7,7,4,8,5,7,8,5,7
20171217,5,8,9,6,8,7,6,7,7,7,8,9,6,8,8,7,6,9,9,9
20171219,8,9,6,7,7,8,8,9,5,8,8,5,7,7,8,6,9,9,7,9
20171221,9,9,7,8,6,8,8,6,8,7,10,8,9,7,9,8,10,8,9,7
20171224,9,8,7,7,8,7,7,6,9,7,8,8,7,8,9,7,8,10,9,7
20171226,7,6,6,7,7,9,7,8,7,9,8,8,10,7,9,9,8,7,9,9
20171228,7,5,10,5,6,8,9,8,7,9,10,9,9,9,9,9,7,7,6,7
20171231,8,9,9,9,6,6,7,8,7,5,9,7,7,8,8,9,8,9,8,7
20180102,6,8,6,5,9,4,7,9,5,7,9,6,7,8,7,5,9,7,6,8
20180104,9,9,7,7,9,9,8,9,7,6,10,5,7,7,6,7,10,8,8,6
20180107,6,3,6,6,7,6,6,8,6,6,6,5,9,7,7,8,6,8,6,7
20180109,6,8,9,6,8,6,7,7,7,7,6,4,5,8,7,9,6,8,6,9
20180111,9,8,7,6,8,7,6,6,4,10,9,8,6,7,8,7,7,6,6,6
20180114,9,9,7,8,9,8,10,9,9,10,10,9,8,8,10,9,9,10,7,8
20180116,7,9,7,9,8,6,5,4,5,6,5,6,9,7,7,6,8,9,6,6
20180118,6,8,10,8,9,8,10,9,10,7,9,7,8,7,9,7,10,6,8,8
20180121,6,7,8,6,6,7,7,6,8,4,5,6,6,5,5,4,7,8,6,7
20180123,7,5,5,9,8,7,8,8,5,6,8,8,7,6,8,8,7,7,6,8
20180125,8,7,6,6,6,8,7,5,8,9,6,9,7,7,6,6,8,5,6,6
20180128,8,10,8,8,9,8,8,9,10,9,9,9,7,8,10,8,9,8,8,9
20180130,5,7,4,6,7,6,5,4,6,8,5,6,7,6,8,8,5,6,5,5
20180201,7,10,9,7,5,9,9,8,9,7,8,6,9,9,8,10,6,9,9,9
20180204,7,4,5,2,5,7,5,2,3,5,3,6,4,4,5,4,2,6,6,5
20180206,6,8,8,10,9,9,8,8,10,8,8,7,7,6,7,7,7,8,5,6
20180208,8,4,5,6,6,6,5,6,5,5,8,6,6,6,7,7,7,6,6,5
20180211,8,7,6,8,8,6,8,8,7,8,9,9,4,7,5,9,6,7,9,9
20180213,7,5,6,7,8,8,7,7,6,7,8,7,5,6,6,5,8,6,7,8
20180222,8,10,8,9,9,9,7,9,9,8,7,6,7,9,8,5,10,8,5,9
20180225,7,7,8,6,6,7,6,8,4,7,8,8,5,8,6,8,6,7,7,8
20180227,7,8,8,9,9,8,9,7,9,9,9,7,9,9,5,8,9,8,7,9
20180301,10,9,8,9,7,10,5,6,8,7,8,8,6,8,9,10,9,6,9,8
20180304,7,8,4,5,5,9,8,8,8,7,7,9,9,8,6,9,6,6,8,5
20180306,9,5,9,8,8,8,8,8,8,6,9,5,8,9,9,9,8,6,7,9
20180308,8,6,8,8,7,8,5,6,7,9,7,9,8,8,6,7,7,10,6,6
20180311,9,6,5,6,4,9,8,8,7,7,7,6,6,6,7,7,5,8,8,6
20180313,8,10,8,9,8,7,6,8,5,5,6,9,8,8,9,8,8,8,8,7
20180315,8,8,7,7,7,6,8,9,9,6,8,8,7,6,9,8,10,10,6,9
20180318,6,5,9,7,7,6,8,7,10,9,9,6,10,9,9,9,6,9,8,7
20180320,6,7,7,10,7,5,8,6,7,5,3,7,6,8,6,6,4,6,8,7
20180322,8,9,10,10,9,9,10,10,9,10,10,10,10,9,10,10,9,9,10,9
20180325,6,7,8,5,7,4,4,7,5,6,9,5,4,6,6,6,7,6,6,5
20180327,7,7,4,7,4,7,4,6,6,8,5,7,6,7,5,8,4,7,6,6
20180329,9,7,8,7,8,8,8,7,7,7,8,7,8,7,8,6,10,7,5,7
20180401,5,4,8,6,8,7,8,8,8,9,7,6,6,8,6,9,6,7,8,9
20180403,6,6,9,6,7,8,8,5,6,6,6,9,8,5,7,8,5,9,6,6
20180405,8,10,9,8,9,9,9,8,9,9,10,10,8,7,7,9,10,8,8,9
20180408,9,10,5,5,6,7,7,9,8,5,10,5,9,6,7,9,8,8,4,9
20180410,4,1,6,3,4,6,7,5,5,6,4,6,5,6,5,3,4,4,8,5
20180412,7,5,7,7,6,7,5,6,5,6,7,8,7,6,3,7,10,7,5,6
20180415,9,7,10,10,9,8,8,9,9,8,8,8,10,8,9,9,9,10,9,9
20180417,7,6,7,7,9,6,8,9,7,5,9,10,7,8,4,8,8,7,8,7
20180419,9,8,9,9,7,7,6,8,8,7,7,8,6,8,10,7,6,8,6,8
20180422,8,10,6,7,7,8,6,7,8,8,10,7,6,8,8,6,5,9,8,7
20180424,9,7,9,8,9,7,8,9,8,9,9,10,9,8,7,8,8,10,10,8
20180426,7,6,5,8,6,8,5,8,8,5,7,6,5,6,8,8,7,7,5,8
20180429,5,7,5,6,6,6,7,8,4,6,7,7,7,6,6,6,4,7,7,4
20180501,5,6,7,6,4,7,10,6,5,7,8,6,3,6,5,8,7,8,7,6
20180503,7,7,9,7,6,7,7,7,8,8,6,6,5,8,10,5,7,8,7,7
20180506,7,8,9,8,5,9,7,8,7,7,6,6,7,6,8,9,6,9,6,5
20180508,7,8,8,9,9,4,8,8,7,6,8,6,4,6,5,4,7,6,6,8
20180510,7,6,7,7,8,7,8,6,5,8,6,7,7,9,8,9,9,8,10,9
20180513,6,9,8,9,10,5,7,8,8,8,8,7,9,9,6,8,7,6,10,9
20180515,8,7,10,9,4,5,7,6,7,4,10,6,4,8,8,9,4,7,6,6
20180517,6,9,6,6,6,6,8,7,4,8,9,7,6,7,6,5,6,5,6,5
20180520,8,8,9,9,9,7,6,10,10,8,8,7,8,10,9,8,9,7,10,9
20180522,6,6,6,7,5,8,8,5,8,5,9,6,6,6,4,8,6,8,8,8
20180524,10,7,9,10,8,8,8,7,8,6,9,8,6,7,7,7,6,9,6,8
20180527,8,6,7,8,10,9,7,6,6,9,8,8,9,7,8,9,7,7,9,9
20180529,10,7,10,9,9,9,10,10,10,9,9,10,9,9,9,9,8,10,8,9
20180531,5,8,6,8,9,7,10,7,7,5,8,7,7,7,7,7,8,8,7,9
20180603,7,5,6,4,5,4,4,5,7,4,6,6,6,6,6,7,6,7,4,5
20180605,5,6,4,4,7,4,5,7,3,5,7,5,5,3,6,4,6,8,6,6
20180607,8,6,8,7,9,6,5,9,7,8,6,9,7,8,6,7,8,6,6,6
20180610,6,4,8,9,10,6,9,6,7,9,8,6,7,7,6,8,9,6,7,6
20180612,6,7,6,6,5,8,8,8,9,8,6,5,6,7,5,7,5,6,8,7
20180614,8,9,7,9,8,8,9,8,7,8,4,9,9,9,9,8,7,10,8,10
20180617,9,9,8,6,9,8,9,5,9,10,9,8,8,8,7,8,10,9,6,8
20180619,8,8,6,8,8,9,9,7,8,7,6,9,7,4,8,7,10,6,9,7
20180621,8,8,8,9,7,8,9,9,8,8,8,9,9,6,8,9,10,7,9,8
20180624,6,6,9,8,5,7,8,7,8,5,9,6,8,7,9,8,8,6,9,7
20180626,10,8,7,9,9,6,8,8,9,8,8,6,8,9,9,7,8,9,9,7
20180628,5,8,9,7,8,9,7,6,7,9,9,7,7,7,9,9,7,7,8,5
20180701,9,7,9,7,8,8,8,8,7,6,8,8,8,10,6,6,6,9,7,7
20180703,9,10,5,8,9,6,4,8,10,7,8,7,5,8,9,4,5,8,8,10
20180705,8,8,6,9,7,5,10,10,10,10,10,7,8,6,10,8,7,6,7,9
20180708,8,9,6,6,8,6,9,8,10,5,9,8,8,7,3,6,6,10,10,7
20180710,9,8,7,8,7,8,6,6,8,9,10,9,7,8,9,8,8,10,8,7
20180712,9,7,6,8,7,9,9,8,7,9,6,7,6,10,8,6,6,8,9,8
20180715,6,5,6,6,7,4,2,3,6,6,5,7,3,5,3,5,4,6,5,7
20180717,8,8,8,8,9,10,7,8,9,9,9,9,8,7,9,9,9,8,8,9
20180719,4,4,7,5,6,7,7,6,7,9,8,8,6,9,6,8,7,8,8,6
20180722,9,8,9,10,8,9,8,9,9,10,9,7,8,8,9,8,8,9,9,9
20180724,7,7,8,6,5,5,4,4,10,3,7,5,6,9,7,7,9,6,9,7
20180726,5,5,5,7,6,5,4,6,6,7,5,4,6,4,8,6,4,5,7,4
20180729,6,6,8,6,7,7,8,7,7,7,5,6,7,8,6,7,8,7,6,6
20180731,7,7,7,8,8,7,8,9,7,9,8,6,8,8,6,8,4,7,9,9
20180802,7,10,10,7,6,10,6,8,6,7,8,9,9,8,6,10,9,4,10,8
20180805,6,7,8,8,6,7,9,8,8,8,8,10,6,10,8,8,5,10,8,5
20180807,6,4,6,7,6,4,8,5,9,6,6,8,3,8,8,7,7,7,7,8
20180809,6,6,6,7,7,10,7,8,8,7,10,6,10,7,7,8,7,6,7,5
20180812,9,7,10,9,9,8,9,8,8,7,9,6,6,8,9,8,9,7,6,10
20180814,10,8,9,8,7,9,8,6,9,6,8,10,9,9,9,7,8,9,9,9
20180816,8,7,8,6,8,5,6,6,8,8,7,7,6,5,8,4,7,8,7,6
20180819,7,7,5,7,5,9,8,7,8,6,6,5,8,7,7,5,7,6,5,7
20180821,4,7,6,7,6,7,4,9,5,5,8,5,6,7,8,5,6,6,5,6
20180823,4,7,6,8,8,8,8,8,7,7,7,6,7,6,8,7,7,8,7,9
20180826,6,7,8,6,9,7,7,6,8,8,10,9,6,6,8,9,8,9,8,8
20180828,8,6,6,8,8,6,7,8,7,5,6,7,9,5,8,9,7,6,8,8
20180830,6,3,6,6,8,6,4,3,7,3,5,5,5,8,7,7,4,6,8,5
20180902,5,9,5,7,5,7,8,9,5,6,7,6,6,6,6,3,8,7,8,7
20180904,10,7,7,10,8,9,10,7,7,6,7,10,9,9,8,8,7,7,8,7
20180906,8,6,6,6,9,8,7,9,6,8,8,8,8,8,7,9,8,5,6,5
20180909,6,9,9,9,9,7,8,7,10,6,10,9,5,5,8,6,9,10,9,8
20180911,7,8,9,10,8,9,9,7,9,9,9,9,10,8,6,9,8,7,5,10
20180913,7,9,7,8,6,8,6,6,5,7,6,7,9,5,7,5,6,6,7,6
20180916,6,7,8,8,6,9,5,9,6,8,8,7,8,7,7,6,8,6,7,10
20180918,4,5,6,6,6,6,6,7,8,8,7,7,7,6,6,5,3,6,7,6
20180920,6,6,7,8,8,9,5,7,8,5,2,6,3,8,7,6,7,4,4,9
20180923,8,6,9,7,8,8,9,8,10,8,7,8,10,9,10,8,9,9,9,8
20180925,6,6,8,6,7,7,5,8,8,3,9,7,5,4,7,6,6,7,7,6
20180927,10,6,7,7,8,6,8,6,9,7,7,5,6,7,8,9,9,8,6,8
20180930,6,6,9,8,7,7,4,7,9,8,7,8,8,8,6,6,5,6,7,8
20181002,8,9,7,6,8,6,4,7,5,6,6,9,9,6,6,6,9,9,10,9
20181004,8,7,7,7,7,6,8,7,8,7,7,8,7,7,6,5,7,8,8,7
20181007,6,9,10,8,8,8,8,9,6,8,10,9,5,7,9,7,6,8,10,6
20181009,6,9,9,8,7,7,5,6,9,5,6,5,8,10,6,6,6,9,7,7
20181011,9,9,8,9,10,9,8,8,9,5,4,6,9,10,8,10,9,7,7,10
20181014,8,6,5,9,6,8,7,7,8,5,7,8,5,10,8,8,9,7,8,10
20181016,9,7,7,8,8,8,7,10,6,7,7,8,10,9,8,5,8,8,9,9
20181018,6,8,7,7,5,8,8,8,7,9,7,7,4,7,8,7,7,9,8,7
20181021,4,8,9,7,8,8,6,7,10,5,9,5,8,6,7,6,7,8,7,7
20181023,4,7,6,9,9,8,7,9,9,7,9,10,7,9,8,8,8,6,5,9
20181025,8,8,9,8,7,6,7,8,9,9,6,7,9,6,10,8,9,8,5,9
20181028,10,9,9,7,7,9,8,6,6,7,10,7,9,7,8,5,8,6,8,7
20181030,9,7,8,7,8,6,8,5,8,6,7,8,8,9,8,7,8,7,6,7
20181101,8,8,6,5,5,5,8,6,5,6,10,6,8,7,8,7,6,5,9,10
20181104,8,7,8,7,7,10,9,8,4,7,6,8,8,6,8,7,9,8,5,10
20181106,7,7,7,9,7,5,10,9,8,8,6,7,9,8,7,8,7,6,7,9
20181108,9,9,9,10,9,8,9,9,9,10,10,10,8,9,10,5,9,9,8,8
20181111,10,7,8,10,7,8,9,8,7,7,9,8,6,7,9,8,7,6,9,8
20181113,7,5,8,9,9,9,7,6,8,8,7,7,9,8,9,8,8,5,8,6
20181115,7,7,9,8,9,6,4,5,6,8,4,8,6,8,8,6,5,9,6,8
20181118,7,8,8,5,8,5,6,8,6,8,8,7,9,7,8,6,9,10,7,5
20181120,4,8,6,5,8,8,6,8,8,6,9,5,8,7,7,4,5,6,5,7
20181122,6,8,9,7,6,7,5,9,8,6,8,9,7,6,7,7,8,7,8,6
20181125,4,8,3,4,7,5,5,3,6,4,6,8,2,6,7,4,6,5,4,7
20181127,8,6,6,7,5,6,6,5,7,6,6,3,5,8,4,6,8,9,8,7
20181129,8,6,6,8,9,9,7,9,5,7,6,6,9,8,7,5,7,8,7,9
20181202,8,6,8,6,8,5,8,5,9,4,8,7,8,8,7,9,9,7,7,6
20181204,9,8,8,6,8,9,3,6,5,8,9,10,7,7,8,6,8,9,9,7
20181206,7,5,6,8,7,7,9,9,5,9,9,7,9,6,7,8,5,6,7,6
20181209,8,5,8,5,5,6,5,7,8,6,7,5,8,7,7,7,7,6,8,7
20181211,9,7,5,8,7,8,8,6,8,6,9,7,8,7,8,8,8,5,6,8
20181213,7,9,9,8,7,10,5,8,9,8,9,8,8,9,9,8,5,8,9,7
20181216,9,6,7,6,8,7,5,6,7,6,6,5,6,6,7,5,7,6,6,8
20181218,9,8,10,7,9,8,7,6,10,8,9,9,8,10,7,9,8,8,10,8
20181220,7,9,9,8,10,10,10,9,8,9,9,8,9,7,8,8,9,10,8,8
20181223,7,8,9,9,8,8,10,9,9,7,8,9,10,7,9,9,6,8,8,9
20181225,6,8,9,8,10,6,10,10,8,9,10,9,10,9,10,9,8,8,9,8
20181227,8,6,6,8,8,9,8,9,10,8,8,8,7,5,10,10,10,8,9,9
20181230,6,3,7,4,3,6,7,3,3,6,5,8,5,5,8,7,7,5,8,5
20190101,6,6,9,8,8,6,7,4,4,8,8,7,8,7,9,7,8,8,5,7
20190103,5,8,8,10,10,10,9,9,9,9,10,7,10,8,10,9,9,8,8,10
20190106,8,5,7,6,5,6,7,5,7,5,8,7,7,5,7,8,7,6,7,7
20190108,9,6,8,8,6,9,5,5,6,8,7,10,8,8,9,6,8,5,8,9
20190110,5,6,5,4,6,6,6,9,7,7,4,6,3,3,6,6,4,6,7,6
20190113,8,7,7,8,6,7,8,5,6,10,9,7,7,9,7,7,8,7,6,8
20190115,8,8,10,10,9,8,6,8,7,8,9,9,7,6,9,9,10,5,8,7
20190117,6,5,7,8,9,8,2,4,3,8,7,6,4,6,4,5,4,7,7,7
20190120,5,6,6,6,6,8,6,6,6,6,5,7,6,6,5,4,5,5,4,6
20190122,8,10,8,10,6,10,8,9,8,9,10,7,9,9,6,8,7,7,7,9
20190124,6,9,8,9,8,7,7,8,7,9,7,7,9,8,10,6,7,8,7,8
20190127,4,6,5,4,9,5,4,7,8,5,4,7,6,6,7,7,4,8,5,7
20190129,8,8,6,8,8,9,9,7,10,8,7,6,7,8,9,8,7,5,6,8
20190131,8,7,9,8,8,7,8,5,5,8,7,7,7,9,6,8,9,9,5,7
20190203,8,9,7,8,8,8,6,8,7,7,6,4,6,9,8,6,8,10,9,8
20190212,8,9,7,8,6,6,8,7,9,9,9,7,9,9,8,7,7,9,6,8
20190214,9,9,9,5,7,7,9,7,9,10,8,6,8,9,10,6,8,7,10,6
20190217,8,5,10,10,7,7,6,9,7,6,7,9,9,8,8,9,9,7,10,7
20190219,9,8,10,6,8,9,10,10,8,9,8,10,10,9,9,10,9,9,9,7
20190221,7,8,5,10,6,7,10,6,6,7,7,6,6,9,6,8,8,8,10,6
20190224,6,7,6,10,5,8,9,7,6,8,7,7,8,8,8,4,9,6,9,9
20190226,7,7,5,7,8,8,3,6,7,5,5,6,5,6,4,6,8,5,6,6
20190228,5,7,9,6,7,8,8,9,6,8,5,8,9,8,8,8,6,6,9,7
20190303,9,10,6,9,7,7,10,7,8,9,9,7,9,8,9,8,8,10,10,8
20190305,8,5,5,6,7,5,8,7,8,6,8,6,5,4,8,5,7,3,6,5
20190307,6,6,8,6,9,9,7,7,7,7,9,5,7,10,8,7,8,9,3,9
20190310,6,7,8,7,7,7,8,7,4,7,8,7,5,9,9,9,8,7,7,7
20190312,7,9,9,9,8,10,8,8,9,10,9,8,9,10,7,9,9,6,10,8
20190314,7,8,9,4,3,3,9,4,2,6,6,6,7,7,4,4,6,2,6,3
20190317,9,10,5,9,5,8,7,7,7,10,8,9,7,9,5,7,9,9,9,8
20190319,5,6,8,5,5,6,8,8,5,6,7,7,5,5,9,7,7,5,4,5
20190321,9,8,5,7,6,10,7,10,6,9,7,8,10,8,6,8,5,8,7,9
20190324,7,8,8,9,8,7,8,8,9,9,9,8,8,7,10,9,9,5,9,9
20190326,6,9,9,8,8,7,6,7,7,8,7,8,8,8,10,7,6,9,9,8
20190328,9,8,8,7,9,8,8,5,7,8,9,9,8,9,8,7,8,8,8,6
20190331,6,6,5,6,5,8,5,7,8,5,7,7,8,4,5,7,5,6,5,4
20190402,8,9,7,8,9,8,9,6,6,8,7,7,9,9,8,7,10,9,8,8
20190404,9,9,8,8,5,4,10,8,9,10,9,7,8,8,7,6,8,8,9,6
20190407,6,8,6,6,5,6,7,7,7,8,7,8,9,5,4,7,8,6,7,7
20190409,7,7,8,10,9,7,10,9,8,8,9,9,8,10,9,6,8,7,8,7
20190411,8,4,6,8,6,10,7,10,5,7,7,7,8,8,7,9,6,8,8,6
20190414,10,7,7,7,7,9,9,9,10,9,8,8,9,10,9,10,9,8,10,10
20190416,5,5,6,8,7,6,8,5,6,9,7,7,4,7,7,7,8,6,6,4
20190418,6,9,6,9,10,7,6,10,9,9,9,7,8,8,10,7,9,8,8,7
20190421,6,4,6,5,6,6,3,7,6,5,7,4,7,5,6,4,5,5,5,6
20190423,5,6,6,5,5,6,4,5,7,5,5,3,4,7,6,8,3,7,7,7
20190425,3,7,4,7,6,5,5,6,5,8,4,8,6,6,6,2,7,5,4,5
20190428,6,8,6,8,9,8,6,5,5,8,8,9,6,6,8,7,10,9,6,8
20190430,6,7,8,7,8,8,9,6,5,7,9,6,6,8,6,6,8,7,8,7
20190502,7,9,10,7,9,9,8,7,10,10,8,8,8,10,7,9,10,8,10,9
20190505,7,8,6,9,7,8,9,10,10,7,7,9,7,10,9,8,8,6,7,10
20190507,9,10,9,9,6,8,8,10,10,7,8,10,6,7,8,9,10,9,10,7
20190509,7,9,7,9,5,9,9,6,9,7,6,6,9,7,8,9,6,7,6,7
20190512,9,7,9,7,8,9,8,8,8,8,9,10,8,6,8,7,7,7,10,7
20190514,9,7,6,8,4,7,5,3,7,6,7,6,5,9,8,9,7,8,9,6
20190516,8,7,9,10,8,8,8,8,9,9,8,9,6,10,8,6,9,7,8,10
20190519,6,10,9,6,8,10,7,6,10,7,7,6,9,9,8,9,10,7,8,6
20190521,7,6,8,5,6,7,8,8,5,7,7,6,4,8,6,7,6,7,7,7
20190523,7,8,9,7,8,7,9,8,8,8,8,9,10,9,8,9,6,8,9,9
20190526,8,6,7,10,8,7,8,8,9,7,5,7,9,6,8,8,9,6,5,7
20190528,9,8,6,9,6,8,10,8,10,7,10,6,6,8,8,8,8,6,5,9
20190530,4,7,6,7,7,7,8,7,7,6,10,6,7,9,8,8,9,7,6,7
20190602,6,7,10,8,8,9,6,8,9,5,9,7,8,8,8,7,8,8,7,9
20190604,8,5,6,6,9,7,4,9,5,9,8,9,6,6,8,7,8,7,6,6
20190606,6,8,8,7,6,7,9,7,7,8,5,6,6,5,5,8,9,6,5,7
20190609,6,6,6,7,3,8,4,6,6,6,5,7,8,5,9,5,6,8,8,8
20190611,7,5,6,7,7,4,6,9,8,6,6,5,10,7,8,9,6,5,9,7
20190613,9,7,7,5,4,8,6,7,7,6,8,6,9,6,7,5,8,5,7,9
20190616,8,7,5,5,6,6,8,7,6,6,9,7,7,7,4,7,7,6,8,6
20190618,6,8,8,4,8,7,7,6,8,7,5,5,7,8,7,6,10,5,8,8
20190620,8,9,9,9,9,7,10,10,8,6,8,9,9,9,8,10,9,7,8,8
20190623,9,9,9,8,8,9,8,9,8,8,8,4,8,6,7,7,7,9,7,7
20190625,6,6,7,5,7,8,8,6,7,4,5,4,4,4,5,7,6,7,5,8
20190627,7,7,6,7,5,5,4,6,8,9,7,8,7,5,7,7,7,8,9,6
20190630,6,6,3,3,7,7,5,6,5,6,6,5,5,7,6,6,6,5,6,6
20190702,7,5,5,4,5,3,6,6,6,7,6,7,6,5,6,6,8,9,8,6
20190704,8,8,7,6,8,7,8,8,9,7,5,7,8,7,6,7,9,9,7,8
20190707,6,10,9,8,5,7,9,6,8,6,5,7,8,7,8,10,6,4,10,9
20190709,6,7,5,8,9,8,7,9,7,7,5,8,8,9,9,8,9,9,9,7
20190711,9,8,7,7,9,7,8,9,9,9,8,9,4,6,7,7,8,4,8,7
20190714,9,7,5,6,6,8,6,6,9,7,5,8,8,8,8,6,7,7,8,10
20190716,9,9,8,8,10,7,7,9,10,8,10,8,8,7,8,9,6,7,7,10
20190718,7,8,8,7,9,5,6,8,5,7,9,7,7,9,10,7,9,8,8,9
20190721,5,6,8,8,7,7,5,6,8,5,7,8,3,5,8,7,8,5,3,9
20190723,5,7,6,6,6,6,10,6,6,9,9,7,9,4,8,8,6,8,8,8
20190725,7,6,6,7,7,7,8,8,6,7,7,8,9,6,9,6,8,7,7,8
20190728,6,8,6,8,6,10,8,8,7,4,6,5,7,9,8,10,10,9,9,9
20190730,7,7,4,7,8,7,6,6,8,8,8,8,9,8,8,8,8,9,7,8
20190801,8,7,8,8,9,9,4,9,9,8,7,6,6,6,7,6,7,8,10,7
20190804,9,7,6,8,7,6,3,9,6,8,6,10,6,7,6,7,6,7,8,6
20190806,7,7,9,6,9,7,5,7,8,7,6,9,8,5,7,9,7,8,8,9
20190808,8,6,7,8,7,7,7,7,9,10,6,8,7,5,6,8,9,5,7,7
20190811,9,7,9,9,10,8,8,10,9,9,10,9,7,7,9,8,5,9,8,7
20190813,5,9,5,6,7,8,6,5,6,8,5,7,6,8,6,10,5,6,7,8
20190815,8,7,7,7,9,7,8,9,7,5,7,8,8,6,4,8,8,6,6,8
20190818,7,7,7,6,9,10,5,6,7,6,9,7,8,8,5,3,6,7,5,6
20190820,9,9,8,7,8,7,9,9,7,9,6,8,7,8,8,7,9,10,9,6
20190822,8,5,9,7,7,6,9,9,8,7,8,7,7,7,8,8,8,10,9,8
20190825,8,7,5,7,8,6,7,8,6,8,8,7,8,9,8,5,7,6,8,6
20190827,7,7,6,6,7,7,9,5,5,7,4,10,10,7,7,7,8,8,7,7
20190829,6,7,6,5,5,6,7,6,7,7,5,5,7,6,6,8,5,4,5,6
20190901,5,6,6,6,7,6,7,7,6,6,6,3,6,6,4,8,6,6,5,8
20190903,9,8,9,6,8,6,8,7,9,8,8,8,10,7,7,9,8,8,8,9
20190905,9,8,9,8,9,9,8,8,9,8,9,7,6,8,9,6,8,8,7,6
20190908,6,6,6,7,4,6,8,5,8,10,7,8,7,6,6,5,4,6,7,10
20190910,6,7,5,8,7,5,8,6,7,9,7,8,7,7,6,7,10,6,8,7
20190912,5,7,5,6,3,9,6,6,6,5,6,6,8,8,4,7,6,7,7,7
20190915,7,9,6,5,5,8,4,7,6,7,8,9,9,9,7,6,8,9,6,8
20190917,9,6,8,9,9,8,7,6,10,8,9,7,7,8,8,10,9,8,7,8
20190919,8,9,6,7,8,7,6,8,6,7,7,7,5,8,4,8,9,6,6,7
20190922,7,6,7,8,8,9,6,6,4,8,5,5,4,5,10,6,9,3,10,5
20190924,6,6,6,9,5,7,6,6,7,9,10,8,7,5,6,8,7,7,8,4
20190926,5,8,9,6,7,8,8,7,7,8,6,8,5,6,7,9,6,5,7,10
20190929,6,8,7,6,7,7,8,8,7,9,10,7,10,6,9,8,6,8,7,9
20191008,9,8,7,9,8,9,8,9,9,9,8,10,8,6,6,9,7,10,9,8
20191010,5,8,8,6,7,8,8,7,8,5,7,7,7,6,3,4,6,7,5,6
20191013,8,6,6,4,6,8,5,9,7,7,6,5,6,5,7,4,8,6,6,6
20191015,8,9,7,6,9,9,9,9,8,7,6,8,7,7,10,9,6,10,10,6
20191017,9,5,6,8,7,7,7,8,9,8,7,9,9,8,8,7,6,7,7,8
20191020,4,8,4,5,7,5,3,4,3,5,7,5,3,4,3,8,2,4,5,3
20191022,7,7,4,4,6,5,7,2,6,3,5,5,4,6,6,8,7,7,6,3
20191024,8,8,9,9,7,7,8,6,9,8,7,9,7,9,9,10,10,4,7,9
20191027,9,9,6,7,5,8,9,6,7,10,8,9,8,7,8,6,8,6,5,8
20191029,8,9,8,5,5,6,7,7,7,6,7,6,8,6,8,8,8,7,8,3
20191031,6,6,7,7,7,9,7,8,10,8,6,9,5,8,8,7,8,8,9,5
20191103,7,4,7,6,6,7,8,7,5,6,9,9,6,4,8,5,5,5,8,6
20191105,9,8,7,8,8,8,5,9,9,9,8,9,8,8,8,7,8,8,7,7
20191107,7,9,4,7,7,9,7,6,9,6,4,7,10,8,9,9,9,8,8,8
20191110,8,10,8,7,6,6,7,8,8,8,10,7,8,7,10,9,8,9,9,7
20191112,6,6,8,7,7,8,7,1,7,3,8,8,6,10,7,9,6,8,6,5
20191114,9,8,5,8,9,10,9,9,10,9,9,6,10,8,8,9,9,8,8,8
20191117,8,8,10,8,8,7,4,8,6,7,5,8,9,8,8,9,10,6,5,9
20191119,9,6,4,8,9,7,8,7,8,4,8,7,7,9,6,8,7,9,6,7
20191121,7,10,10,10,6,8,9,7,7,8,8,9,10,9,5,10,8,8,10,10
20191124,6,7,7,6,6,6,7,6,7,5,6,7,8,4,6,9,5,3,6,9
20191126,9,4,9,9,5,7,7,9,6,10,8,9,6,10,8,10,7,8,6,9
20191128,9,4,8,7,5,5,7,8,6,8,8,7,4,7,9,8,8,8,7,8
20191201,4,5,4,4,7,4,3,4,3,5,4,4,3,3,4,3,5,2,3,3
20191203,7,7,4,6,8,7,10,7,6,10,8,8,7,7,6,5,5,6,7,7
20191205,8,9,9,7,6,10,7,7,9,10,9,9,7,8,9,8,8,8,10,10
20191208,8,8,8,9,8,8,8,8,9,10,10,9,10,9,8,9,10,10,8,8
20191210,9,8,8,8,10,8,8,8,7,10,8,5,6,8,7,9,9,7,7,5
20191212,7,5,7,7,7,5,6,7,5,9,6,5,6,7,7,5,7,9,6,6
20191215,6,6,6,5,7,6,5,7,8,3,4,8,8,6,8,4,9,3,6,4
20191217,7,6,6,8,9,7,5,8,6,7,7,9,9,7,5,6,7,6,9,7
20191219,8,6,6,4,7,8,8,7,7,8,7,8,8,5,10,6,9,10,5,9
20191222,6,7,8,7,6,6,8,5,6,6,7,7,8,10,5,3,6,9,6,7
20191224,8,8,8,9,10,8,8,9,7,10,9,10,6,7,8,9,8,7,7,9
20191226,7,4,8,5,7,6,7,4,8,7,4,6,5,5,5,4,7,6,8,8
20191229,5,7,5,6,7,8,7,8,6,5,4,7,8,6,8,6,8,7,8,7
20191231,10,9,8,6,9,7,6,8,8,4,7,6,7,10,4,8,5,7,7,9
20200102,8,10,7,8,7,9,7,9,10,6,8,8,6,7,8,6,8,7,8,7
20200105,8,7,6,6,8,8,8,7,7,9,7,10,8,8,5,7,7,10,6,7
20200107,6,9,7,9,6,6,7,9,7,8,9,9,9,8,5,7,9,10,6,8
20200109,4,7,6,6,5,5,2,6,6,6,3,5,4,5,8,6,7,4,3,9
20200112,8,6,6,7,5,7,4,5,5,8,10,4,5,4,8,5,6,6,5,4
20200114,7,10,7,9,8,8,7,9,10,7,7,2,8,6,7,9,7,5,8,9
20200116,7,8,4,8,9,8,6,5,6,9,8,6,6,9,6,9,8,8,8,7
20200119,8,7,9,9,6,7,9,7,9,9,10,6,7,7,8,7,7,9,8,8
20200121,7,6,8,4,3,8,8,6,6,6,8,7,9,9,7,8,8,7,9,6
20200312,6,8,5,7,10,9,9,3,7,8,8,10,9,10,8,9,9,6,7,7
20200315,7,10,7,9,8,10,10,10,10,9,8,9,8,8,8,7,6,10,9,6
20200317,8,3,6,7,5,9,8,9,8,8,3,6,8,8,9,9,7,5,6,8
20200319,8,7,9,8,7,9,7,8,9,7,8,9,6,8,3,9,8,7,9,7
20200322,9,8,7,6,8,6,7,5,9,6,6,5,7,8,6,6,4,9,6,7
20200324,9,7,8,7,9,9,6,7,8,9,8,7,9,7,7,9,9,10,8,7
20200326,9,9,9,9,7,9,10,7,8,9,8,9,7,9,7,6,8,9,8,10
20200329,9,6,7,10,7,7,7,7,8,7,10,9,6,5,8,6,9,6,9,7
20200331,8,6,7,6,7,6,6,4,6,6,5,6,4,7,6,6,7,4,8,7
20200402,8,10,9,6,7,8,7,9,8,10,6,9,8,10,9,9,8,10,8,9
20200405,4,7,8,7,4,6,8,7,7,8,6,8,6,8,8,7,7,5,8,5
20200407,8,9,7,7,7,8,8,8,3,8,7,6,10,8,10,9,9,7,7,9
20200409,8,6,9,8,9,6,5,8,7,8,8,10,8,7,9,10,7,7,7,5
20200412,9,9,9,8,9,10,6,5,9,7,9,6,9,7,7,9,9,8,7,8
20200414,9,7,7,8,6,10,10,10,9,9,9,8,8,9,8,9,10,9,9,8
20200416,7,7,5,8,8,6,9,7,10,6,9,6,8,7,7,8,8,8,4,9
20200419,7,6,7,5,7,7,7,5,6,6,7,7,7,6,5,8,6,6,9,8
20200421,6,9,8,8,10,10,9,7,6,10,8,6,8,4,10,6,6,9,8,7
20200423,9,6,6,9,8,8,6,8,10,8,6,10,4,8,7,10,8,10,7,7
20200426,7,4,4,3,6,6,7,7,7,7,6,7,7,8,5,6,6,5,6,7
20200428,6,10,7,10,9,10,7,9,9,8,8,7,10,10,9,7,8,6,5,7
20200430,8,9,8,9,9,7,7,8,8,10,8,9,6,10,9,8,7,7,9,9
20200503,9,10,10,6,9,6,7,9,9,10,7,7,7,6,8,7,8,9,9,7
20200505,6,9,6,6,9,7,5,6,4,6,6,6,9,8,8,8,7,7,6,9
20200507,6,6,7,6,3,9,5,7,8,6,7,6,8,7,7,7,6,7,9,5
20200510,7,8,8,8,6,8,8,8,6,8,8,9,9,7,7,10,8,9,8,9
20200512,8,8,7,9,6,6,9,9,9,10,8,9,8,9,5,9,9,7,8,5
20200514,6,8,9,7,8,8,10,7,8,6,8,6,9,6,8,8,7,8,10,5
20200517,5,7,5,3,8,9,5,7,7,7,8,6,8,8,6,6,8,9,8,3
20200519,9,9,7,8,10,8,9,9,8,6,8,9,10,7,5,8,5,6,5,6
20200521,6,6,7,6,5,8,9,5,8,3,6,7,7,7,5,6,9,7,8,7
20200524,9,8,10,10,8,9,9,6,10,10,8,9,9,7,10,10,9,7,6,7
20200526,9,3,3,5,5,5,10,8,8,9,8,5,5,9,7,7,8,8,9,5
20200528,7,9,6,7,8,8,9,9,8,3,9,10,7,5,7,9,8,8,8,9
20200531,10,9,9,9,9,8,8,10,8,8,7,9,8,8,9,9,10,6,9,9
20200602,4,8,7,6,5,5,5,8,7,9,7,7,5,8,6,6,8,8,7,6
20200604,7,7,8,8,8,9,9,9,5,10,7,8,9,7,8,6,9,7,6,9
20200607,8,8,6,8,6,7,8,7,7,7,5,10,10,6,9,6,7,6,6,8
20200609,6,8,6,7,5,7,8,7,8,6,3,6,7,8,4,8,5,7,7,7
20200611,7,8,7,4,7,7,6,7,10,9,7,9,7,9,7,7,6,8,7,9
20200614,6,6,5,8,5,5,6,7,6,6,6,7,5,4,4,7,7,5,6,5
20200616,10,8,4,9,8,10,9,8,9,8,9,8,7,9,8,6,9,9,5,10
20200618,5,7,7,8,6,8,4,5,2,7,5,7,5,7,6,8,8,8,3,8
20200621,8,8,6,8,6,6,7,8,8,10,7,8,9,9,8,7,8,9,9,10
20200623,10,7,9,7,8,8,9,5,7,7,8,6,8,6,5,5,5,9,6,6
20200625,8,6,6,6,8,5,7,8,4,6,8,7,9,10,9,5,7,6,4,7
20200628,7,6,5,4,6,6,4,5,5,5,5,3,6,7,4,8,6,8,6,6
20200630,7,8,8,9,9,5,7,7,8,7,7,8,8,6,8,7,8,8,7,7
20200702,9,6,5,8,7,7,6,6,7,9,7,8,5,7,7,7,5,9,8,8
20200705,7,5,5,7,9,6,9,6,9,8,6,6,5,6,7,8,8,8,7,6
20200707,10,9,5,8,8,7,8,7,9,10,9,7,9,5,8,9,8,5,6,6
20200709,5,10,8,7,7,7,8,7,10,7,5,7,9,6,5,8,6,9,10,7
20200712,6,9,5,7,10,10,9,6,9,8,6,8,6,6,8,6,7,8,8,9
20200714,9,6,7,7,8,3,6,7,8,8,9,7,6,6,6,8,7,9,7,9
20200716,5,8,6,7,5,7,7,7,5,8,5,7,4,7,4,6,7,4,7,8
20200719,8,8,8,8,8,10,9,7,6,10,7,8,8,8,8,9,8,6,7,7
20200721,6,9,7,10,4,7,8,6,7,8,7,6,5,8,5,7,6,6,8,8
20200723,7,9,10,7,8,9,7,8,9,8,8,8,9,7,6,9,9,8,5,7
20200726,6,5,5,6,8,6,5,6,8,7,7,6,5,7,6,7,7,7,6,4
20200728,9,9,6,10,5,8,9,9,8,7,8,10,8,8,5,9,10,6,8,6
20200730,8,7,7,7,9,6,7,9,8,8,6,7,8,9,6,9,9,9,9,6
20200802,8,6,7,3,10,8,7,7,8,8,5,6,7,7,7,7,6,6,6,6
20200804,8,8,5,7,8,8,8,8,5,8,8,9,7,8,8,6,8,7,8,7
20200806,7,8,10,8,9,10,5,8,5,8,5,7,8,6,5,7,3,8,7,8
20200809,6,6,7,5,9,7,8,8,6,9,5,9,7,7,9,9,7,8,7,8
20200811,7,7,9,8,9,6,10,8,7,7,7,10,7,9,10,8,9,7,6,9
20200813,8,6,8,7,9,9,7,6,6,7,8,6,10,9,9,6,8,7,8,4
20200816,7,6,8,6,4,7,6,6,6,7,7,8,7,6,5,5,4,9,6,5
20200818,9,9,8,8,5,7,7,8,9,9,7,9,7,7,9,5,7,8,8,6
20200820,7,8,7,7,8,7,8,7,7,5,8,8,8,8,7,9,4,6,8,6
20200823,6,7,6,7,7,7,8,7,4,7,8,7,6,6,6,8,9,5,6,6
20200825,6,8,7,7,10,4,5,9,6,10,7,9,9,8,8,7,7,7,8,6
20200827,7,5,8,4,5,6,5,6,8,8,9,6,5,4,7,8,5,6,7,6
20200830,8,8,5,5,7,7,6,8,6,7,6,8,6,7,5,7,5,6,4,7
20200901,7,7,3,7,8,8,5,8,10,8,8,8,7,8,5,9,9,5,9,7
20200903,7,4,8,6,3,9,8,6,6,4,8,7,4,6,8,8,8,6,7,5
20200906,6,7,10,8,6,8,9,8,7,9,10,6,6,9,9,9,7,7,10,8
20200908,5,8,6,5,4,8,4,5,7,9,6,5,3,8,8,4,5,5,5,8
20200910,3,4,4,6,6,6,3,8,5,7,5,7,6,6,5,6,5,6,2,8
20200913,8,6,7,9,7,5,6,9,8,6,9,10,10,7,7,7,9,8,5,9
20200915,5,4,7,5,5,6,3,3,8,4,5,5,5,7,8,4,9,5,5,8
20200917,7,7,7,6,8,7,7,6,8,6,8,7,7,9,8,6,6,5,8,9
20200920,8,9,6,6,6,6,7,7,6,6,8,7,6,6,7,8,5,6,8,7
20200922,10,8,10,9,8,9,9,7,9,10,8,6,9,8,10,10,9,9,8,9
20200924,6,8,7,7,7,7,7,8,8,9,5,10,9,7,8,7,6,10,8,4
20200927,9,8,8,9,7,10,10,6,9,7,8,7,6,8,10,8,8,8,8,9
20200929,4,9,8,4,5,5,5,7,4,7,5,5,5,3,6,6,3,2,7,5
20201006,8,5,5,7,8,6,8,6,5,6,7,6,9,8,7,4,5,2,6,8
20201008,7,6,9,4,6,7,9,5,8,6,7,7,6,4,8,7,3,5,5,6
20201011,9,9,7,9,9,8,8,9,8,8,7,8,7,8,7,9,8,7,8,8
20201013,5,7,7,6,5,8,4,6,4,6,8,2,5,8,6,6,6,5,7,7
20201015,10,9,10,10,9,7,8,9,10,7,10,9,10,7,10,10,7,9,8,9
20201018,8,9,10,7,10,8,9,8,8,9,6,10,10,9,9,9,9,8,9,8
20201020,8,8,9,8,8,5,8,4,9,6,7,6,8,9,6,9,10,8,10,7
20201022,10,10,6,8,7,8,8,9,8,8,8,8,9,8,7,9,9,9,9,10
20201025,10,6,9,9,9,9,8,10,9,8,7,7,5,8,9,8,7,8,7,6
20201027,9,6,8,8,6,9,8,5,7,7,7,7,7,8,7,7,9,8,7,7
20201029,9,9,9,10,8,9,9,8,10,9,9,8,10,8,8,9,8,7,9,9
20201101,6,7,7,6,7,6,6,8,7,5,8,7,6,7,8,6,7,4,7,7
20201103,8,5,6,2,6,4,7,5,6,5,6,6,4,8,8,2,5,4,5,5
20201105,9,9,8,9,10,7,9,8,8,5,6,7,8,8,8,8,6,8,6,4
20201108,7,7,8,8,9,8,8,7,7,10,6,5,7,9,7,10,9,7,6,4
20201110,6,6,7,8,8,6,8,6,8,7,4,6,6,9,5,7,5,6,8,8
20201112,5,5,2,4,5,6,3,6,7,7,6,6,6,7,6,6,6,7,7,6
20201115,4,5,5,6,9,6,3,8,6,7,6,6,9,6,8,7,7,6,5,7
20201117,8,3,5,7,8,6,7,4,3,7,8,9,8,7,8,7,9,9,7,8
20201119,7,7,7,10,9,8,8,10,9,4,7,9,9,8,10,9,9,8,7,9
20201122,9,10,6,6,8,8,9,9,8,9,7,4,9,7,6,5,9,9,8,7
20201124,6,7,8,5,6,6,5,4,6,8,8,9,8,4,3,7,7,7,7,7
20201126,5,4,4,2,2,5,6,4,7,5,6,5,4,4,8,4,8,4,2,5
20201129,10,8,8,9,10,10,9,8,9,10,9,9,8,7,9,9,10,10,9,8
20201201,8,8,8,7,6,6,6,8,9,7,7,8,6,6,5,7,6,9,9,8
20201203,7,7,9,7,8,8,7,7,10,6,9,5,9,7,8,8,8,9,6,7
20201206,6,8,7,7,7,9,9,7,8,8,5,7,8,8,5,6,7,7,8,8
20201208,9,8,8,8,10,10,9,7,9,7,9,7,6,6,8,8,9,8,10,6
20201210,7,1,5,6,7,6,7,7,5,7,5,4,7,3,7,4,7,5,7,8
20201213,8,9,7,9,5,7,8,7,8,9,10,7,7,8,9,8,6,8,6,8
20201215,7,8,7,5,9,10,5,5,9,8,6,5,4,7,7,5,10,8,8,8
20201217,6,8,7,9,7,5,4,7,6,7,7,9,7,8,9,9,6,8,9,9
20201220,6,5,5,6,5,10,5,6,8,5,10,5,7,8,7,8,5,8,7,7
20201222,9,10,5,8,8,9,7,8,6,9,8,5,6,8,8,5,7,8,6,7
20201224,7,9,8,8,8,6,9,6,8,7,9,5,8,7,8,8,8,9,9,7
20201227,6,7,10,7,8,9,9,8,9,10,7,7,7,6,7,7,9,8,7,8
20201229,8,6,10,8,9,9,9,8,9,8,8,10,9,8,7,6,8,8,9,8
20201231,6,5,8,9,9,8,8,8,9,7,9,7,7,7,9,8,8,9,7,7
20210103,5,6,7,6,7,6,8,6,5,6,8,4,7,6,6,7,4,8,4,9
20210105,7,6,6,7,9,5,8,6,8,6,8,7,8,8,8,7,8,7,7,7
20210107,7,9,9,8,9,6,7,8,9,7,8,9,8,10,7,6,6,7,6,8
20210110,7,5,6,8,5,8,5,7,4,6,5,6,5,7,6,7,6,4,8,7
20210112,7,5,7,7,5,7,4,7,7,9,7,7,9,7,8,8,6,7,7,7
20210114,9,9,8,5,7,9,6,7,9,6,8,7,8,5,8,6,7,6,7,8
20210117,6,5,5,8,7,7,9,6,7,4,6,5,5,5,6,6,9,10,5,9
20210119,8,4,7,5,7,7,7,9,4,9,8,10,4,8,6,4,6,6,6,7
20210121,8,6,6,6,9,7,10,8,6,8,5,7,8,7,4,8,9,7,5,7
20210124,4,6,4,5,6,5,7,4,6,8,2,8,8,5,7,5,7,7,6,7
20210126,8,7,8,7,9,8,10,7,6,8,7,8,7,7,9,6,8,8,4,9
20210128,9,9,6,9,9,5,8,9,5,8,8,8,10,7,8,9,9,9,7,9
20210131,4,9,9,7,7,5,7,8,9,7,7,8,9,7,8,9,7,7,7,7
20210202,6,6,5,10,7,9,9,9,6,8,9,8,6,8,9,8,7,8,5,9
20210204,8,8,10,10,8,8,9,8,10,7,10,8,8,7,8,9,6,9,6,7
20210207,6,7,7,9,7,7,7,9,9,9,7,10,7,7,8,8,7,6,8,7
20210221,6,7,7,3,10,5,6,9,7,7,7,5,6,4,8,6,6,9,8,5
20210223,8,8,8,7,6,5,5,6,9,8,7,7,9,6,6,4,8,6,7,7
20210225,6,8,7,7,7,9,8,6,5,9,8,10,7,7,7,9,7,8,8,9
20210228,9,8,9,9,9,9,8,8,9,7,9,10,6,8,10,9,10,7,9,8
20210302,9,5,5,4,8,7,5,2,3,6,7,5,7,7,5,6,7,5,6,7
20210304,8,5,6,8,6,5,6,5,7,6,7,8,7,7,7,3,7,8,7,7
20210307,7,8,6,8,6,6,4,3,5,7,3,4,7,5,2,9,8,6,8,7
20210309,6,7,10,9,5,6,8,8,7,8,9,7,8,7,6,5,9,5,9,10
20210311,8,9,9,6,8,8,6,8,10,8,7,8,8,9,9,10,10,7,8,8
20210314,7,9,10,7,8,8,8,5,8,6,9,9,9,6,9,7,8,9,7,10
20210316,7,9,6,9,5,10,7,5,8,8,6,9,8,9,8,10,10,8,9,5
20210318,5,7,4,5,6,7,5,7,6,7,6,6,6,7,7,7,5,5,5,6
20210321,9,8,5,8,8,5,6,8,7,5,6,7,7,6,8,6,9,5,6,8
20210323,8,10,7,9,7,9,6,10,8,8,8,7,8,8,10,8,6,5,5,5
20210325,6,6,8,6,9,6,5,6,6,8,6,6,8,6,7,7,7,9,6,4
20210328,7,6,4,6,8,6,5,6,6,8,8,2,7,6,5,9,3,5,5,6
20210330,7,3,7,8,5,7,6,8,6,6,6,8,9,8,5,6,6,8,8,7
20210401,8,8,6,5,7,9,9,7,6,9,7,7,8,10,9,7,8,9,9,9
20210404,6,5,5,7,4,7,7,5,9,8,5,9,10,8,7,6,7,8,10,8
20210406,6,5,3,6,5,7,4,9,8,7,6,7,5,5,7,8,7,5,4,5
20210408,7,8,9,7,7,7,8,8,7,9,9,8,8,7,9,9,9,5,6,9
20210411,6,9,6,6,7,6,6,9,9,7,6,5,7,7,7,7,6,8,8,8
20210413,9,10,8,9,7,8,6,7,9,7,6,10,8,7,8,9,8,9,9,8
20210415,9,7,5,8,10,6,6,9,7,6,10,8,7,8,6,9,5,9,6,6
20210418,10,6,4,8,9,8,2,9,9,6,7,9,9,5,7,8,6,6,6,8
20210420,8,8,5,9,5,9,8,8,7,7,9,5,7,10,8,8,7,9,7,7
20210422,7,7,9,10,9,7,5,5,9,9,7,9,7,7,10,10,9,9,9,8
20210425,7,7,8,8,10,10,8,10,9,5,5,6,10,7,9,8,6,8,8,8
20210427,8,7,7,6,8,9,8,9,7,8,8,7,5,5,6,7,8,7,7,8
20210429,9,8,8,5,7,6,7,8,9,7,10,9,9,9,9,6,8,6,6,9
20210502,8,7,7,7,8,9,6,8,9,7,7,8,9,9,8,8,10,9,6,8
20210504,7,6,7,8,6,8,8,8,10,8,7,9,9,10,4,9,6,6,8,8
20210506,8,9,7,6,8,7,7,9,5,7,9,6,9,8,8,6,9,7,7,6
20210509,9,6,7,4,8,5,6,9,7,7,7,7,7,4,7,8,9,8,6,8
20210511,10,10,6,6,9,9,6,8,9,7,9,9,7,6,9,8,7,9,5,10
20210513,9,9,8,9,10,9,10,10,10,10,9,10,7,9,6,9,9,9,8,8
20210516,8,5,6,6,5,7,8,6,3,9,7,5,9,6,6,7,6,7,8,6
20210518,7,7,8,9,10,3,10,8,9,7,8,7,8,6,8,6,8,7,8,8
20210520,6,9,7,8,8,6,9,6,6,5,6,9,5,9,6,7,6,5,9,5
20210523,7,9,8,7,9,7,8,8,7,10,8,10,9,9,7,9,9,7,9,5
20210525,8,8,5,8,6,9,4,8,8,7,7,8,6,7,6,7,8,10,9,6
20210527,8,7,9,10,8,9,8,8,9,8,9,8,6,6,9,7,8,9,7,8
20210530,7,2,7,5,5,5,4,5,6,4,7,7,6,4,8,3,5,7,8,3
20210601,6,7,5,5,3,4,5,6,6,3,3,7,6,7,1,5,3,6,6,7
20210603,7,7,8,8,8,8,8,9,7,7,7,7,7,8,8,7,8,9,10,7
20210606,7,9,8,5,4,6,8,3,7,7,7,6,8,4,6,6,7,7,7,5
20210608,9,9,8,10,10,9,10,9,9,6,10,9,6,9,9,8,8,6,10,7
20210610,8,8,9,9,8,8,10,8,9,10,5,7,7,5,7,8,9,10,9,9
20210613,8,7,5,6,9,7,8,7,4,6,4,9,5,7,10,7,6,8,7,8
20210615,8,6,6,7,3,9,7,8,5,8,8,5,7,10,7,8,7,8,4,7
20210617,6,5,8,9,7,8,8,9,8,6,8,8,7,6,8,9,7,8,6,8
20210620,10,4,6,5,6,8,7,7,7,9,8,7,4,9,7,7,7,7,9,5
20210622,8,6,9,8,8,8,5,8,7,8,5,5,8,9,7,7,5,8,8,6
20210624,6,7,8,7,6,7,8,6,6,6,9,7,8,9,6,8,9,6,9,7
20210627,5,7,5,7,7,4,6,7,6,3,5,2,5,2,3,6,7,7,6,5
20210629,8,8,9,9,8,4,4,8,6,4,9,10,8,8,8,6,9,8,9,7
20210701,9,4,8,7,9,7,4,5,6,8,9,8,7,7,8,10,7,6,8,6
20210704,6,8,9,8,7,9,6,8,8,8,7,9,7,9,8,9,6,10,7,8
20210706,6,9,8,8,8,10,8,8,7,8,10,7,7,7,8,7,9,6,8,10
20210708,8,4,7,5,7,9,7,8,6,8,9,7,5,9,9,8,8,8,7,8
20210711,5,4,6,5,5,6,4,6,8,2,6,7,7,6,4,7,6,8,6,7
20210713,7,6,8,6,6,5,7,4,8,6,6,5,7,7,5,8,8,5,5,7
20210715,8,6,10,9,6,10,7,7,7,8,7,8,8,9,5,8,6,9,9,8
20210718,8,7,4,6,8,8,8,5,8,7,10,7,9,8,5,6,7,6,8,4
20210720,9,9,8,7,7,5,8,5,6,5,8,8,9,6,8,6,6,9,9,9
20210722,7,8,6,9,8,7,9,6,8,3,10,6,7,9,5,6,8,7,6,8
20210725,9,3,7,7,8,6,8,6,9,9,9,5,8,9,8,9,6,8,7,8
20210727,7,7,8,8,8,9,10,8,9,8,8,7,7,9,9,6,7,8,6,6
20210729,9,6,8,3,8,8,7,8,9,7,9,4,5,5,7,8,6,9,6,4
20210801,8,7,8,8,7,7,8,9,4,8,9,8,7,7,8,7,6,6,6,7
20210803,7,9,8,7,8,9,9,9,6,8,8,8,8,8,7,8,8,5,10,6
20210805,8,8,9,8,9,9,5,6,8,6,6,9,6,8,6,8,6,8,5,10
20210808,7,6,9,8,5,8,7,5,8,8,7,8,7,9,7,9,10,9,8,7
20210810,7,7,6,7,8,7,7,8,7,8,3,8,5,9,8,6,9,4,7,8
20210812,8,5,7,9,6,6,6,7,8,8,5,5,10,7,9,8,8,6,4,5
20210815,6,5,5,5,7,7,5,5,7,4,5,8,4,8,5,5,7,5,7,5
20210817,7,9,8,6,9,7,6,6,8,8,9,8,6,5,8,8,6,5,7,8
20210819,9,8,8,8,6,6,7,8,4,6,9,5,8,7,9,6,8,7,9,7
20210822,9,8,8,7,6,7,9,6,9,8,7,6,9,6,8,6,9,5,10,9
20210824,5,8,5,6,7,6,7,6,7,6,6,7,6,6,7,7,8,4,7,5
20210826,6,10,9,9,9,7,9,9,9,8,8,9,10,10,8,9,9,8,9,7
20210829,6,8,4,6,6,7,8,5,5,7,8,6,10,7,8,6,8,7,6,7
20210831,6,5,8,7,9,9,9,7,8,9,10,9,8,8,9,9,9,9,9,8
20210902,7,9,8,8,9,9,9,6,7,10,9,10,7,8,9,8,9,7,9,7
20210905,6,6,8,8,5,8,6,7,7,7,4,6,8,6,7,9,7,8,7,6
20210907,8,8,9,8,8,6,9,8,8,7,7,8,8,9,10,6,7,9,10,6
20210909,8,8,10,9,4,6,10,8,7,8,9,8,9,9,10,9,9,5,10,9
20210912,7,7,7,7,6,5,9,7,7,6,9,8,7,9,7,8,9,7,8,7
20210914,7,6,7,7,6,7,4,9,7,8,7,4,6,7,6,7,8,6,7,6
20210916,7,8,5,9,6,6,7,6,7,7,5,6,6,7,8,6,7,7,7,7
20210919,9,8,9,7,7,9,7,8,7,8,10,8,7,7,9,7,9,7,7,7
20210921,4,7,9,7,8,7,8,8,8,7,6,6,8,8,6,7,8,6,5,7
20210923,3,6,6,8,7,8,6,7,7,6,8,8,3,5,7,6,7,7,4,5
20210926,8,8,4,7,8,8,9,8,8,7,9,5,8,6,9,8,8,6,7,7
20210928,10,9,9,8,6,5,8,8,6,6,9,7,9,5,8,9,8,10,8,4
20210930,9,7,5,8,9,9,4,8,9,4,6,8,9,9,7,8,4,7,5,7
20211005,9,6,9,8,7,8,7,9,8,7,8,7,6,8,8,9,9,7,9,9
20211007,9,9,8,8,8,9,7,9,9,6,7,6,10,10,9,8,8,7,5,8
20211010,9,9,9,9,8,9,10,9,6,8,8,8,9,6,6,9,9,8,7,9
20211012,9,9,7,7,8,8,6,7,7,9,5,6,7,7,5,7,5,7,7,6
20211014,8,5,6,7,2,3,7,5,5,4,4,8,5,5,7,4,4,7,8,8
20211017,9,7,9,6,8,6,6,7,7,8,6,7,9,10,7,9,5,6,5,8
20211019,7,9,8,6,8,7,10,8,10,8,10,6,7,7,9,10,9,8,8,9
20211021,8,8,7,7,7,9,8,8,8,5,8,6,5,7,7,5,7,7,4,7
20211024,8,6,8,10,10,9,8,8,9,7,9,7,8,7,8,9,8,10,8,10
20211026,6,9,7,8,8,7,7,9,6,8,5,10,8,8,9,9,9,7,10,7
20211028,7,9,7,6,7,9,7,6,8,9,9,6,7,8,9,6,7,6,6,7
20211031,5,6,9,7,8,6,7,8,8,6,8,8,8,8,7,9,8,6,4,7
20211102,9,7,9,8,7,9,6,10,9,10,7,10,7,8,8,8,9,7,9,8
20211104,6,6,6,8,9,7,8,9,10,7,9,4,10,6,9,8,8,7,6,8
20211107,8,7,9,6,6,6,8,5,7,6,4,4,5,8,7,6,9,5,8,3
20211109,5,10,6,7,8,6,10,7,7,6,8,8,9,7,6,8,7,7,6,4
20211111,9,7,9,6,6,6,7,5,6,8,7,7,10,8,7,4,7,6,6,7
20211114,6,9,9,8,9,9,10,6,6,8,7,9,8,8,8,9,8,8,10,10
20211116,8,7,8,9,9,9,7,8,9,7,7,8,9,6,8,9,9,8,9,10
20211118,8,4,7,7,6,5,8,9,6,7,4,8,7,10,8,9,6,7,6,9
20211121,6,4,7,6,5,5,9,7,8,6,4,7,5,4,4,5,6,9,6,9
20211123,5,5,6,5,8,6,7,5,6,6,7,7,6,3,8,6,7,7,5,7
20211125,6,6,7,9,7,8,5,7,6,8,6,5,3,9,7,3,6,7,10,6
20211128,10,8,8,9,8,8,9,8,7,7,6,7,4,10,7,4,9,8,9,8
20211130,9,8,7,8,9,8,8,6,6,9,8,6,9,9,8,8,9,8,10,8
20211202,8,6,10,9,10,4,8,7,8,8,7,6,7,7,10,8,9,9,9,6
20211205,7,6,8,10,6,8,8,8,10,10,8,7,10,7,6,8,9,9,8,8
20211207,8,4,9,1,7,8,9,7,6,9,8,8,10,9,7,7,6,5,7,5
20211209,6,7,10,7,7,8,7,5,9,8,6,6,10,9,9,5,6,8,7,6
20211212,7,9,6,8,6,8,7,8,6,8,8,8,10,10,9,9,3,8,8,9
20211214,7,10,5,6,8,9,7,6,9,4,8,6,7,8,8,7,6,8,9,8
20211216,7,5,7,6,8,4,6,8,7,8,7,9,10,9,7,7,8,6,7,8
20211219,8,9,6,8,7,7,7,6,6,7,7,10,8,8,8,7,8,8,10,8
20211221,8,8,4,9,7,8,6,6,7,7,8,7,10,7,8,9,9,6,8,8
20211223,6,7,7,5,8,9,7,7,6,8,7,6,7,7,7,8,8,6,6,8
20211226,8,9,8,8,7,7,8,7,6,8,7,5,10,9,8,8,10,8,9,8
20211228,5,7,6,6,6,5,8,7,4,9,9,5,6,8,9,8,9,5,8,4
20211230,8,7,7,6,10,9,8,10,8,6,8,9,8,9,6,8,8,10,8,8
20220102,9,5,8,6,8,9,8,7,8,8,6,7,7,9,6,6,8,5,7,6
20220104,7,6,8,6,3,9,7,8,7,7,8,5,8,6,7,6,7,7,9,6
20220106,8,7,8,10,8,7,6,8,6,8,4,6,8,7,5,7,7,7,6,7
20220109,9,9,9,9,8,8,8,8,10,8,8,9,9,8,6,8,8,8,8,9
20220111,8,8,7,8,7,4,9,9,9,10,7,7,7,7,6,8,6,8,8,8
20220113,7,9,8,8,7,5,7,7,6,9,7,4,8,6,8,7,7,7,8,6
20220116,9,7,4,7,9,5,8,9,8,2,6,5,7,6,8,9,8,5,7,8
20220118,8,9,7,8,8,9,6,7,9,8,5,8,6,8,9,7,9,8,7,9
20220120,6,8,7,7,8,8,7,7,7,8,7,9,8,9,10,9,9,7,9,7
20220123,8,5,6,9,8,4,4,6,7,8,8,8,6,10,4,9,9,8,5,8
20220125,6,6,6,6,5,8,8,7,6,6,6,10,9,9,8,6,7,9,6,6
20220127,9,8,9,10,10,10,9,9,9,10,10,10,10,9,10,10,10,9,10,9
20220208,8,7,10,7,8,10,9,9,9,7,10,10,7,7,9,9,8,10,9,10
20220210,10,9,10,8,9,9,7,9,6,9,9,9,10,8,6,9,9,9,9,10
20220213,7,7,6,7,6,7,8,6,6,8,7,7,6,7,6,8,7,8,9,9
20220215,9,9,8,9,10,8,6,10,10,10,8,10,10,8,8,9,7,8,8,7
20220217,9,9,8,7,10,6,8,9,6,9,8,9,10,8,9,7,9,8,9,6
20220220,7,6,6,7,6,5,6,8,7,6,8,7,6,8,7,5,5,9,8,5
20220222,8,6,7,5,7,8,5,9,7,9,6,7,5,9,6,7,5,8,7,4
20220224,4,6,7,8,7,8,8,7,8,6,8,6,8,7,7,6,8,7,6,8
20220227,8,6,9,7,8,6,9,6,7,8,7,7,6,6,8,9,8,8,7,8
20220301,8,8,8,8,7,8,8,8,9,7,8,6,8,8,5,8,4,7,7,8
20220303,8,8,7,4,7,8,9,8,9,8,8,8,10,7,8,8,7,7,7,6
20220306,9,10,8,7,9,9,9,10,8,9,9,7,10,9,8,10,8,9,10,9
20220308,9,9,6,7,7,7,10,7,9,9,6,6,5,5,5,9,7,7,8,7
20220310,8,7,10,10,8,8,6,9,9,8,9,9,8,6,9,10,10,5,10,8
20220313,9,9,8,7,8,7,5,6,9,8,6,4,7,7,5,9,9,7,4,10
20220315,7,8,9,9,9,9,7,10,8,8,7,6,8,7,9,8,9,7,8,7
20220317,8,8,6,6,4,4,6,6,7,5,6,6,5,7,7,7,8,5,6,6
20220320,8,9,9,9,8,10,7,9,8,8,9,9,9,4,9,9,10,5,7,8
20220322,6,7,7,6,5,3,8,5,6,5,6,5,5,7,8,6,3,5,3,6
20220324,7,7,8,8,8,6,6,5,7,6,7,6,9,9,7,9,9,9,6,7
20220327,7,9,6,8,8,8,8,6,9,7,7,7,10,5,8,5,10,4,6,7
20220329,5,6,6,7,5,9,5,6,7,8,8,8,7,6,5,4,7,5,5,8
20220331,8,8,8,8,9,10,6,8,8,7,8,8,9,8,8,7,9,9,9,9
20220403,8,6,7,9,10,7,5,9,7,7,9,6,6,8,8,7,5,9,6,6
20220405,7,4,5,6,6,5,6,4,4,5,6,4,5,6,4,6,7,3,7,4
20220407,7,8,6,7,7,9,6,7,7,7,6,7,7,6,9,7,10,6,9,5
20220410,6,7,4,4,5,8,5,4,6,5,3,9,8,5,6,4,6,7,7,7
20220412,5,7,8,6,5,6,4,3,5,4,3,5,3,5,5,7,7,7,5,1
20220414,6,7,9,8,7,8,9,8,6,7,7,7,5,7,8,7,7,7,8,9
20220417,7,6,7,7,7,6,8,8,8,5,7,3,8,7,3,5,6,6,6,6
20220419,7,5,8,7,9,6,9,8,8,9,6,8,9,8,8,7,7,6,7,8
20220421,9,6,7,8,9,9,10,7,10,10,9,8,8,9,7,8,9,8,8,8
20220424,8,9,8,9,9,10,10,9,7,7,8,9,7,8,10,10,8,7,8,8
20220426,6,8,6,5,6,8,7,5,4,3,4,3,7,8,8,8,6,5,5,6
20220428,4,10,8,8,7,9,9,7,8,8,7,8,7,9,10,7,10,9,7,9
20220501,5,5,5,6,2,8,5,5,8,7,5,6,6,5,3,5,4,6,7,6
20220503,8,8,4,7,9,7,8,9,9,7,9,8,7,7,9,6,7,7,7,10
20220505,9,5,6,6,6,6,8,5,7,4,9,7,4,7,5,8,10,6,6,7
20220508,9,5,5,6,5,6,4,7,7,5,4,8,6,7,6,8,7,3,4,5
20220510,7,7,8,5,6,8,8,8,3,9,9,8,5,7,6,8,7,9,7,6
20220512,7,9,7,5,7,8,8,6,7,8,7,7,9,6,9,8,8,6,6,7
20220515,10,6,7,7,7,6,5,7,8,8,3,6,5,6,6,7,7,7,5,8
20220517,6,6,5,7,6,4,6,5,7,7,8,9,5,6,9,7,10,8,9,5
20220519,7,9,7,10,8,7,8,8,7,8,7,9,8,10,7,6,7,6,7,8
20220522,6,9,6,7,8,9,7,6,6,6,8,6,6,3,8,7,6,7,5,4
20220524,9,8,9,8,7,8,9,9,8,5,9,2,8,8,8,9,6,7,3,8
20220526,6,7,7,9,7,9,8,7,8,8,8,8,7,9,7,9,8,9,7,6
20220529,8,6,7,7,9,8,6,8,8,5,7,9,8,6,8,9,6,9,7,9
20220531,8,8,6,6,8,7,8,6,8,5,4,8,8,8,7,6,7,7,9,9
20220602,7,9,7,7,7,7,9,8,9,9,10,9,9,8,6,8,8,7,6,8
20220605,7,7,6,5,8,6,7,6,8,9,9,8,8,7,5,6,8,6,9,4
20220607,6,3,4,7,6,7,9,6,6,7,7,6,7,6,7,6,7,8,8,7
20220609,7,5,7,9,9,7,9,4,7,7,7,7,9,7,7,5,7,6,6,5
20220612,10,10,7,7,8,10,6,7,9,8,7,8,4,7,6,8,10,8,7,7
20220614,5,9,8,8,2,7,9,7,5,7,8,7,9,10,5,6,6,7,5,3
20220616,8,9,7,10,9,10,8,8,7,7,9,8,9,8,9,10,10,8,6,9
20220619,9,8,5,8,7,10,8,9,9,7,9,7,7,5,5,4,8,7,8,8
20220621,8,8,6,8,7,9,7,5,7,8,10,7,7,8,10,8,9,8,8,6
20220623,9,10,2,10,7,7,9,9,9,8,8,6,9,6,8,8,9,7,7,8
20220626,8,7,8,9,6,8,10,8,7,6,9,6,5,5,9,7,7,7,6,7
20220628,10,7,8,7,8,7,7,8,5,7,8,8,7,8,7,8,9,9,6,7
20220630,5,7,6,6,5,6,7,4,5,4,4,5,7,7,8,6,6,5,6,7
20220703,10,10,6,6,9,8,7,7,8,7,9,6,8,7,9,6,7,9,7,9
20220705,7,8,8,7,7,7,9,7,7,8,8,8,5,10,7,8,9,8,9,7
20220707,10,10,9,9,9,9,9,9,9,9,9,7,9,9,7,9,9,9,7,9
20220710,9,7,8,9,8,8,8,8,8,6,9,6,7,8,6,5,7,7,7,3
20220712,7,8,7,9,8,7,7,10,9,6,8,9,8,8,7,10,10,7,7,9
20220714,10,8,5,10,7,8,6,8,8,8,6,10,9,7,7,6,8,5,5,9
20220717,9,10,8,9,9,9,10,7,10,9,8,10,8,8,9,9,8,10,8,9
20220719,10,9,8,9,8,9,10,8,9,7,10,8,6,7,9,10,9,7,7,9
20220721,8,8,7,7,8,9,9,8,8,9,9,7,9,9,8,10,8,10,8,8
20220724,10,10,8,10,10,10,7,8,7,5,8,6,10,9,10,8,8,10,9,10
20220726,8,7,9,7,5,9,7,8,9,5,6,8,9,5,8,6,10,9,7,5
20220728,9,7,9,7,10,10,9,9,8,7,10,8,9,6,5,8,10,6,9,8
20220731,7,10,9,9,10,8,10,9,9,8,8,8,8,7,9,8,8,9,7,9
20220802,7,9,8,8,5,6,8,9,8,10,6,6,9,8,7,9,9,10,8,5
20220804,7,8,7,9,6,5,9,7,8,9,3,7,7,5,9,7,9,9,6,7
20220807,8,7,10,9,3,9,8,8,9,6,8,8,6,7,7,9,9,8,8,8
20220809,9,8,7,5,8,8,9,9,10,9,6,10,8,9,9,9,8,9,8,10
20220811,7,8,7,9,7,7,9,5,7,6,8,10,6,8,7,5,9,7,9,9
20220814,9,6,7,9,9,7,9,10,5,6,7,10,7,6,4,5,9,9,9,4
20220816,8,7,7,9,6,7,9,8,8,8,8,7,10,5,7,8,6,8,7,6
20220818,10,7,7,5,5,6,10,7,8,8,8,9,6,6,8,8,8,6,9,4
20220821,6,7,8,7,7,7,6,9,7,8,8,7,8,6,6,8,8,9,9,8
20220823,6,5,6,5,7,7,7,10,5,9,9,7,7,8,8,9,9,7,7,6
20220825,8,6,6,8,9,8,10,7,7,7,10,4,9,8,5,7,7,8,6,9
20220828,8,9,7,10,8,7,7,9,7,9,9,8,5,6,6,6,5,8,9,9
20220830,3,6,4,8,6,5,8,3,8,4,7,4,8,3,4,8,6,7,7,6
20220901,9,7,8,10,7,8,9,8,10,9,10,8,7,8,6,10,6,6,8,8
20220904,10,9,9,7,10,7,8,9,9,7,9,9,8,9,8,10,7,9,7,10
20220906,9,6,7,8,6,8,9,5,5,9,4,7,3,7,6,7,9,8,8,9
20220908,5,8,4,4,6,4,7,7,4,4,8,8,8,9,6,6,9,6,6,9
20220911,6,6,6,6,7,5,7,9,6,7,7,8,5,5,8,4,4,7,8,8
20220913,9,9,7,9,6,6,8,7,7,8,9,10,8,7,8,9,8,8,9,8
20220915,7,8,8,6,9,9,7,8,9,6,8,6,7,7,7,7,6,9,6,9
20220918,8,7,6,7,7,6,7,6,1,7,7,7,10,7,6,6,7,7,7,5
20220920,6,10,7,5,8,7,5,10,6,10,7,8,9,5,9,7,6,7,7,10
20220922,8,9,8,9,8,9,8,9,8,4,8,7,7,6,5,5,7,9,8,5
20220925,10,7,8,9,5,9,8,6,7,6,9,8,7,10,6,5,6,5,9,6
20220927,7,6,8,4,6,7,8,6,9,5,8,8,5,6,8,7,6,6,7,6
20220929,10,9,8,10,7,9,8,8,8,8,8,6,8,10,9,9,10,8,8,7
20221006,7,7,10,5,7,8,10,7,7,6,8,4,6,10,7,8,6,7,8,6
20221009,9,6,8,9,8,8,8,8,9,9,10,9,9,9,8,6,9,8,7,10
20221011,8,5,6,9,8,7,8,6,7,8,10,7,7,9,8,8,7,8,8,3
20221013,8,9,7,9,10,7,5,7,9,9,4,9,8,6,9,9,7,7,7,9
20221016,10,7,7,6,7,7,8,8,3,7,5,7,6,8,8,7,5,3,8,5
20221018,6,8,9,9,9,6,7,7,7,8,10,9,6,5,8,3,9,9,9,7
20221020,9,7,9,8,7,10,10,8,9,9,9,8,8,8,10,8,6,10,7,8
20221023,7,8,7,9,6,7,7,8,9,7,7,7,6,8,5,7,7,7,8,5
20221025,6,7,7,8,7,9,7,10,8,10,9,6,8,8,8,9,8,7,8,6
20221027,6,7,7,6,8,7,5,9,8,7,5,7,7,8,5,9,10,8,6,5
20221030,8,6,7,6,9,7,9,8,6,8,7,7,8,6,9,4,9,8,8,7
20221101,4,5,8,7,6,7,8,9,4,4,5,4,6,6,5,7,6,8,6,5
20221103,6,9,6,7,6,4,7,7,5,4,4,8,5,5,7,9,5,9,6,5
20221106,8,7,7,9,7,9,7,8,7,8,8,9,6,9,10,9,8,8,10,6
20221108,8,7,7,8,8,10,7,7,7,7,7,9,8,6,8,7,9,8,9,8
20221110,8,10,7,6,9,8,6,9,10,10,9,9,9,8,10,9,6,9,10,6
20221113,8,7,5,9,7,8,6,10,7,8,6,8,8,3,7,7,7,4,9,8
20221115,8,8,7,10,10,7,7,8,9,9,9,7,10,10,9,9,10,8,8,7
20221117,4,1,5,6,3,4,3,6,3,5,5,5,4,4,5,3,5,3,4,4
20221120,8,7,7,9,9,8,8,9,8,7,7,7,9,9,6,7,8,8,6,8
20221122,9,9,9,7,9,7,8,9,8,8,6,7,7,6,8,6,6,8,6,7
20221124,9,8,7,8,7,5,7,9,8,4,10,8,8,8,7,7,5,7,7,8
20221127,8,10,6,8,9,10,10,8,10,10,8,9,9,10,10,9,6,7,9,10
20221129,9,7,5,6,8,9,6,8,6,7,7,7,7,6,8,6,9,7,9,6
20221201,7,10,8,8,6,6,9,10,9,5,9,8,7,9,8,8,6,8,8,9
20221204,8,9,8,9,9,7,8,8,9,9,9,6,8,7,8,9,6,9,8,9
20221206,7,7,8,7,9,5,7,5,9,4,4,8,7,7,7,4,6,6,8,5
20221208,7,8,8,8,9,7,8,7,4,8,8,7,7,7,10,9,7,8,5,8
20221211,5,6,7,9,6,6,8,6,7,8,7,7,6,3,8,6,6,5,8,7
20221213,9,8,4,8,7,5,8,6,7,7,7,9,7,4,8,7,6,9,7,10
20221215,7,4,5,3,4,0,4,4,5,5,6,6,6,2,2,6,5,3,4,4
20221218,3,4,6,3,7,7,8,6,6,5,3,4,4,5,3,4,6,3,6,4
20221220,7,8,8,9,7,9,10,9,8,10,7,6,7,9,9,8,5,8,7,4
20221222,9,6,9,6,8,9,8,9,10,8,6,7,8,6,6,9,9,6,10,8
20221225,5,7,7,10,7,6,6,9,10,9,4,7,7,7,7,6,5,9,5,9
20221227,3,4,4,5,4,8,7,4,5,3,8,4,5,5,5,6,6,3,5,3
20221229,8,4,7,10,6,9,6,8,6,9,7,10,8,8,6,8,7,6,5,8
20230101,6,7,7,7,8,6,9,8,8,8,9,8,6,8,7,5,6,8,8,7
20230103,7,5,7,5,7,5,7,9,9,7,5,7,5,7,6,7,7,8,6,8
20230105,5,7,6,8,8,8,7,7,8,6,7,7,7,6,6,9,7,4,10,8
20230108,5,8,6,9,8,8,5,9,6,6,4,3,6,6,6,5,6,2,8,6
20230110,8,8,4,8,7,6,6,6,6,5,8,9,4,8,7,9,6,8,5,6
20230112,8,5,7,9,9,7,6,7,7,7,5,8,6,7,7,8,9,6,8,7
20230115,7,10,9,6,9,8,6,8,8,7,7,8,7,5,5,10,9,6,6,9
20230117,7,8,6,4,5,5,4,6,8,6,8,4,5,6,6,5,8,6,5,6
20230129,9,6,9,7,8,10,9,10,8,6,9,9,10,7,9,9,8,8,9,8
20230131,9,9,7,9,7,9,9,10,8,8,9,7,8,9,9,8,9,10,8,10
20230202,8,7,6,3,6,5,8,6,6,7,6,6,5,7,8,3,7,5,8,6
20230205,8,9,8,4,8,6,10,7,9,8,7,8,8,8,9,7,10,6,8,10
20230207,9,6,6,8,7,7,6,10,9,8,8,9,6,7,8,5,7,6,9,7
20230209,8,6,6,6,5,7,6,3,6,6,6,8,6,4,7,7,8,6,6,5
20230212,8,7,7,8,6,7,7,8,8,7,9,9,9,9,9,8,7,9,7,9
20230214,9,9,8,9,9,9,10,9,10,7,10,7,7,9,10,9,9,8,10,7
20230216,6,6,5,7,8,8,7,7,10,9,8,4,8,8,6,8,7,8,9,7
20230219,6,8,9,9,8,6,6,7,6,9,9,9,7,7,5,9,6,7,9,9
20230221,8,7,8,6,6,9,7,5,6,7,6,6,7,7,9,7,7,8,8,7
20230223,9,6,5,7,8,8,7,3,8,5,7,6,7,6,9,6,4,7,5,6
20230226,8,8,4,4,4,7,8,7,7,5,9,8,7,7,5,8,7,4,8,7
20230228,8,8,7,5,9,8,8,9,10,8,7,6,9,8,9,8,7,8,8,7
20230302,8,7,8,9,7,10,8,8,8,9,6,9,10,9,10,6,8,10,9,9
20230305,8,5,6,8,6,5,9,7,5,7,8,9,8,8,7,8,8,8,7,6
20230307,8,9,5,7,7,6,9,8,7,9,7,8,8,9,9,7,8,9,5,9
20230309,8,4,4,6,4,5,4,6,6,3,3,6,7,5,4,5,7,7,4,4
20230312,6,6,3,5,6,9,6,7,6,8,6,3,7,6,7,4,6,6,6,3
20230314,7,9,9,8,7,4,7,9,8,8,9,6,4,9,8,7,7,8,8,7
20230316,6,7,6,8,6,6,5,7,2,8,8,6,8,8,6,7,6,3,8,5
20230319,7,4,6,5,7,4,3,6,5,7,6,3,5,5,6,6,5,6,4,4
20230321,6,8,8,6,8,7,7,5,7,6,6,7,6,7,5,9,6,9,7,7
20230323,8,8,9,7,9,8,9,9,10,6,9,9,8,10,8,8,8,8,7,7
20230326,8,7,10,5,10,9,10,8,9,9,9,10,9,9,8,8,8,7,8,7
20230328,6,7,9,8,7,7,6,5,8,9,9,8,6,7,6,8,9,8,7,7
20230330,9,5,4,6,9,7,6,7,10,8,7,9,9,8,8,7,6,8,9,7
20230402,8,9,9,10,10,8,8,8,10,5,4,8,6,8,9,7,6,8,7,10
20230404,9,5,8,7,8,8,6,8,8,9,8,9,10,6,7,9,5,9,9,8
20230406,6,7,9,6,7,7,5,8,7,8,7,8,6,8,10,8,7,8,8,8
20230409,7,6,9,8,10,10,9,7,8,9,10,10,6,7,8,9,7,5,6,10
20230411,7,10,7,9,7,9,8,7,10,8,8,8,4,7,7,9,9,6,8,10
20230413,8,8,6,8,5,8,4,7,6,5,7,8,8,4,6,8,4,7,9,8
20230416,8,6,4,5,8,9,8,8,7,4,5,6,7,6,7,7,8,9,8,8
20230418,8,6,8,6,8,4,8,7,4,6,9,8,7,7,10,8,6,10,10,8
20230420,6,6,8,8,8,6,7,7,9,7,9,8,7,8,9,8,9,8,8,6
20230423,5,7,3,5,6,7,7,4,5,5,5,4,5,4,6,8,4,2,4,7
20230425,4,9,6,6,8,7,7,8,7,8,10,7,4,9,9,5,8,7,6,7
20230427,7,9,6,4,7,5,7,7,7,8,9,8,8,7,6,6,7,5,8,7
20230430,8,10,7,9,8,6,7,5,8,6,8,9,7,7,7,9,7,9,6,8
20230502,9,8,9,9,9,6,8,7,9,6,8,9,9,8,7,10,7,7,7,8
20230504,8,9,7,8,8,7,8,8,6,7,9,7,8,10,7,8,10,8,10,7
20230507,6,5,4,5,5,4,6,2,6,5,6,5,5,6,5,3,4,3,7,5
20230509,8,9,8,10,8,10,8,10,9,10,10,6,8,9,10,9,10,9,10,9
20230511,6,6,9,7,8,6,7,7,9,7,6,8,7,7,10,5,9,8,5,6
20230514,8,9,5,9,7,8,6,9,8,7,8,9,8,6,6,10,10,9,8,8
20230516,7,7,8,9,7,7,7,10,6,9,7,9,9,7,7,8,8,5,6,7
20230518,6,8,8,6,5,7,8,7,8,8,9,7,6,7,9,7,8,8,9,10
20230521,5,6,8,8,7,9,4,8,6,7,5,5,6,7,9,5,7,8,7,7
20230523,7,4,7,5,3,9,6,8,7,8,5,6,6,4,5,4,8,7,5,7
20230525,7,2,6,7,3,6,5,3,6,7,5,7,8,4,5,7,6,6,3,6
20230528,9,9,7,10,6,9,7,7,5,6,10,8,9,7,7,7,4,9,9,6
20230530,6,6,8,8,7,7,7,8,5,7,6,6,8,5,8,8,8,8,9,9
20230601,7,5,7,8,6,9,4,8,10,10,7,5,6,8,6,9,7,7,7,4
20230604,9,6,7,8,8,10,8,8,7,6,7,8,8,6,5,7,7,6,6,6
20230606,4,3,7,8,8,7,4,7,4,7,9,5,5,7,7,6,4,5,4,7
20230608,8,5,8,6,7,7,5,8,7,7,5,6,7,9,4,4,8,9,6,8
20230611,5,6,4,1,5,8,8,5,6,6,7,5,6,8,5,5,8,5,7,6
20230613,7,7,7,6,5,6,4,6,6,4,6,6,5,5,5,6,8,4,5,7
20230615,8,5,8,8,5,7,7,9,9,9,9,7,8,8,8,8,7,9,9,7
20230618,6,8,7,8,6,7,10,8,9,8,8,8,9,9,8,9,8,6,8,9
20230620,4,7,7,8,10,5,10,5,4,8,7,5,7,5,6,6,6,6,8,8
20230622,8,7,9,7,9,7,9,8,9,10,8,9,7,9,8,6,6,6,8,5
20230625,6,6,8,7,5,9,6,6,7,5,5,6,8,7,6,6,6,8,6,6
20230627,5,6,7,4,7,7,6,9,5,6,8,4,7,8,4,7,6,8,6,4
20230629,5,6,5,5,4,9,3,5,8,6,7,4,7,6,7,8,4,7,7,7
20230702,7,9,10,10,8,7,8,8,10,7,10,10,10,7,8,9,10,9,9,8
20230704,8,9,10,6,10,8,8,10,10,10,7,9,7,10,10,8,8,7,10,9
20230706,7,8,9,8,9,8,9,9,8,7,6,9,10,9,8,8,8,8,6,8
20230709,8,9,8,8,10,7,8,10,8,10,8,9,9,9,9,8,7,8,5,9
20230711,9,7,9,9,7,9,8,8,8,9,8,9,7,5,10,7,9,8,6,9
20230713,5,7,8,7,5,5,7,6,6,7,5,5,7,6,7,5,6,7,7,4
20230716,8,8,9,8,5,8,9,7,7,9,7,6,8,7,6,8,9,8,8,8
20230718,9,7,7,7,9,8,10,9,9,5,9,8,8,10,7,8,7,9,8,9
20230720,5,8,8,8,5,9,8,8,8,8,6,7,6,9,8,5,8,6,5,8
20230723,8,8,6,9,8,8,9,8,8,7,8,7,9,8,8,8,8,8,9,7
20230725,6,7,8,6,6,7,7,6,6,7,6,6,8,7,9,8,5,7,9,8
20230727,9,8,8,7,8,8,3,8,7,7,6,6,6,9,6,9,6,7,8,7
20230730,7,9,7,5,6,8,7,7,3,7,7,8,8,9,8,6,8,8,6,6
20230801,4,6,6,2,6,3,6,4,4,4,4,5,6,5,4,4,8,6,6,4
20230803,6,9,8,8,8,10,8,4,7,7,5,10,3,7,8,6,6,4,3,5
20230806,8,7,9,6,7,5,9,5,7,6,4,6,8,5,7,7,7,7,6,9
20230808,5,5,8,2,5,6,6,3,3,6,8,6,3,4,7,8,6,4,6,6
20230810,6,4,7,4,6,6,6,4,5,7,7,6,7,5,5,7,6,5,4,7
20230813,5,7,7,5,6,6,10,8,7,7,8,7,6,6,7,7,5,7,6,7
20230815,8,8,7,7,7,9,7,6,8,6,7,8,8,7,7,7,8,6,9,10
20230817,9,5,8,8,7,7,9,6,7,8,8,6,8,6,8,7,7,8,7,7
20230820,6,7,8,5,5,4,7,7,2,3,4,9,5,4,2,5,7,7,7,4
20230822,9,5,8,7,9,10,7,6,8,8,8,7,6,6,7,8,10,8,5,8
20230824,9,8,6,9,8,9,6,7,8,10,8,8,8,7,10,7,8,8,7,7
20230827,9,8,7,4,8,7,6,7,8,8,7,9,7,8,8,4,5,9,8,7
20230829,6,9,9,7,9,10,9,8,8,6,7,5,9,6,7,8,5,9,8,9
20230831,7,7,6,9,10,8,8,7,9,6,5,9,7,6,9,7,7,5,6,8
20230903,8,7,8,6,7,8,8,10,7,7,8,8,9,7,9,7,6,8,8,7
20230905,9,10,9,7,10,8,8,10,9,9,10,8,10,9,9,9,8,8,9,7
20230907,8,8,10,10,8,6,10,6,8,10,9,10,10,6,9,9,7,7,9,9
20230910,5,6,6,5,6,7,4,7,5,7,6,8,9,9,5,7,8,6,6,7
20230912,8,6,9,7,8,9,9,8,9,7,7,9,10,7,7,9,4,7,9,6
20230914,7,9,10,8,8,7,7,9,8,6,7,8,8,7,8,6,7,9,9,7
20230917,7,8,9,8,10,9,9,5,8,8,7,7,8,9,7,6,9,7,9,7
20230919,7,8,7,8,7,8,6,8,7,7,7,7,6,6,8,7,6,7,8,8
20230921,8,5,6,5,6,7,7,6,7,5,7,4,4,7,6,6,2,6,5,7
20230924,6,4,7,4,6,8,5,7,5,5,6,7,8,6,9,7,5,8,5,6
20230926,9,7,7,9,6,8,10,9,5,7,7,8,7,8,8,7,10,6,8,9
20230928,6,8,8,4,7,7,6,7,8,7,3,5,10,8,9,8,10,5,5,9
20231005,6,10,7,10,9,10,8,9,9,9,9,10,9,8,6,7,9,10,9,7
20231008,8,8,8,9,8,8,5,7,5,6,5,6,4,5,8,5,6,5,5,5
20231010,7,8,8,9,7,6,4,8,8,9,9,8,6,10,5,7,8,6,9,9
20231012,8,8,8,7,10,7,6,8,7,6,9,9,8,8,7,4,7,9,8,6
20231015,9,5,6,8,5,9,6,6,7,7,6,6,6,9,8,8,10,7,7,7
20231017,10,8,9,9,8,9,8,7,7,6,9,6,9,6,7,6,8,8,6,7
20231019,9,9,9,9,7,9,7,8,9,9,7,7,8,10,10,9,10,7,6,6
20231022,6,7,5,5,6,8,6,5,7,8,8,6,6,7,4,7,8,8,6,7
20231024,8,10,3,8,6,8,8,9,6,10,6,6,9,7,9,7,8,6,6,6
20231026,5,5,8,5,9,5,6,9,8,10,6,7,8,5,7,5,5,8,9,8
20231029,6,6,8,9,9,7,7,7,7,9,8,10,8,9,9,10,8,7,7,9
20231031,8,6,8,9,5,7,4,6,7,5,5,6,6,7,5,5,6,8,6,7
20231102,9,9,9,10,7,7,8,8,9,7,8,7,8,9,6,8,8,9,8,7
20231105,7,10,9,7,4,6,7,6,6,7,9,6,6,7,5,8,5,8,7,8
20231107,5,6,7,7,7,5,5,6,4,7,8,8,3,5,5,9,7,6,5,5
20231109,7,9,7,9,7,7,7,7,6,5,7,7,5,8,4,7,6,7,8,8
20231112,9,6,5,8,7,6,5,7,1,5,6,6,6,8,7,5,5,8,8,9
20231114,8,8,9,7,7,9,8,6,10,10,3,7,5,8,9,6,7,8,6,6
20231116,9,6,7,8,5,8,8,7,10,7,9,8,9,7,10,8,8,6,8,7
20231119,9,7,10,8,8,9,6,7,8,8,8,9,7,7,10,9,9,6,6,7
20231121,8,8,5,8,7,8,8,8,5,9,6,9,6,7,9,5,8,8,6,6
20231123,9,5,8,8,7,8,9,8,9,8,6,9,9,7,7,8,7,9,8,7
20231126,6,9,4,6,8,8,6,4,6,7,9,8,7,7,8,8,7,8,8,4
20231128,9,10,8,8,8,7,9,8,7,8,8,7,8,8,8,9,10,7,6,8
20231130,7,7,8,6,4,7,8,3,8,6,7,8,7,7,7,6,6,7,7,7
20231203,7,4,6,8,8,7,8,8,6,7,7,6,8,6,8,7,5,5,7,7
20231205,8,5,7,8,9,6,9,7,10,10,9,9,8,10,9,8,6,9,9,7
20231207,4,5,6,6,8,6,7,6,8,7,7,7,5,9,7,5,7,9,7,6
20231210,5,7,7,7,9,8,8,8,7,4,5,7,6,6,9,8,7,8,8,6
20231212,6,7,8,8,10,9,7,9,9,8,10,9,8,6,9,9,10,8,9,9
20231214,8,6,7,6,6,6,8,6,6,4,7,5,5,8,4,3,6,7,6,4
20231217,7,7,10,9,10,10,8,9,6,10,8,8,8,9,9,10,9,8,8,9
20231219,8,5,6,8,7,6,8,6,7,7,8,7,5,8,7,6,8,6,8,5
20231221,4,7,5,8,8,8,7,9,3,8,5,8,8,7,7,6,6,6,5,7
20231224,9,9,9,8,9,8,9,8,9,7,9,9,7,9,8,10,8,4,8,8
20231226,7,7,6,7,9,8,9,8,4,9,4,8,7,5,6,7,7,8,4,7
20231228,7,7,6,7,6,4,7,8,6,7,6,7,7,7,7,8,5,6,7,7
20231231,6,6,4,5,8,4,6,6,5,6,6,4,4,5,4,7,7,6,6,7
20240102,5,5,6,5,7,5,3,7,6,8,4,6,6,5,4,5,4,6,7,4
20240104,8,9,9,10,9,10,7,8,7,7,8,10,10,8,7,9,8,9,8,8
20240107,3,5,7,5,2,6,6,4,6,8,5,6,7,5,7,5,6,7,5,4
20240109,8,7,8,10,10,8,6,6,9,8,6,8,8,9,9,5,8,8,6,8
20240111,8,7,7,8,9,6,7,7,10,8,8,8,9,4,8,7,9,9,7,8
20240114,8,7,8,6,9,8,7,8,4,9,6,8,7,6,7,7,7,7,7,6
20240116,10,10,7,9,10,7,9,9,9,8,8,9,10,9,9,9,8,7,9,9
20240118,6,6,10,9,8,7,8,8,6,6,9,8,9,10,7,6,5,6,8,9
20240121,9,9,7,8,5,9,6,8,9,8,7,7,8,9,7,9,10,6,7,7
20240123,7,8,8,7,9,7,9,8,3,7,8,9,8,7,9,10,9,6,8,6
20240125,6,6,8,6,6,6,8,7,6,8,9,7,6,8,8,8,7,7,6,5
20240128,8,6,5,7,6,6,6,6,5,7,9,8,7,8,7,8,7,8,7,8
20240130,4,9,7,9,7,9,6,8,7,7,7,8,5,7,5,8,6,5,7,6
20240201,7,7,6,7,6,9,7,10,9,10,9,8,8,9,4,9,8,9,7,9
20240204,6,7,8,8,8,7,8,8,10,7,6,5,8,7,8,8,5,7,5,5
20240206,5,9,6,7,6,4,5,6,5,4,7,8,6,5,8,5,8,7,6,7
20240218,10,8,8,8,9,9,5,7,7,5,8,7,8,10,8,7,10,9,7,8
20240220,7,10,8,9,9,8,8,8,7,10,9,8,9,8,6,9,8,8,8,7
20240222,7,4,9,9,7,8,6,6,7,9,8,7,8,7,7,9,7,8,4,9
20240225,6,7,8,7,7,10,8,6,7,7,5,6,7,7,7,7,4,8,9,8
20240227,9,10,8,9,8,6,7,6,10,8,9,8,7,8,8,6,6,10,6,6
20240229,8,8,4,9,10,6,8,6,8,6,5,7,5,8,6,7,9,6,8,6
20240303,6,5,7,5,5,7,5,8,8,5,8,8,7,7,6,9,3,6,7,7
20240305,6,8,7,7,10,8,7,6,6,6,7,8,7,9,7,8,9,6,9,7
20240307,5,5,8,5,4,7,6,4,8,7,5,4,6,7,7,7,3,7,6,5
20240310,8,8,8,6,8,9,9,7,6,9,8,7,7,7,6,10,9,7,7,7
20240312,7,6,8,6,6,7,5,7,6,4,8,7,8,9,7,4,9,3,9,6
20240314,8,8,7,9,9,8,8,6,8,8,7,10,10,7,8,7,9,8,9,10
20240317,10,5,9,9,5,7,7,8,6,7,5,8,6,6,8,3,7,6,6,9
20240319,7,7,4,4,5,5,2,5,8,3,5,8,5,5,7,7,6,5,2,4
20240321,8,10,8,9,5,9,7,8,7,9,8,8,8,8,7,6,6,7,7,9
20240324,8,10,9,10,8,10,8,10,9,10,8,9,9,10,10,9,6,7,6,9
20240326,7,5,5,5,6,4,5,7,8,7,8,7,5,4,5,7,6,7,7,7
20240328,7,7,8,9,8,4,5,6,9,7,7,9,4,7,8,8,8,6,8,6
20240331,8,6,8,7,7,4,6,9,9,7,7,7,5,7,3,8,6,4,5,6
20240402,7,8,8,6,9,8,6,8,6,4,10,6,9,8,8,6,6,9,9,5
20240404,7,8,7,8,8,6,9,6,9,9,6,4,7,9,8,9,7,5,6,10
20240407,6,6,8,6,7,8,8,8,7,8,7,9,7,7,8,7,6,8,8,7
20240409,9,7,9,8,8,9,6,7,5,5,8,9,6,7,7,8,6,10,9,8
20240411,8,8,9,8,7,6,8,9,10,8,7,8,8,10,8,8,10,7,7,7
20240414,5,8,7,5,8,6,6,8,8,6,8,6,7,6,4,9,7,8,7,7
20240416,10,9,9,6,9,5,9,7,8,6,10,9,7,7,6,7,9,8,9,10
20240418,8,10,8,10,9,6,10,10,10,9,8,9,9,8,10,8,10,8,7,8
20240421,5,6,6,4,4,5,5,9,6,8,4,8,5,3,5,8,6,8,7,6
20240423,9,7,4,10,9,8,9,8,9,8,8,7,9,8,7,7,7,8,6,10
20240425,6,6,6,9,5,10,10,9,6,3,7,6,6,6,8,8,9,8,9,6
20240428,7,8,8,7,7,8,9,6,8,7,6,6,8,5,8,6,5,7,6,9
20240430,7,8,8,8,7,9,8,9,9,6,8,7,8,8,7,9,8,7,8,8
20240502,4,8,4,6,5,8,7,6,8,7,6,3,6,5,4,5,7,5,8,6
20240505,2,6,5,4,4,5,3,6,6,6,4,5,4,5,5,5,4,5,5,5
20240507,8,10,9,7,9,10,10,8,8,9,7,7,9,8,9,9,9,4,6,6
20240509,7,8,8,6,8,6,6,10,7,6,6,9,7,7,8,8,4,10,10,8
20240512,8,6,8,7,7,6,7,10,7,10,7,9,8,4,8,6,6,7,6,8
20240514,6,7,5,4,8,7,4,4,4,6,7,7,6,7,7,7,6,6,6,8
20240516,8,9,8,8,8,8,6,6,6,7,5,10,6,9,8,5,7,7,7,7
20240519,9,8,10,8,10,8,10,9,9,9,7,9,8,8,7,7,9,8,10,10
20240521,5,7,5,8,9,5,5,7,6,8,6,9,7,10,9,4,6,7,7,7
20240523,7,10,6,8,8,7,5,8,8,9,9,8,10,6,7,7,10,7,8,9
20240526,6,6,7,7,5,9,8,7,8,6,9,7,4,7,8,5,5,6,3,6
20240528,8,9,6,8,4,5,7,4,6,5,8,6,7,3,5,2,5,4,7,5
20240530,7,9,7,10,6,6,7,10,8,7,7,7,3,8,7,7,9,10,5,7
20240602,7,6,4,8,6,4,6,5,8,4,5,4,4,3,8,5,6,5,8,5
20240604,8,9,6,6,8,7,8,6,7,6,6,8,5,9,7,10,7,10,9,9
20240606,10,10,9,10,6,8,9,9,9,8,9,9,10,8,7,10,7,9,10,6
20240609,7,9,8,6,8,4,7,10,8,9,9,7,8,8,7,9,10,9,10,6
20240611,7,5,10,7,6,9,6,9,6,7,8,9,8,9,7,8,6,9,7,6
20240613,8,9,8,6,7,6,7,5,8,8,7,8,7,9,5,5,9,9,7,9
20240616,7,6,8,10,6,7,9,8,8,10,6,7,9,10,9,8,7,8,9,8
20240618,9,10,7,8,6,6,5,5,7,5,6,9,7,8,9,7,8,9,6,4
20240620,10,6,8,7,8,8,9,10,8,8,8,9,5,8,8,8,8,8,7,7
20240623,8,4,6,9,8,6,6,7,6,8,8,8,6,5,7,6,7,7,8,8
20240625,6,8,5,8,10,8,9,7,8,8,10,7,7,7,6,6,4,7,8,9
20240627,4,7,8,8,7,7,6,8,8,7,9,9,9,9,9,5,8,7,9,10
20240630,7,8,6,8,8,9,5,4,8,9,9,5,6,3,7,8,8,4,5,10
20240702,8,3,9,7,8,9,5,10,6,6,5,7,5,6,6,8,7,8,8,8
20240704,7,8,9,8,6,8,5,9,9,7,6,7,10,10,8,5,7,10,8,8
20240707,7,6,7,7,10,8,7,8,8,9,8,8,9,9,7,10,6,7,9,8
20240709,10,9,10,8,7,7,8,9,9,8,7,7,8,8,9,8,9,9,7,6
20240711,7,5,6,7,6,7,8,7,6,5,4,8,8,7,6,6,7,6,8,7
20240714,9,7,5,6,6,7,8,10,8,9,9,7,8,9,9,7,7,8,9,8
20240716,5,6,8,5,5,5,8,7,6,4,6,5,3,3,6,6,4,8,8,5
20240718,6,8,9,7,7,6,10,7,6,9,10,8,7,9,7,10,7,7,6,10
20240721,7,8,9,4,6,3,8,7,7,9,7,9,9,9,6,9,8,5,7,9
20240723,8,8,9,6,4,9,8,9,5,6,9,7,7,6,7,8,8,7,9,7
20240725,9,9,8,8,6,7,5,6,9,6,7,8,8,7,6,7,6,9,7,8
20240728,9,10,10,10,7,9,9,7,9,8,6,8,7,10,10,7,9,6,8,9
20240730,9,8,7,9,8,6,4,10,8,9,9,10,8,9,7,9,7,9,7,6
20240801,5,3,7,6,7,5,6,6,8,8,5,7,4,7,7,8,7,8,7,7
20240804,8,8,9,8,8,8,9,8,9,8,7,9,6,8,9,8,8,9,7,6
20240806,5,7,5,8,5,5,6,6,5,5,5,4,6,4,7,8,5,6,7,8
20240808,8,6,8,8,9,7,9,7,6,8,6,5,9,8,7,9,8,6,7,6
20240811,10,9,6,8,8,7,8,8,9,9,5,9,7,7,7,8,8,7,9,7
20240813,10,5,6,7,7,4,8,6,8,8,9,4,5,4,4,7,6,5,6,6
20240815,6,8,5,7,6,8,7,8,7,6,8,5,7,7,6,4,6,6,4,6
20240818,10,9,7,7,6,8,8,7,9,7,5,8,7,8,7,8,9,8,7,7
20240820,7,9,8,8,8,6,7,7,5,7,6,7,7,9,7,9,5,6,9,6
20240822,10,4,8,7,7,9,9,8,8,6,7,6,7,7,7,8,9,9,8,8
20240825,7,8,7,7,6,6,6,9,7,6,7,9,7,8,6,7,10,8,6,8
20240827,10,9,8,7,8,8,9,8,9,9,9,8,9,8,8,7,7,6,9,10
20240829,9,8,9,8,6,7,8,8,6,8,9,8,8,7,8,7,8,6,9,8
20240901,9,7,6,6,5,7,5,8,7,8,8,9,8,8,6,8,5,7,7,8
20240903,9,10,10,7,8,9,10,8,8,7,8,8,8,8,8,9,6,9,8,8
20240905,5,5,7,6,4,9,4,6,5,3,6,5,5,3,4,5,5,5,5,5
20240908,6,10,8,8,7,7,7,9,7,10,5,5,7,8,7,9,9,9,9,10
20240910,8,7,8,7,7,5,8,5,7,7,8,7,9,9,8,7,9,8,9,7
20240912,8,8,7,6,8,5,9,7,5,7,7,8,6,8,8,8,6,4,7,7
20240915,7,6,6,6,5,7,7,8,7,7,5,7,5,6,6,6,6,6,7,7
20240917,6,9,7,8,8,6,8,9,8,9,8,9,6,8,8,7,5,9,6,5
20240919,7,8,8,9,7,6,9,3,7,9,7,8,10,7,9,8,8,8,9,5
20240922,6,2,7,5,5,4,8,6,6,6,8,4,5,4,9,5,7,7,7,7
20240924,7,8,7,7,7,8,6,9,8,6,7,9,5,10,5,7,9,5,7,7
20240926,9,4,8,8,6,7,7,7,6,7,10,6,7,8,5,7,7,7,7,7
20240929,7,7,10,7,6,6,7,9,7,10,9,7,5,9,8,6,8,10,8,8
20241006,6,9,6,8,8,8,9,8,6,9,7,7,9,6,6,8,6,7,7,8
20241008,10,6,10,8,10,9,9,6,9,7,10,8,9,8,8,9,9,9,8,6
20241010,6,4,9,7,6,4,5,3,8,1,6,5,4,5,5,5,4,4,6,6
20241013,9,8,8,8,8,8,8,9,5,6,8,6,7,8,9,6,7,8,10,8
20241015,9,6,10,10,6,6,8,6,8,8,8,8,10,8,7,7,7,10,10,10
20241017,6,3,9,5,9,8,7,4,7,6,8,7,7,8,4,8,4,6,8,6
20241020,9,9,9,9,8,6,7,8,7,8,7,8,7,9,7,9,8,8,8,8
20241022,5,6,8,3,6,4,5,7,4,5,6,5,5,9,4,4,4,7,6,6
20241024,10,6,8,7,7,4,7,6,9,8,8,9,8,9,7,9,7,9,9,7
20241027,9,5,4,5,7,3,5,6,7,8,3,6,4,6,6,6,5,7,7,8
20241029,8,5,10,8,9,5,8,6,10,8,10,8,8,7,7,7,7,8,6,5
20241031,8,7,8,10,10,7,5,6,9,8,4,4,9,8,7,5,5,6,8,5
20241103,7,5,7,6,9,7,8,10,5,10,10,6,10,8,8,6,7,9,6,8
20241105,6,8,6,8,7,5,7,8,6,5,8,7,7,6,7,8,4,5,9,6
20241107,7,6,7,6,5,6,5,6,10,9,8,7,6,7,4,8,4,10,6,7
20241110,9,9,7,6,8,9,8,8,8,7,7,10,9,8,9,10,7,8,6,9
20241112,6,9,8,5,7,6,7,7,6,5,6,7,7,8,7,8,7,9,7,7
20241114,8,7,7,7,9,6,7,8,6,7,10,8,4,7,6,5,5,5,9,8
20241117,10,8,7,9,10,9,9,6,7,9,7,8,10,10,8,8,7,9,7,6
20241119,5,6,5,6,4,5,6,4,3,2,3,3,5,5,5,8,5,5,7,6
20241121,6,8,7,8,10,8,6,8,8,7,10,4,9,4,8,7,9,4,9,9
20241124,7,5,5,8,8,7,7,6,9,6,6,9,5,8,8,6,7,7,4,7
20241126,7,3,5,7,7,4,7,7,7,3,8,9,8,8,5,8,9,4,8,7
20241128,9,9,7,9,8,9,7,7,8,7,9,8,8,6,9,7,7,9,7,7
20241201,6,9,5,8,8,5,8,6,6,9,6,5,7,6,7,5,7,9,8,8
20241203,8,9,9,7,9,9,7,9,8,9,9,10,8,10,9,8,6,9,6,9
20241205,7,9,7,7,10,8,6,10,8,7,7,8,7,7,5,8,7,7,6,9
20241208,6,8,7,8,7,5,6,6,6,6,7,6,9,8,7,9,8,9,8,5
20241210,7,7,7,8,6,7,6,8,7,7,9,8,7,7,7,6,10,7,9,6
20241212,8,3,7,7,5,6,7,7,6,7,4,7,7,4,7,5,5,7,4,8
20241215,10,8,9,7,5,8,8,8,7,8,9,9,6,7,4,8,6,5,8,5
20241217,7,5,7,7,7,6,5,8,5,8,7,8,9,9,9,9,6,4,5,6
20241219,5,6,8,8,8,7,7,6,7,6,3,7,7,7,7,7,5,8,9,9
20241222,6,9,8,10,7,7,6,8,9,7,7,4,7,6,5,6,5,4,6,5
20241224,6,9,7,9,7,7,9,9,8,5,10,7,10,8,5,8,5,7,9,9
20241226,9,7,6,7,8,9,10,7,9,9,9,6,7,7,9,8,6,9,5,6
20241229,8,10,5,9,6,8,6,8,7,9,8,8,7,8,5,7,7,8,10,7
20241231,6,8,4,8,8,8,8,6,9,7,6,7,9,7,6,6,8,7,8,10
20250102,6,5,4,4,5,6,7,5,4,4,3,5,5,3,7,4,4,2,5,3
20250105,7,6,2,10,9,8,8,6,5,7,8,8,8,8,10,6,8,9,9,9
20250107,10,9,9,9,10,8,6,9,9,9,9,8,10,9,8,8,7,9,8,8
20250109,6,9,6,7,8,9,9,8,6,8,8,6,3,7,6,7,6,7,5,6
20250112,9,7,9,9,8,10,9,9,8,7,8,8,9,8,9,9,7,7,9,9
20250114,7,9,6,6,7,7,7,7,7,9,7,8,7,6,10,7,8,8,10,3
20250116,7,10,7,8,8,8,8,9,9,8,9,7,6,8,6,9,10,10,9,7
20250119,8,6,5,5,8,7,8,6,8,9,8,9,7,9,6,5,9,7,6,7
20250121,6,8,8,10,8,7,8,8,7,9,8,10,9,7,6,9,6,8,8,6
20250123,7,6,6,4,8,9,5,9,7,8,7,8,6,7,9,6,7,9,10,7
20250126,7,7,9,8,9,10,8,6,8,9,7,9,9,9,9,9,8,7,10,5
20250206,4,7,4,5,5,7,6,8,5,7,6,6,7,8,6,6,6,5,5,6
20250209,8,9,8,8,9,9,9,8,9,9,10,10,8,9,9,8,10,8,10,7
20250211,7,7,7,8,4,9,8,7,7,9,9,7,7,8,6,3,6,7,9,6
20250213,7,9,10,9,4,8,8,9,7,6,10,7,7,7,8,6,7,9,8,6
20250216,5,4,6,6,6,6,5,5,5,4,6,6,8,6,4,7,7,8,7,6
20250218,7,6,10,9,10,8,8,10,7,8,9,9,8,9,8,8,9,9,8,8
20250220,10,7,10,9,8,9,9,7,9,8,10,10,8,8,8,9,10,10,7,9
20250223,7,6,8,7,6,10,8,8,7,5,9,7,5,7,7,10,8,9,7,8
20250225,9,8,8,8,7,7,7,9,7,9,3,7,7,9,3,8,8,6,9,8
20250227,7,10,6,5,8,6,3,9,8,7,7,7,3,5,8,8,7,4,4,7
20250302,6,7,7,7,8,6,7,7,8,6,9,7,8,8,5,8,9,8,8,6
20250304,7,9,7,8,8,8,9,10,10,6,8,8,9,7,9,6,7,8,7,8
20250306,5,5,6,2,4,4,4,8,5,5,4,8,5,5,4,5,5,7,4,4
20250309,9,6,3,8,7,7,6,5,6,7,4,7,6,8,6,6,9,8,4,6
