Date,P1,P2,P3,P4,P5,P6,P7
20160515,0,0,0,0,0,0,-1
20160517,1,2,0,0,0,0,-1
20160519,0,0,0,0,0,0,-1
20160522,2,2,0,0,0,0,-1
20160524,1,2,0,0,0,3,-1
20160526,3,2,0,0,0,2,-1
20160529,1,0,0,0,0,4,-1
20160531,2,0,0,0,0,1,-1
20160602,0,2,0,0,0,1,-1
20160605,1,2,0,0,0,5,-1
20160607,1,1,0,0,0,0,4
20160609,2,0,0,0,0,3,-1
20160612,1,1,0,0,0,3,-1
20160614,2,0,0,0,0,2,-1
20160616,0,0,0,0,0,1,-1
20160619,1,2,0,0,0,3,-1
20160621,1,1,0,0,0,1,-1
20160623,2,1,0,0,0,1,-1
20160626,1,1,0,0,0,8,4
20160628,1,2,0,0,0,2,-1
20160630,1,1,0,0,0,2,4
20160703,1,1,0,0,0,1,4
20160705,2,3,0,0,0,17,-1
20160707,3,1,0,0,0,4,-1
20160710,2,0,0,0,0,10,-1
20160712,2,1,0,0,0,2,-1
20160714,2,2,0,0,0,4,-1
20160717,0,1,0,0,0,3,-1
20160719,1,1,0,0,0,7,4
20160721,1,2,0,0,0,4,-1
20160724,0,0,0,0,0,3,-1
20160726,3,2,0,0,0,5,-1
20160728,2,1,0,0,0,3,-1
20160731,0,1,0,0,0,3,-1
20160802,2,0,0,0,0,1,-1
20160804,1,0,0,0,0,1,-1
20160807,3,2,0,0,0,5,-1
20160809,3,1,0,0,0,5,-1
20160811,4,2,0,0,0,2,-1
20160814,0,1,0,0,0,4,-1
20160816,1,1,0,0,0,12,4
20160818,1,1,0,0,0,1,4
20160821,2,1,0,0,0,5,-1
20160823,1,1,0,0,0,2,4
20160825,0,0,0,0,0,5,-1
20160828,1,0,0,0,0,1,-1
20160830,1,1,0,0,0,3,4
20160901,2,2,0,0,0,9,-1
20160904,1,2,0,0,0,6,-1
20160906,2,1,0,0,0,1,-1
20160908,3,1,0,0,0,1,-1
20160911,2,2,0,0,0,4,-1
20160913,0,1,0,0,0,7,-1
20160915,2,1,0,0,0,3,-1
20160918,0,0,0,0,0,2,-1
20160920,1,0,0,0,0,1,-1
20160922,2,2,0,0,0,5,-1
20160925,1,1,0,0,0,4,-1
20160927,1,0,0,0,0,3,-1
20160929,2,1,0,0,0,2,-1
20161002,1,0,0,0,0,2,-1
20161004,0,0,0,0,0,1,-1
20161006,2,2,0,0,0,6,-1
20161009,0,0,0,0,0,2,-1
20161011,1,0,0,0,0,1,-1
20161013,2,1,0,0,0,6,-1
20161016,1,1,0,0,0,20,4
20161018,1,2,0,0,0,2,-1
20161020,3,1,0,0,0,1,-1
20161023,1,0,0,0,0,5,-1
20161025,0,0,0,0,0,1,-1
20161027,0,0,0,0,0,1,-1
20161030,1,2,0,0,0,4,-1
20161101,2,2,0,0,0,11,-1
20161103,1,1,0,0,0,2,-1
20161106,2,0,0,0,0,4,-1
20161108,1,0,0,0,0,1,-1
20161110,1,1,0,0,0,3,-1
20161113,0,0,0,0,0,2,-1
20161115,1,0,0,0,0,1,-1
20161117,1,2,0,0,0,3,-1
20161120,3,1,0,0,0,1,-1
20161122,1,1,0,0,0,16,4
20161124,1,2,0,0,0,2,-1
20161127,1,3,0,0,0,1,-1
20161129,1,1,0,0,0,3,4
20161201,2,2,0,0,0,13,-1
20161204,2,0,0,0,0,8,-1
20161206,1,1,0,0,0,3,4
20161208,1,1,0,0,0,1,4
20161211,1,2,0,0,0,6,-1
20161213,0,0,0,0,0,4,-1
20161215,1,0,0,0,0,1,-1
20161218,0,0,0,0,0,1,-1
20161220,0,1,0,0,0,1,-1
20161222,4,0,0,0,0,1,-1
20161225,1,0,0,0,0,1,-1
20161227,2,2,0,0,0,11,-1
20161229,3,0,0,0,0,2,-1
20170101,0,2,0,0,0,1,-1
20170103,1,0,0,0,0,1,-1
20170105,1,1,0,0,0,12,4
20170108,0,0,0,0,0,2,-1
20170110,0,0,0,0,0,1,-1
20170112,2,2,0,0,0,7,-1
20170115,2,0,0,0,0,2,-1
20170117,1,1,0,0,0,5,4
20170119,1,3,0,0,0,17,-1
20170122,2,1,0,0,0,1,-1
20170124,3,3,0,0,0,0,-1
20170126,1,3,0,0,0,2,-1
20170205,2,1,0,0,0,1,-1
20170207,0,1,0,0,0,7,-1
20170209,3,2,0,0,0,9,-1
20170212,2,2,0,0,0,1,-1
20170214,0,1,0,0,0,3,-1
20170216,2,2,0,0,0,2,-1
20170219,1,2,0,0,0,6,-1
20170221,1,2,0,0,0,1,-1
20170223,1,0,0,0,0,4,-1
20170226,0,0,0,0,0,1,-1
20170228,1,0,0,0,0,1,-1
20170302,3,0,0,0,0,1,-1
20170305,2,2,0,0,0,7,-1
20170307,1,1,0,0,0,18,4
20170309,1,1,0,0,0,7,-1
20170312,3,0,0,0,0,4,-1
20170314,1,1,0,0,0,3,4
20170316,0,2,0,0,0,2,-1
20170319,2,1,0,0,0,4,-1
20170321,2,2,0,0,0,7,-1
20170323,1,2,0,0,0,2,-1
20170326,2,1,0,0,0,1,-1
20170328,1,1,0,0,0,6,4
20170330,0,1,0,0,0,6,-1
20170402,0,2,0,0,0,1,-1
20170404,0,2,0,0,0,1,-1
20170406,4,4,0,0,0,0,-1
20170409,1,1,0,0,0,6,-1
20170411,1,1,0,0,0,1,-1
20170413,2,2,0,0,0,10,-1
20170416,0,0,0,0,0,5,-1
20170418,0,2,0,0,0,1,-1
20170420,0,0,0,0,0,1,-1
20170423,1,1,0,0,0,5,-1
20170425,1,2,0,0,0,1,-1
20170427,3,4,0,0,0,37,-1
20170430,1,1,0,0,0,2,-1
20170502,2,1,0,0,0,1,-1
20170504,2,4,0,0,0,9,-1
20170507,2,2,0,0,0,1,-1
20170509,3,2,0,0,0,1,-1
20170511,1,3,0,0,0,4,-1
20170514,1,0,0,0,0,10,-1
20170516,0,2,0,0,0,1,-1
20170518,0,0,0,0,0,1,-1
20170521,2,2,0,0,0,5,-1
20170523,2,3,0,0,0,1,-1
20170525,0,2,0,0,0,3,-1
20170528,1,2,0,0,0,7,-1
20170530,0,0,0,0,0,2,-1
20170601,0,2,0,0,0,1,-1
20170604,1,0,0,0,0,1,-1
20170606,2,1,0,0,0,4,-1
20170608,1,2,0,0,0,1,-1
20170611,3,2,0,0,0,8,-1
20170613,1,0,0,0,0,4,-1
20170615,1,0,0,0,0,1,-1
20170618,1,0,0,0,0,1,-1
20170620,1,0,0,0,0,1,-1
20170622,1,2,0,0,0,6,-1
20170625,3,3,0,0,0,25,-1
20170627,1,0,0,0,0,3,-1
20170629,1,2,0,0,0,3,-1
20170702,3,2,0,0,0,9,-1
20170704,2,1,0,0,0,2,-1
20170706,1,2,0,0,0,1,-1
20170709,2,2,0,0,0,3,-1
20170711,0,2,0,0,0,6,-1
20170713,2,3,0,0,0,2,-1
20170716,0,1,0,0,0,2,-1
20170718,2,2,0,0,0,2,-1
20170720,1,2,0,0,0,6,-1
20170723,2,2,0,0,0,2,-1
20170725,3,2,0,0,0,1,-1
20170727,2,2,0,0,0,1,-1
20170730,2,2,0,0,0,1,-1
20170801,0,0,0,0,0,7,-1
20170803,0,0,0,0,0,1,-1
20170806,2,1,0,0,0,7,-1
20170808,3,2,0,0,0,4,-1
20170810,2,1,0,0,0,2,-1
20170813,3,1,0,0,0,1,-1
20170815,1,2,0,0,0,1,-1
20170817,0,1,0,0,0,6,-1
20170820,2,3,0,0,0,5,-1
20170822,2,1,0,0,0,3,-1
20170824,2,3,0,0,0,2,-1
20170827,2,0,0,0,0,4,-1
20170829,0,0,0,0,0,1,-1
20170831,1,2,0,0,0,4,-1
20170903,1,0,0,0,0,2,-1
20170905,0,2,0,0,0,1,-1
20170907,3,1,0,0,0,3,-1
20170910,0,2,0,0,0,2,-1
20170912,0,1,0,0,0,1,-1
20170914,2,3,0,0,0,9,-1
20170917,1,2,0,0,0,4,-1
20170919,2,2,0,0,0,2,-1
20170921,0,2,0,0,0,4,-1
20170924,1,0,0,0,0,1,-1
20170926,2,2,0,0,0,3,-1
20170928,0,1,0,0,0,2,-1
20171001,1,1,0,0,0,80,4
20171003,1,1,0,0,0,7,-1
20171005,1,1,0,0,0,1,-1
20171008,1,1,0,0,0,3,4
20171010,3,1,0,0,0,2,-1
20171012,2,1,0,0,0,1,-1
20171015,0,0,0,0,0,7,-1
20171017,1,1,0,0,0,2,-1
20171019,1,2,0,0,0,1,-1
20171022,2,2,0,0,0,11,-1
20171024,3,1,0,0,0,2,-1
20171026,1,0,0,0,0,5,-1
20171029,1,0,0,0,0,1,-1
20171031,0,0,0,0,0,1,-1
20171102,2,1,0,0,0,4,-1
20171105,3,0,0,0,0,2,-1
20171107,2,1,0,0,0,2,-1
20171109,0,2,0,0,0,2,-1
20171112,0,1,0,0,0,1,-1
20171114,2,1,0,0,0,3,-1
20171116,0,0,0,0,0,2,-1
20171119,2,3,0,0,0,12,-1
20171121,1,2,0,0,0,3,-1
20171123,1,0,0,0,0,3,-1
20171126,1,0,0,0,0,1,-1
20171128,0,1,0,0,0,1,-1
20171130,1,1,0,0,0,23,4
20171203,1,1,0,0,0,5,-1
20171205,3,2,0,0,0,7,-1
20171207,1,1,0,0,0,2,-1
20171210,2,1,0,0,0,1,-1
20171212,1,0,0,0,0,6,-1
20171214,1,2,0,0,0,2,-1
20171217,2,1,0,0,0,1,-1
20171219,2,2,0,0,0,6,-1
20171221,2,2,0,0,0,1,-1
20171224,2,3,0,0,0,1,-1
20171226,1,1,0,0,0,4,-1
20171228,1,2,0,0,0,1,-1
20171231,1,1,0,0,0,13,4
20180102,1,1,0,0,0,1,4
20180104,2,1,0,0,0,3,-1
20180107,0,0,0,0,0,11,-1
20180109,1,2,0,0,0,2,-1
20180111,2,2,0,0,0,8,-1
20180114,2,2,0,0,0,1,-1
20180116,0,3,0,0,0,4,-1
20180118,2,4,0,0,0,2,-1
20180121,0,1,0,0,0,2,-1
20180123,2,2,0,0,0,2,-1
20180125,1,1,0,0,0,10,4
20180128,2,2,0,0,0,2,-1
20180130,1,0,0,0,0,4,-1
20180201,3,2,0,0,0,2,-1
20180204,1,0,0,0,0,2,-1
20180206,1,2,0,0,0,12,-1
20180208,0,0,0,0,0,2,-1
20180211,0,1,0,0,0,1,-1
20180213,2,2,0,0,0,5,-1
20180222,2,3,0,0,0,1,-1
20180225,1,1,0,0,0,5,-1
20180227,1,2,0,0,0,1,-1
20180301,1,1,0,0,0,1,-1
20180304,2,2,0,0,0,4,-1
20180306,1,1,0,0,0,14,4
20180308,1,2,0,0,0,3,-1
20180311,0,1,0,0,0,9,-1
20180313,0,2,0,0,0,1,-1
20180315,2,1,0,0,0,3,-1
20180318,1,3,0,0,0,1,-1
20180320,0,0,0,0,0,3,-1
20180322,0,0,0,0,0,1,-1
20180325,2,1,0,0,0,3,-1
20180327,0,1,0,0,0,2,-1
20180329,1,0,0,0,0,1,-1
20180401,2,1,0,0,0,3,-1
20180403,1,1,0,0,0,12,4
20180405,2,2,0,0,0,14,-1
20180408,1,0,0,0,0,4,-1
20180410,0,1,0,0,0,1,-1
20180412,0,0,0,0,0,1,-1
20180415,0,2,0,0,0,1,-1
20180417,1,2,0,0,0,7,-1
20180419,1,1,0,0,0,7,4
20180422,2,0,0,0,0,3,-1
20180424,3,3,0,0,0,127,-1
20180426,0,2,0,0,0,2,-1
20180429,1,0,0,0,0,1,-1
20180501,2,0,0,0,0,1,-1
20180503,0,1,0,0,0,1,-1
20180506,2,0,0,0,0,1,-1
20180508,3,0,0,0,0,1,-1
20180510,2,4,0,0,0,15,-1
20180513,2,1,0,0,0,11,-1
20180515,1,1,0,0,0,1,-1
20180517,0,0,0,0,0,4,-1
20180520,1,3,0,0,0,2,-1
20180522,0,1,0,0,0,2,-1
20180524,1,2,0,0,0,2,-1
20180527,2,3,0,0,0,7,-1
20180529,1,0,0,0,0,3,-1
20180531,1,1,0,0,0,3,-1
20180603,0,0,0,0,0,2,-1
20180605,0,0,0,0,0,1,-1
20180607,3,2,0,0,0,5,-1
20180610,0,1,0,0,0,2,-1
20180612,2,2,0,0,0,2,-1
20180614,1,3,0,0,0,6,-1
20180617,1,1,0,0,0,25,4
20180619,2,1,0,0,0,2,-1
20180621,1,2,0,0,0,1,-1
20180624,1,2,0,0,0,1,-1
20180626,1,1,0,0,0,4,4
20180628,1,2,0,0,0,2,-1
20180701,1,3,0,0,0,1,-1
20180703,1,1,0,0,0,1,-1
20180705,4,3,0,0,0,31,-1
20180708,2,0,0,0,0,12,-1
20180710,1,1,0,0,0,3,-1
20180712,1,2,0,0,0,1,-1
20180715,0,2,0,0,0,3,-1
20180717,4,2,0,0,0,15,-1
20180719,1,1,0,0,0,10,4
20180722,3,2,0,0,0,2,-1
20180724,1,2,0,0,0,5,-1
20180726,0,0,0,0,0,5,-1
20180729,1,1,0,0,0,4,4
20180731,1,2,0,0,0,3,-1
20180802,2,3,0,0,0,5,-1
20180805,2,3,0,0,0,1,-1
20180807,1,2,0,0,0,3,-1
20180809,2,1,0,0,0,1,-1
20180812,2,2,0,0,0,3,-1
20180814,3,3,0,0,0,17,-1
20180816,0,0,0,0,0,9,-1
20180819,1,1,0,0,0,9,4
20180821,1,1,0,0,0,1,4
20180823,1,2,0,0,0,6,-1
20180826,1,2,0,0,0,1,-1
20180828,1,2,0,0,0,1,-1
20180830,1,0,0,0,0,6,-1
20180902,3,2,0,0,0,9,-1
20180904,1,2,0,0,0,3,-1
20180906,1,1,0,0,0,1,-1
20180909,3,2,0,0,0,3,-1
20180911,3,2,0,0,0,1,-1
20180913,1,1,0,0,0,10,4
20180916,1,1,0,0,0,4,-1
20180918,2,1,0,0,0,1,-1
20180920,2,1,0,0,0,1,-1
20180923,2,1,0,0,0,1,-1
20180925,1,0,0,0,0,11,-1
20180927,2,1,0,0,0,2,-1
20180930,0,2,0,0,0,2,-1
20181002,1,3,0,0,0,2,-1
20181004,1,0,0,0,0,2,-1
20181007,1,1,0,0,0,2,-1
20181009,1,1,0,0,0,11,4
20181011,1,1,0,0,0,1,4
20181014,2,2,0,0,0,14,-1
20181016,1,1,0,0,0,2,4
20181018,2,1,0,0,0,5,-1
20181021,0,2,0,0,0,7,-1
20181023,3,2,0,0,0,4,-1
20181025,2,3,0,0,0,1,-1
20181028,3,1,0,0,0,4,-1
20181030,1,0,0,0,0,4,-1
20181101,0,0,0,0,0,1,-1
20181104,3,1,0,0,0,3,-1
20181106,2,2,0,0,0,5,-1
20181108,1,2,0,0,0,2,-1
20181111,4,3,0,0,0,38,-1
20181113,2,4,0,0,0,3,-1
20181115,2,1,0,0,0,3,-1
20181118,0,3,0,0,0,7,-1
20181120,1,0,0,0,0,1,-1
20181122,3,2,0,0,0,4,-1
20181125,1,1,0,0,0,17,4
20181127,1,0,0,0,0,3,-1
20181129,1,1,0,0,0,2,4
20181202,1,2,0,0,0,7,-1
20181204,1,2,0,0,0,1,-1
20181206,1,2,0,0,0,1,-1
20181209,1,0,0,0,0,5,-1
20181211,1,0,0,0,0,1,-1
20181213,1,2,0,0,0,3,-1
20181216,2,1,0,0,0,1,-1
20181218,0,1,0,0,0,3,-1
20181220,5,2,0,0,0,12,-1
20181223,0,3,0,0,0,2,-1
20181225,1,2,0,0,0,4,-1
20181227,3,3,0,0,0,20,-1
20181230,1,2,0,0,0,2,-1
20190101,1,3,0,0,0,1,-1
20190103,3,4,0,0,0,3,-1
20190106,0,0,0,0,0,6,-1
20190108,2,1,0,0,0,3,-1
20190110,1,1,0,0,0,18,4
20190113,1,2,0,0,0,2,-1
20190115,2,2,0,0,0,11,-1
20190117,1,2,0,0,0,2,-1
20190120,0,1,0,0,0,6,-1
20190122,1,2,0,0,0,2,-1
20190124,1,1,0,0,0,1,-1
20190127,0,1,0,0,0,3,-1
20190129,2,0,0,0,0,1,-1
20190131,3,1,0,0,0,3,-1
20190203,2,1,0,0,0,1,-1
20190212,1,1,0,0,0,11,4
20190214,2,2,0,0,0,10,-1
20190217,1,2,0,0,0,3,-1
20190219,1,1,0,0,0,3,4
20190221,1,1,0,0,0,1,4
20190224,2,3,0,0,0,4,-1
20190226,2,0,0,0,0,9,-1
20190228,1,1,0,0,0,5,-1
20190303,2,3,0,0,0,3,-1
20190305,0,1,0,0,0,3,-1
20190307,1,1,0,0,0,6,4
20190310,1,1,0,0,0,1,4
20190312,2,1,0,0,0,5,-1
20190314,1,0,0,0,0,4,-1
20190317,2,2,0,0,0,6,-1
20190319,1,1,0,0,0,3,-1
20190321,3,4,0,0,0,30,-1
20190324,3,2,0,0,0,3,-1
20190326,1,1,0,0,0,3,-1
20190328,1,2,0,0,0,1,-1
20190331,0,1,0,0,0,7,-1
20190402,1,1,0,0,0,2,-1
20190404,1,1,0,0,0,11,4
20190407,1,0,0,0,0,3,-1
20190409,2,2,0,0,0,7,-1
20190411,1,2,0,0,0,4,-1
20190414,1,1,0,0,0,4,4
20190416,1,1,0,0,0,1,4
20190418,0,1,0,0,0,5,-1
20190421,0,0,0,0,0,1,-1
20190423,1,1,0,0,0,5,-1
20190425,0,1,0,0,0,2,-1
20190428,1,2,0,0,0,2,-1
20190430,1,1,0,0,0,6,4
20190502,2,1,0,0,0,2,-1
20190505,4,1,0,0,0,1,-1
20190507,3,2,0,0,0,12,-1
20190509,2,1,0,0,0,2,-1
20190512,2,0,0,0,0,7,-1
20190514,1,0,0,0,0,1,-1
20190516,2,2,0,0,0,4,-1
20190519,2,1,0,0,0,4,-1
20190521,0,1,0,0,0,3,-1
20190523,2,2,0,0,0,3,-1
20190526,1,2,0,0,0,3,-1
20190528,1,2,0,0,0,1,-1
20190530,0,0,0,0,0,4,-1
20190602,2,2,0,0,0,4,-1
20190604,2,1,0,0,0,3,-1
20190606,0,1,0,0,0,3,-1
20190609,1,0,0,0,0,1,-1
20190611,2,2,0,0,0,4,-1
20190613,1,2,0,0,0,4,-1
20190616,1,1,0,0,0,20,4
20190618,1,0,0,0,0,4,-1
20190620,3,3,0,0,0,39,-1
20190623,1,2,0,0,0,4,-1
20190625,0,2,0,0,0,3,-1
20190627,2,0,0,0,0,1,-1
20190630,1,2,0,0,0,3,-1
20190702,1,1,0,0,0,7,4
20190704,1,0,0,0,0,3,-1
20190707,1,1,0,0,0,3,-1
20190709,2,3,0,0,0,12,-1
20190711,2,2,0,0,0,1,-1
20190714,2,0,0,0,0,4,-1
20190716,1,1,0,0,0,6,4
20190718,1,1,0,0,0,5,-1
20190721,1,2,0,0,0,1,-1
20190723,1,2,0,0,0,1,-1
20190725,0,0,0,0,0,5,-1
20190728,3,3,0,0,0,16,-1
20190730,1,1,0,0,0,6,4
20190801,3,1,0,0,0,4,-1
20190804,2,1,0,0,0,1,-1
20190806,2,3,0,0,0,11,-1
20190808,0,1,0,0,0,6,-1
20190811,1,2,0,0,0,3,-1
20190813,1,2,0,0,0,1,-1
20190815,3,1,0,0,0,1,-1
20190818,3,0,0,0,0,4,-1
20190820,1,0,0,0,0,1,-1
20190822,1,1,0,0,0,10,4
20190825,1,2,0,0,0,4,-1
20190827,2,3,0,0,0,9,-1
20190829,1,1,0,0,0,3,4
20190901,1,0,0,0,0,5,-1
20190903,3,2,0,0,0,3,-1
20190905,3,0,0,0,0,2,-1
20190908,0,0,0,0,0,1,-1
20190910,0,2,0,0,0,1,-1
20190912,2,1,0,0,0,8,-1
20190915,1,0,0,0,0,2,-1
20190917,2,2,0,0,0,6,-1
20190919,0,2,0,0,0,2,-1
20190922,0,0,0,0,0,1,-1
20190924,1,2,0,0,0,5,-1
20190926,2,2,0,0,0,4,-1
20190929,2,1,0,0,0,2,-1
20191008,2,3,0,0,0,2,-1
20191010,2,1,0,0,0,2,-1
20191013,2,0,0,0,0,6,-1
20191015,2,2,0,0,0,3,-1
20191017,2,1,0,0,0,3,-1
20191020,0,0,0,0,0,3,-1
20191022,0,0,0,0,0,1,-1
20191024,0,2,0,0,0,1,-1
20191027,2,1,0,0,0,4,-1
20191029,2,1,0,0,0,1,-1
20191031,0,0,0,0,0,3,-1
20191103,2,2,0,0,0,8,-1
20191105,1,3,0,0,0,3,-1
20191107,2,3,0,0,0,2,-1
20191110,3,2,0,0,0,1,-1
20191112,2,1,0,0,0,3,-1
20191114,2,3,0,0,0,2,-1
20191117,2,3,0,0,0,1,-1
20191119,0,1,0,0,0,8,-1
20191121,2,2,0,0,0,2,-1
20191124,0,2,0,0,0,2,-1
20191126,1,2,0,0,0,6,-1
20191128,1,2,0,0,0,1,-1
20191201,0,1,0,0,0,3,-1
20191203,1,1,0,0,0,38,4
20191205,4,3,0,0,0,53,-1
20191208,2,2,0,0,0,7,-1
20191210,3,2,0,0,0,1,-1
20191212,0,1,0,0,0,5,-1
20191215,1,0,0,0,0,1,-1
20191217,1,0,0,0,0,1,-1
20191219,1,2,0,0,0,9,-1
20191222,1,1,0,0,0,1,-1
20191224,1,2,0,0,0,1,-1
20191226,0,2,0,0,0,4,-1
20191229,2,1,0,0,0,2,-1
20191231,3,2,0,0,0,9,-1
20200102,1,2,0,0,0,2,-1
20200105,3,2,0,0,0,2,-1
20200107,2,1,0,0,0,2,-1
20200109,0,0,0,0,0,6,-1
20200112,0,0,0,0,0,1,-1
20200114,4,2,0,0,0,4,-1
20200116,1,1,0,0,0,4,-1
20200119,1,2,0,0,0,1,-1
20200121,1,0,0,0,0,4,-1
20200312,1,3,0,0,0,2,-1
20200315,2,3,0,0,0,5,-1
20200317,1,1,0,0,0,24,4
20200319,3,1,0,0,0,3,-1
20200322,0,1,0,0,0,5,-1
20200324,2,2,0,0,0,4,-1
20200326,2,2,0,0,0,1,-1
20200329,2,1,0,0,0,4,-1
20200331,2,0,0,0,0,4,-1
20200402,3,3,0,0,0,30,-1
20200405,0,0,0,0,0,2,-1
20200407,1,0,0,0,0,1,-1
20200409,2,1,0,0,0,5,-1
20200412,2,2,0,0,0,7,-1
20200414,1,2,0,0,0,2,-1
20200416,1,0,0,0,0,4,-1
20200419,1,1,0,0,0,14,4
20200421,3,2,0,0,0,4,-1
20200423,1,2,0,0,0,4,-1
20200426,0,2,0,0,0,4,-1
20200428,2,0,0,0,0,1,-1
20200430,3,3,0,0,0,12,-1
20200503,2,2,0,0,0,5,-1
20200505,1,1,0,0,0,7,4
20200507,1,1,0,0,0,1,4
20200510,2,3,0,0,0,3,-1
20200512,3,1,0,0,0,8,-1
20200514,2,2,0,0,0,2,-1
20200517,2,2,0,0,0,1,-1
20200519,1,2,0,0,0,3,-1
20200521,0,1,0,0,0,10,-1
20200524,0,2,0,0,0,1,-1
20200526,2,0,0,0,0,1,-1
20200528,1,1,0,0,0,9,4
20200531,1,1,0,0,0,1,4
20200602,1,1,0,0,0,1,4
20200604,0,2,0,0,0,4,-1
20200607,1,1,0,0,0,8,-1
20200609,2,2,0,0,0,10,-1
20200611,1,1,0,0,0,4,4
20200614,1,0,0,0,0,4,-1
20200616,2,2,0,0,0,3,-1
20200618,0,1,0,0,0,2,-1
20200621,1,1,0,0,0,6,-1
20200623,1,2,0,0,0,1,-1
20200625,2,2,0,0,0,4,-1
20200628,1,0,0,0,0,4,-1
20200630,0,1,0,0,0,1,-1
20200702,1,1,0,0,0,9,4
20200705,1,1,0,0,0,1,4
20200707,1,2,0,0,0,6,-1
20200709,1,1,0,0,0,1,-1
20200712,0,1,0,0,0,5,-1
20200714,0,0,0,0,0,1,-1
20200716,2,3,0,0,0,9,-1
20200719,2,0,0,0,0,2,-1
20200721,1,2,0,0,0,5,-1
20200723,1,2,0,0,0,1,-1
20200726,0,0,0,0,0,3,-1
20200728,2,2,0,0,0,5,-1
20200730,1,1,0,0,0,11,4
20200802,2,0,0,0,0,3,-1
20200804,1,0,0,0,0,1,-1
20200806,1,1,0,0,0,3,4
20200809,3,1,0,0,0,7,-1
20200811,1,2,0,0,0,1,-1
20200813,1,1,0,0,0,3,4
20200816,1,1,0,0,0,2,-1
20200818,1,2,0,0,0,1,-1
20200820,1,1,0,0,0,3,4
20200823,1,1,0,0,0,1,4
20200825,2,2,0,0,0,12,-1
20200827,2,0,0,0,0,10,-1
20200830,2,1,0,0,0,5,-1
20200901,2,1,0,0,0,1,-1
20200903,0,2,0,0,0,3,-1
20200906,2,2,0,0,0,5,-1
20200908,0,0,0,0,0,2,-1
20200910,1,0,0,0,0,1,-1
20200913,1,0,0,0,0,1,-1
20200915,0,0,0,0,0,1,-1
20200917,0,1,0,0,0,1,-1
20200920,1,0,0,0,0,1,-1
20200922,2,3,0,0,0,7,-1
20200924,2,0,0,0,0,2,-1
20200927,0,1,0,0,0,1,-1
20200929,0,0,0,0,0,1,-1
20201006,1,1,0,0,0,17,4
20201008,0,2,0,0,0,2,-1
20201011,2,2,0,0,0,6,-1
20201013,0,0,0,0,0,2,-1
20201015,1,2,0,0,0,17,-1
20201018,3,2,0,0,0,3,-1
20201020,2,2,0,0,0,1,-1
20201022,1,2,0,0,0,3,-1
20201025,4,0,0,0,0,5,-1
20201027,1,1,0,0,0,9,4
20201029,2,2,0,0,0,4,-1
20201101,1,0,0,0,0,3,-1
20201103,0,1,0,0,0,1,-1
20201105,2,2,0,0,0,3,-1
20201108,0,1,0,0,0,2,-1
20201110,0,1,0,0,0,1,-1
20201112,1,1,0,0,0,7,4
20201115,0,2,0,0,0,2,-1
20201117,1,1,0,0,0,2,4
20201119,2,4,0,0,0,6,-1
20201122,1,2,0,0,0,13,-1
20201124,1,1,0,0,0,3,4
20201126,0,0,0,0,0,5,-1
20201129,3,3,0,0,0,89,-1
20201201,1,2,0,0,0,4,-1
20201203,0,2,0,0,0,3,-1
20201206,0,1,0,0,0,1,-1
20201208,2,0,0,0,0,1,-1
20201210,1,0,0,0,0,1,-1
20201213,3,3,0,0,0,6,-1
20201215,1,0,0,0,0,2,-1
20201217,1,0,0,0,0,1,-1
20201220,1,2,0,0,0,8,-1
20201222,1,0,0,0,0,2,-1
20201224,0,2,0,0,0,1,-1
20201227,3,2,0,0,0,16,-1
20201229,2,2,0,0,0,1,-1
20201231,2,3,0,0,0,1,-1
20210103,1,0,0,0,0,4,-1
20210105,1,1,0,0,0,18,4
20210107,3,2,0,0,0,3,-1
20210110,0,1,0,0,0,3,-1
20210112,0,1,0,0,0,1,-1
20210114,0,0,0,0,0,1,-1
20210117,1,2,0,0,0,12,-1
20210119,2,2,0,0,0,5,-1
20210121,1,2,0,0,0,2,-1
20210124,1,2,0,0,0,1,-1
20210126,1,2,0,0,0,1,-1
20210128,1,1,0,0,0,1,-1
20210131,0,1,0,0,0,7,-1
20210202,2,3,0,0,0,6,-1
20210204,1,1,0,0,0,13,4
20210207,1,1,0,0,0,4,-1
20210221,1,2,0,0,0,1,-1
20210223,2,0,0,0,0,5,-1
20210225,0,0,0,0,0,1,-1
20210228,2,3,0,0,0,6,-1
20210302,0,2,0,0,0,2,-1
20210304,0,0,0,0,0,1,-1
20210307,0,0,0,0,0,1,-1
20210309,0,1,0,0,0,1,-1
20210311,3,2,0,0,0,5,-1
20210314,2,1,0,0,0,9,-1
20210316,1,2,0,0,0,1,-1
20210318,1,0,0,0,0,4,-1
20210321,1,0,0,0,0,1,-1
20210323,2,1,0,0,0,3,-1
20210325,0,2,0,0,0,2,-1
20210328,1,1,0,0,0,17,4
20210330,1,2,0,0,0,3,-1
20210401,2,0,0,0,0,3,-1
20210404,0,1,0,0,0,1,-1
20210406,0,0,0,0,0,1,-1
20210408,2,2,0,0,0,12,-1
20210411,0,1,0,0,0,2,-1
20210413,2,3,0,0,0,2,-1
20210415,2,0,0,0,0,2,-1
20210418,2,3,0,0,0,2,-1
20210420,1,0,0,0,0,2,-1
20210422,2,1,0,0,0,10,-1
20210425,1,2,0,0,0,1,-1
20210427,2,2,0,0,0,4,-1
20210429,1,2,0,0,0,2,-1
20210502,0,1,0,0,0,5,-1
20210504,2,3,0,0,0,3,-1
20210506,2,1,0,0,0,3,-1
20210509,1,1,0,0,0,1,-1
20210511,4,2,0,0,0,3,-1
20210513,3,3,0,0,0,60,-1
20210516,1,1,0,0,0,21,4
20210518,0,1,0,0,0,7,-1
20210520,1,2,0,0,0,5,-1
20210523,2,3,0,0,0,5,-1
20210525,1,3,0,0,0,2,-1
20210527,0,0,0,0,0,4,-1
20210530,1,2,0,0,0,2,-1
20210601,0,0,0,0,0,2,-1
20210603,3,1,0,0,0,2,-1
20210606,2,1,0,0,0,1,-1
20210608,3,1,0,0,0,1,-1
20210610,1,1,0,0,0,1,-1
20210613,2,2,0,0,0,9,-1
20210615,1,2,0,0,0,2,-1
20210617,1,2,0,0,0,1,-1
20210620,1,2,0,0,0,1,-1
20210622,0,2,0,0,0,9,-1
20210624,1,1,0,0,0,17,4
20210627,1,0,0,0,0,2,-1
20210629,1,3,0,0,0,4,-1
20210701,1,0,0,0,0,2,-1
20210704,1,2,0,0,0,2,-1
20210706,1,1,0,0,0,1,-1
20210708,1,1,0,0,0,6,4
20210711,0,1,0,0,0,4,-1
20210713,2,0,0,0,0,1,-1
20210715,1,1,0,0,0,3,4
20210718,2,1,0,0,0,5,-1
20210720,1,2,0,0,0,1,-1
20210722,2,3,0,0,0,17,-1
20210725,2,1,0,0,0,2,-1
20210727,2,2,0,0,0,2,-1
20210729,1,2,0,0,0,2,-1
20210801,1,0,0,0,0,8,-1
20210803,1,2,0,0,0,2,-1
20210805,1,1,0,0,0,9,4
20210808,1,1,0,0,0,2,-1
20210810,2,0,0,0,0,4,-1
20210812,0,3,0,0,0,1,-1
20210815,0,1,0,0,0,1,-1
20210817,1,1,0,0,0,4,-1
20210819,1,2,0,0,0,1,-1
20210822,0,1,0,0,0,3,-1
20210824,2,0,0,0,0,1,-1
20210826,4,2,0,0,0,13,-1
20210829,0,2,0,0,0,2,-1
20210831,1,1,0,0,0,5,-1
20210902,2,4,0,0,0,3,-1
20210905,2,2,0,0,0,1,-1
20210907,1,2,0,0,0,3,-1
20210909,1,2,0,0,0,1,-1
20210912,1,1,0,0,0,1,-1
20210914,1,1,0,0,0,17,4
20210916,1,0,0,0,0,8,-1
20210919,2,2,0,0,0,6,-1
20210921,1,1,0,0,0,4,-1
20210923,0,2,0,0,0,3,-1
20210926,1,2,0,0,0,2,-1
20210928,1,2,0,0,0,1,-1
20210930,3,2,0,0,0,5,-1
20211005,3,1,0,0,0,2,-1
20211007,2,2,0,0,0,2,-1
20211010,0,3,0,0,0,6,-1
20211012,2,1,0,0,0,3,-1
20211014,2,0,0,0,0,2,-1
20211017,1,1,0,0,0,13,4
20211019,3,1,0,0,0,3,-1
20211021,2,0,0,0,0,3,-1
20211024,3,2,0,0,0,7,-1
20211026,3,1,0,0,0,3,-1
20211028,1,2,0,0,0,1,-1
20211031,2,2,0,0,0,3,-1
20211102,4,3,0,0,0,73,-1
20211104,0,1,0,0,0,6,-1
20211107,0,1,0,0,0,1,-1
20211109,1,3,0,0,0,5,-1
20211111,1,1,0,0,0,11,4
20211114,2,2,0,0,0,6,-1
20211116,1,0,0,0,0,4,-1
20211118,3,1,0,0,0,4,-1
20211121,2,1,0,0,0,1,-1
20211123,2,1,0,0,0,1,-1
20211125,0,1,0,0,0,4,-1
20211128,3,1,0,0,0,2,-1
20211130,2,2,0,0,0,7,-1
20211202,1,1,0,0,0,9,4
20211205,4,1,0,0,0,3,-1
20211207,2,2,0,0,0,3,-1
20211209,1,1,0,0,0,3,4
20211212,1,1,0,0,0,1,4
20211214,1,2,0,0,0,4,-1
20211216,1,1,0,0,0,2,4
20211219,2,2,0,0,0,5,-1
20211221,1,1,0,0,0,2,4
20211223,2,0,0,0,0,12,-1
20211226,2,0,0,0,0,1,-1
20211228,1,1,0,0,0,6,-1
20211230,1,2,0,0,0,1,-1
20220102,1,1,0,0,0,5,4
20220104,1,0,0,0,0,4,-1
20220106,1,1,0,0,0,3,-1
20220109,1,3,0,0,0,1,-1
20220111,0,1,0,0,0,3,-1
20220113,0,1,0,0,0,1,-1
20220116,2,1,0,0,0,3,-1
20220118,1,1,0,0,0,7,4
20220120,2,2,0,0,0,14,-1
20220123,1,0,0,0,0,4,-1
20220125,0,2,0,0,0,1,-1
20220127,3,3,0,0,0,37,-1
20220208,3,2,0,0,0,4,-1
20220210,2,2,0,0,0,1,-1
20220213,0,0,0,0,0,4,-1
20220215,4,3,0,0,0,4,-1
20220217,3,1,0,0,0,10,-1
20220220,0,2,0,0,0,3,-1
20220222,2,1,0,0,0,2,-1
20220224,2,2,0,0,0,6,-1
20220227,2,0,0,0,0,3,-1
20220301,1,1,0,0,0,3,-1
20220303,0,2,0,0,0,2,-1
20220306,3,3,0,0,0,8,-1
20220308,1,3,0,0,0,3,-1
20220310,3,2,0,0,0,6,-1
20220313,0,2,0,0,0,4,-1
20220315,3,3,0,0,0,4,-1
20220317,1,1,0,0,0,4,-1
20220320,1,1,0,0,0,22,4
20220322,1,1,0,0,0,1,4
20220324,1,2,0,0,0,3,-1
20220327,1,1,0,0,0,2,4
20220329,0,0,0,0,0,7,-1
20220331,1,2,0,0,0,3,-1
20220403,1,1,0,0,0,3,4
20220405,0,0,0,0,0,3,-1
20220407,2,0,0,0,0,1,-1
20220410,1,2,0,0,0,4,-1
20220412,0,0,0,0,0,2,-1
20220414,2,2,0,0,0,15,-1
20220417,1,2,0,0,0,3,-1
20220419,0,1,0,0,0,3,-1
20220421,2,2,0,0,0,3,-1
20220424,1,2,0,0,0,3,-1
20220426,0,0,0,0,0,3,-1
20220428,2,1,0,0,0,2,-1
20220501,0,0,0,0,0,2,-1
20220503,1,3,0,0,0,2,-1
20220505,1,1,0,0,0,1,-1
20220508,0,0,0,0,0,3,-1
20220510,0,2,0,0,0,1,-1
20220512,0,0,0,0,0,1,-1
20220515,1,0,0,0,0,1,-1
20220517,2,1,0,0,0,5,-1
20220519,1,2,0,0,0,1,-1
20220522,2,1,0,0,0,1,-1
20220524,1,2,0,0,0,1,-1
20220526,2,3,0,0,0,15,-1
20220529,0,2,0,0,0,6,-1
20220531,1,1,0,0,0,3,-1
20220602,2,2,0,0,0,3,-1
20220605,1,1,0,0,0,2,-1
20220607,0,0,0,0,0,4,-1
20220609,1,1,0,0,0,29,4
20220612,1,1,0,0,0,3,-1
20220614,2,2,0,0,0,5,-1
20220616,1,3,0,0,0,2,-1
20220619,1,1,0,0,0,1,-1
20220621,2,2,0,0,0,3,-1
20220623,3,3,0,0,0,43,-1
20220626,3,1,0,0,0,3,-1
20220628,1,1,0,0,0,8,4
20220630,1,0,0,0,0,10,-1
20220703,2,1,0,0,0,3,-1
20220705,1,1,0,0,0,3,4
20220707,0,1,0,0,0,3,-1
20220710,2,1,0,0,0,3,-1
20220712,1,1,0,0,0,3,4
20220714,2,1,0,0,0,2,-1
20220717,1,4,0,0,0,1,-1
20220719,3,2,0,0,0,12,-1
20220721,2,1,0,0,0,2,-1
20220724,3,3,0,0,0,13,-1
20220726,1,0,0,0,0,8,-1
20220728,1,1,0,0,0,3,-1
20220731,3,2,0,0,0,5,-1
20220802,2,1,0,0,0,2,-1
20220804,1,2,0,0,0,1,-1
20220807,1,1,0,0,0,1,-1
20220809,1,1,0,0,0,12,4
20220811,0,3,0,0,0,7,-1
20220814,0,1,0,0,0,1,-1
20220816,1,1,0,0,0,3,4
20220818,0,1,0,0,0,2,-1
20220821,1,1,0,0,0,6,-1
20220823,2,1,0,0,0,1,-1
20220825,1,1,0,0,0,1,-1
20220828,1,2,0,0,0,1,-1
20220830,0,1,0,0,0,5,-1
20220901,1,0,0,0,0,1,-1
20220904,2,2,0,0,0,15,-1
20220906,1,0,0,0,0,2,-1
20220908,1,2,0,0,0,5,-1
20220911,0,0,0,0,0,2,-1
20220913,0,0,0,0,0,1,-1
20220915,1,1,0,0,0,3,-1
20220918,2,0,0,0,0,2,-1
20220920,1,1,0,0,0,15,4
20220922,2,1,0,0,0,3,-1
20220925,1,1,0,0,0,2,4
20220927,1,0,0,0,0,4,-1
20220929,2,3,0,0,0,11,-1
20221006,1,2,0,0,0,4,-1
20221009,3,0,0,0,0,3,-1
20221011,2,1,0,0,0,2,-1
20221013,1,2,0,0,0,1,-1
20221016,0,1,0,0,0,3,-1
20221018,2,1,0,0,0,2,-1
20221020,4,3,0,0,0,36,-1
20221023,0,1,0,0,0,3,-1
20221025,2,1,0,0,0,3,-1
20221027,0,0,0,0,0,2,-1
20221030,1,1,0,0,0,2,-1
20221101,2,0,0,0,0,2,-1
20221103,2,1,0,0,0,2,-1
20221106,3,3,0,0,0,7,-1
20221108,3,0,0,0,0,3,-1
20221110,3,1,0,0,0,3,-1
20221113,2,1,0,0,0,1,-1
20221115,2,2,0,0,0,18,-1
20221117,0,1,0,0,0,4,-1
20221120,2,2,0,0,0,2,-1
20221122,3,1,0,0,0,4,-1
20221124,3,2,0,0,0,2,-1
20221127,2,2,0,0,0,1,-1
20221129,1,1,0,0,0,26,4
20221201,2,1,0,0,0,4,-1
20221204,1,1,0,0,0,1,-1
20221206,1,1,0,0,0,3,4
20221208,1,0,0,0,0,9,-1
20221211,1,3,0,0,0,3,-1
20221213,1,0,0,0,0,2,-1
20221215,0,0,0,0,0,1,-1
20221218,0,1,0,0,0,1,-1
20221220,1,1,0,0,0,6,4
20221222,2,2,0,0,0,11,-1
20221225,0,1,0,0,0,3,-1
20221227,0,1,0,0,0,1,-1
20221229,1,1,0,0,0,8,-1
20230101,0,1,0,0,0,2,-1
20230103,0,1,0,0,0,1,-1
20230105,2,1,0,0,0,3,-1
20230108,2,1,0,0,0,1,-1
20230110,1,0,0,0,0,3,-1
20230112,1,3,0,0,0,2,-1
20230115,3,1,0,0,0,1,-1
20230117,0,0,0,0,0,3,-1
20230129,3,2,0,0,0,12,-1
20230131,1,3,0,0,0,3,-1
20230202,0,1,0,0,0,3,-1
20230205,3,0,0,0,0,1,-1
20230207,3,3,0,0,0,36,-1
20230209,1,0,0,0,0,2,-1
20230212,2,2,0,0,0,6,-1
20230214,2,3,0,0,0,1,-1
20230216,1,0,0,0,0,3,-1
20230219,0,1,0,0,0,1,-1
20230221,0,0,0,0,0,1,-1
20230223,2,0,0,0,0,1,-1
20230226,2,0,0,0,0,1,-1
20230228,1,1,0,0,0,12,-1
20230302,2,2,0,0,0,7,-1
20230305,1,0,0,0,0,3,-1
20230307,1,1,0,0,0,3,-1
20230309,0,0,0,0,0,2,-1
20230312,1,0,0,0,0,1,-1
20230314,0,1,0,0,0,1,-1
20230316,2,1,0,0,0,4,-1
20230319,1,0,0,0,0,2,-1
20230321,1,1,0,0,0,2,-1
20230323,2,1,0,0,0,1,-1
20230326,2,2,0,0,0,10,-1
20230328,1,1,0,0,0,2,-1
20230330,2,1,0,0,0,1,-1
20230402,0,3,0,0,0,6,-1
20230404,1,1,0,0,0,2,-1
20230406,2,1,0,0,0,1,-1
20230409,1,2,0,0,0,1,-1
20230411,2,1,0,0,0,1,-1
20230413,1,2,0,0,0,1,-1
20230416,0,2,0,0,0,6,-1
20230418,1,1,0,0,0,47,4
20230420,0,1,0,0,0,2,-1
20230423,0,0,0,0,0,1,-1
20230425,0,1,0,0,0,1,-1
20230427,2,2,0,0,0,14,-1
20230430,1,1,0,0,0,5,4
20230502,3,3,0,0,0,36,-1
20230504,2,1,0,0,0,9,-1
20230507,0,0,0,0,0,5,-1
20230509,2,3,0,0,0,5,-1
20230511,1,1,0,0,0,5,4
20230514,2,1,0,0,0,4,-1
20230516,2,1,0,0,0,1,-1
20230518,2,1,0,0,0,1,-1
20230521,1,2,0,0,0,1,-1
20230523,1,1,0,0,0,5,4
20230525,2,0,0,0,0,8,-1
20230528,2,2,0,0,0,8,-1
20230530,2,3,0,0,0,1,-1
20230601,2,1,0,0,0,5,-1
20230604,1,0,0,0,0,4,-1
20230606,2,0,0,0,0,1,-1
20230608,0,1,0,0,0,1,-1
20230611,0,1,0,0,0,1,-1
20230613,0,1,0,0,0,1,-1
20230615,1,2,0,0,0,6,-1
20230618,1,2,0,0,0,1,-1
20230620,1,1,0,0,0,12,4
20230622,1,3,0,0,0,2,-1
20230625,2,0,0,0,0,5,-1
20230627,0,1,0,0,0,1,-1
20230629,0,1,0,0,0,1,-1
20230702,0,1,0,0,0,1,-1
20230704,3,3,0,0,0,27,-1
20230706,1,1,0,0,0,7,4
20230709,1,0,0,0,0,3,-1
20230711,1,2,0,0,0,8,-1
20230713,2,1,0,0,0,1,-1
20230716,0,2,0,0,0,3,-1
20230718,3,3,0,0,0,6,-1
20230720,0,1,0,0,0,2,-1
20230723,1,1,0,0,0,7,4
20230725,0,1,0,0,0,2,-1
20230727,3,1,0,0,0,6,-1
20230730,2,1,0,0,0,1,-1
20230801,0,0,0,0,0,3,-1
20230803,0,1,0,0,0,1,-1
20230806,1,1,0,0,0,6,4
20230808,0,1,0,0,0,2,-1
20230810,2,1,0,0,0,5,-1
20230813,0,0,0,0,0,2,-1
20230815,1,0,0,0,0,1,-1
20230817,1,1,0,0,0,3,-1
20230820,1,1,0,0,0,1,-1
20230822,3,4,0,0,0,15,-1
20230824,2,3,0,0,0,37,-1
20230827,2,1,0,0,0,3,-1
20230829,1,3,0,0,0,1,-1
20230831,1,1,0,0,0,1,-1
20230903,1,1,0,0,0,1,-1
20230905,3,2,0,0,0,5,-1
20230907,2,1,0,0,0,2,-1
20230910,1,0,0,0,0,11,-1
20230912,0,2,0,0,0,1,-1
20230914,2,0,0,0,0,1,-1
20230917,3,1,0,0,0,4,-1
20230919,1,1,0,0,0,1,-1
20230921,1,2,0,0,0,1,-1
20230924,1,0,0,0,0,4,-1
20230926,2,2,0,0,0,9,-1
20230928,1,0,0,0,0,2,-1
20231005,2,1,0,0,0,4,-1
20231008,0,0,0,0,0,2,-1
20231010,1,2,0,0,0,2,-1
20231012,3,0,0,0,0,2,-1
20231015,1,2,0,0,0,2,-1
20231017,4,1,0,0,0,1,-1
20231019,3,3,0,0,0,23,-1
20231022,1,1,0,0,0,2,-1
20231024,1,1,0,0,0,1,-1
20231026,0,0,0,0,0,6,-1
20231029,1,4,0,0,0,2,-1
20231031,1,1,0,0,0,1,-1
20231102,1,1,0,0,0,1,-1
20231105,3,2,0,0,0,15,-1
20231107,1,1,0,0,0,2,-1
20231109,1,1,0,0,0,1,-1
20231112,1,2,0,0,0,1,-1
20231114,0,3,0,0,0,8,-1
20231116,1,0,0,0,0,1,-1
20231119,2,2,0,0,0,6,-1
20231121,0,3,0,0,0,2,-1
20231123,1,1,0,0,0,5,-1
20231126,1,0,0,0,0,2,-1
20231128,1,2,0,0,0,2,-1
20231130,0,2,0,0,0,2,-1
20231203,1,0,0,0,0,1,-1
20231205,1,2,0,0,0,3,-1
20231207,2,1,0,0,0,1,-1
20231210,1,0,0,0,0,3,-1
20231212,1,2,0,0,0,2,-1
20231214,1,0,0,0,0,2,-1
20231217,0,3,0,0,0,1,-1
20231219,3,2,0,0,0,13,-1
20231221,2,2,0,0,0,1,-1
20231224,1,1,0,0,0,5,-1
20231226,0,1,0,0,0,4,-1
20231228,0,1,0,0,0,1,-1
20231231,0,0,0,0,0,1,-1
20240102,1,0,0,0,0,1,-1
20240104,1,2,0,0,0,5,-1
20240107,0,0,0,0,0,2,-1
20240109,1,0,0,0,0,1,-1
20240111,1,3,0,0,0,3,-1
20240114,2,0,0,0,0,2,-1
20240116,2,2,0,0,0,11,-1
20240118,1,1,0,0,0,3,-1
20240121,1,1,0,0,0,1,-1
20240123,1,0,0,0,0,4,-1
20240125,2,2,0,0,0,4,-1
20240128,1,1,0,0,0,3,-1
20240130,1,1,0,0,0,1,-1
20240201,0,2,0,0,0,4,-1
20240204,0,3,0,0,0,1,-1
20240206,0,0,0,0,0,1,-1
20240218,2,2,0,0,0,6,-1
20240220,1,1,0,0,0,5,-1
20240222,1,1,0,0,0,1,-1
20240225,1,1,0,0,0,1,-1
20240227,3,1,0,0,0,1,-1
20240229,3,0,0,0,0,6,-1
20240303,1,1,0,0,0,2,-1
20240305,0,0,0,0,0,2,-1
20240307,0,0,0,0,0,1,-1
20240310,1,1,0,0,0,3,-1
20240312,1,0,0,0,0,2,-1
20240314,3,1,0,0,0,2,-1
20240317,0,2,0,0,0,2,-1
20240319,1,1,0,0,0,2,-1
20240321,1,2,0,0,0,1,-1
20240324,2,2,0,0,0,15,-1
20240326,1,1,0,0,0,2,-1
20240328,3,2,0,0,0,2,-1
20240331,2,2,0,0,0,1,-1
20240402,2,0,0,0,0,7,-1
20240404,1,0,0,0,0,1,-1
20240407,1,2,0,0,0,5,-1
20240409,2,1,0,0,0,1,-1
20240411,1,2,0,0,0,1,-1
20240414,1,0,0,0,0,4,-1
20240416,1,2,0,0,0,2,-1
20240418,1,3,0,0,0,1,-1
20240421,1,2,0,0,0,1,-1
20240423,2,2,0,0,0,10,-1
20240425,2,2,0,0,0,1,-1
20240428,2,0,0,0,0,6,-1
20240430,4,1,0,0,0,4,-1
20240502,1,1,0,0,0,1,-1
20240505,0,1,0,0,0,3,-1
20240507,2,3,0,0,0,5,-1
20240509,1,0,0,0,0,2,-1
20240512,2,1,0,0,0,4,-1
20240514,1,0,0,0,0,2,-1
20240516,2,1,0,0,0,2,-1
20240519,3,4,0,0,0,87,-1
20240521,3,2,0,0,0,6,-1
20240523,2,2,0,0,0,1,-1
20240526,1,1,0,0,0,4,-1
20240528,0,0,0,0,0,6,-1
20240530,1,3,0,0,0,2,-1
20240602,0,0,0,0,0,2,-1
20240604,2,3,0,0,0,5,-1
20240606,3,3,0,0,0,8,-1
20240609,2,1,0,0,0,4,-1
20240611,1,2,0,0,0,1,-1
20240613,1,1,0,0,0,1,-1
20240616,0,2,0,0,0,6,-1
20240618,2,0,0,0,0,1,-1
20240620,2,2,0,0,0,7,-1
20240623,2,1,0,0,0,4,-1
20240625,2,0,0,0,0,3,-1
20240627,2,0,0,0,0,1,-1
20240630,1,2,0,0,0,3,-1
20240702,2,2,0,0,0,5,-1
20240704,3,3,0,0,0,12,-1
20240707,1,1,0,0,0,3,-1
20240709,2,4,0,0,0,3,-1
20240711,1,2,0,0,0,2,-1
20240714,2,2,0,0,0,2,-1
20240716,1,2,0,0,0,2,-1
20240718,2,2,0,0,0,2,-1
20240721,2,2,0,0,0,1,-1
20240723,1,1,0,0,0,3,-1
20240725,1,1,0,0,0,1,-1
20240728,0,4,0,0,0,13,-1
20240730,3,2,0,0,0,4,-1
20240801,2,0,0,0,0,2,-1
20240804,1,2,0,0,0,4,-1
20240806,1,1,0,0,0,1,-1
20240808,0,2,0,0,0,3,-1
20240811,2,2,0,0,0,5,-1
20240813,1,1,0,0,0,3,-1
20240815,1,0,0,0,0,3,-1
20240818,2,2,0,0,0,3,-1
20240820,2,2,0,0,0,1,-1
20240822,1,3,0,0,0,4,-1
20240825,1,2,0,0,0,1,-1
20240827,2,2,0,0,0,3,-1
20240829,1,2,0,0,0,2,-1
20240901,1,2,0,0,0,1,-1
20240903,2,3,0,0,0,3,-1
20240905,0,0,0,0,0,9,-1
20240908,2,4,0,0,0,2,-1
20240910,2,1,0,0,0,4,-1
20240912,2,2,0,0,0,2,-1
20240915,1,1,0,0,0,2,-1
20240917,1,1,0,0,0,1,-1
20240919,3,2,0,0,0,3,-1
20240922,1,1,0,0,0,2,-1
20240924,1,1,0,0,0,1,-1
20240926,1,1,0,0,0,1,-1
20240929,3,2,0,0,0,4,-1
20241006,1,0,0,0,0,11,-1
20241008,2,0,0,0,0,1,-1
20241010,0,1,0,0,0,1,-1
20241013,0,1,0,0,0,1,-1
20241015,1,2,0,0,0,6,-1
20241017,1,1,0,0,0,1,-1
20241020,1,1,0,0,0,1,-1
20241022,0,2,0,0,0,4,-1
20241024,1,1,0,0,0,2,-1
20241027,2,0,0,0,0,2,-1
20241029,1,1,0,0,0,2,-1
20241031,2,2,0,0,0,12,-1
20241103,2,1,0,0,0,2,-1
20241105,1,1,0,0,0,1,-1
20241107,2,2,0,0,0,3,-1
20241110,2,3,0,0,0,1,-1
20241112,1,0,0,0,0,7,-1
20241114,2,1,0,0,0,4,-1
20241117,2,3,0,0,0,3,-1
20241119,1,1,0,0,0,2,-1
20241121,3,2,0,0,0,2,-1
20241124,1,0,0,0,0,5,-1
20241126,1,1,0,0,0,3,-1
20241128,2,2,0,0,0,3,-1
20241201,2,1,0,0,0,2,-1
20241203,1,1,0,0,0,1,-1
20241205,1,1,0,0,0,1,-1
20241208,1,2,0,0,0,1,-1
20241210,2,1,0,0,0,1,-1
20241212,1,1,0,0,0,1,-1
20241215,0,1,0,0,0,9,-1
20241217,1,2,0,0,0,2,-1
20241219,1,1,0,0,0,1,-1
20241222,1,0,0,0,0,3,-1
20241224,2,0,0,0,0,1,-1
20241226,1,1,0,0,0,3,-1
20241229,1,1,0,0,0,1,-1
20241231,2,1,0,0,0,1,-1
20250102,0,0,0,0,0,4,-1
20250105,0,2,0,0,0,1,-1
20250107,4,1,0,0,0,3,-1
20250109,1,3,0,0,0,1,-1
20250112,0,3,0,0,0,3,-1
20250114,2,1,0,0,0,2,-1
20250116,2,2,0,0,0,21,-1
20250119,0,1,0,0,0,3,-1
20250121,1,3,0,0,0,3,-1
20250123,2,2,0,0,0,3,-1
20250126,1,0,0,0,0,3,-1
20250206,0,0,0,0,0,1,-1
20250209,2,2,0,0,0,3,-1
20250211,3,1,0,0,0,5,-1
20250213,1,1,0,0,0,1,-1
20250216,1,0,0,0,0,4,-1
20250218,3,4,0,0,0,92,-1
20250220,1,2,0,0,0,3,-1
20250223,0,1,0,0,0,3,-1
20250225,1,1,0,0,0,2,-1
20250227,1,2,0,0,0,1,-1
20250302,0,1,0,0,0,3,-1
20250304,2,0,0,0,0,1,-1
20250306,0,0,0,0,0,1,-1
20250309,1,0,0,0,0,0,-1
