Date,o1,o2,Red1,Red2,Red3,Red4,Red5,Red6,Sum,Sum16,Gap16,Sum25,Gap25,Sum34,Gap12,Gap23,Gap34,Gap45,Gap56,Blue
20250209,0,1,8/[4:8][0:11],9/[3:9][5:18],7/[7:10][10:20],5/[4:10][13:25],9/[3:10][20:32],12/[4:12][24:34],0/[4:8][98:135],8/[6:9][28:43],9/[5:9][18:29],8/[5:8][26:46],9/[3:9][4:20],4/[4:10][25:45],2/[2:10][0:10],8/[4:12][0:8],7/[4:7][0:10],9/[4:9][1:10],6/[6:10][1:9],0/[2:8][2:15]
20250206,0,0,8/[8:10][1:11],3/[2:10][6:16],10/[4:11][9:21],6/[4:9][15:26],7/[2:8][20:29],9/[6:9][26:33],3/[3:7][87:136],11/[6:12][30:46],6/[6:8][16:30],10/[3:10][25:44],5/[4:8][7:20],8/[6:9][26:47],8/[2:9][1:13],6/[4:8][-2:9],7/[2:8][0:9],7/[3:8][-1:11],2/[2:9][1:12],7/[5:9][2:14]
20250126,0,0,9/[5:9][0:13],6/[3:9][3:17],9/[6:9][6:19],8/[3:9][13:27],3/[3:7][16:29],8/[6:8][20:34],8/[4:10][70:132],9/[5:10][24:43],5/[4:9][16:29],7/[6:9][22:46],4/[4:7][8:25],7/[3:8][22:43],7/[3:9][-2:9],5/[4:8][-1:13],2/[2:8][-2:12],3/[3:9][0:12],7/[5:8][0:12],8/[4:10][1:12]
20250123,3,4,4/[4:8][0:10],8/[5:9][3:17],0/[3:11][9:21],4/[3:11][11:25],0/[4:10][20:29],0/[2:11][22:33],0/[5:9][76:126],0/[7:10][26:40],0/[6:8][18:29],0/[4:11][26:44],8/[2:8][8:21],4/[1:11][22:43],4/[4:10][0:10],7/[7:8][-1:10],6/[2:8][0:9],5/[4:6][0:12],6/[5:7][-1:10],3/[3:7][0:12]
20250121,2,2,7/[4:10][-1:11],0/[2:10][5:18],9/[4:10][8:20],11/[2:11][12:25],6/[4:8][19:30],0/[5:8][26:35],0/[3:10][82:126],0/[4:11][28:43],6/[3:7][19:32],6/[3:9][26:45],1/[1:8][8:23],9/[4:9][18:43],7/[6:8][1:15],11/[4:11][0:11],7/[5:10][0:14],5/[3:10][1:17],8/[4:8][1:9],4/[2:6][1:14]
20250119,0,1,5/[4:7][-1:10],8/[5:8][5:17],6/[5:9][9:27],6/[4:7][12:25],5/[3:8][20:31],11/[6:11][25:34],8/[4:8][83:144],0/[4:8][27:40],6/[4:6][19:33],7/[2:11][26:45],7/[4:8][8:23],5/[5:9][22:47],7/[3:9][0:11],5/[4:10][0:10],8/[2:10][-3:12],8/[3:9][-1:15],6/[6:8][-1:10],5/[3:10][0:12]
20250116,0,0,8/[6:9][0:11],5/[5:8][3:16],6/[5:11][7:25],3/[2:6][7:27],7/[4:8][18:29],7/[4:8][21:33],3/[3:11][74:147],8/[7:8][22:42],5/[3:7][17:30],6/[6:9][25:42],9/[4:9][9:20],5/[4:11][17:47],6/[3:6][-1:10],9/[4:10][-3:8],4/[4:7][-3:10],6/[5:10][0:16],5/[5:8][0:11],6/[6:8][3:12]
20250114,0,2,5/[4:8][0:11],8/[5:9][4:17],6/[3:10][4:20],4/[4:7][10:28],8/[3:8][18:31],6/[6:7][22:33],0/[4:9][78:138],0/[6:10][26:41],4/[4:8][18:29],6/[4:9][25:45],7/[4:8][9:25],7/[3:8][18:47],4/[2:8][-1:9],8/[6:9][-1:11],5/[2:9][-1:17],6/[4:7][0:14],6/[4:9][-1:11],9/[2:11][-1:14]
20250112,1,2,5/[3:7][0:12],8/[6:9][5:19],0/[3:7][4:18],5/[5:10][13:28],7/[2:7][16:30],4/[3:7][24:34],0/[6:8][88:122],8/[4:9][27:43],9/[3:9][16:30],9/[4:11][27:47],6/[4:9][7:23],0/[5:7][16:45],9/[4:10][-3:8],4/[4:8][-1:11],5/[2:6][1:13],8/[1:8][-1:14],4/[4:9][-1:11],4/[4:10][2:15]
20250109,0,1,7/[6:9][-1:11],7/[4:9][4:20],4/[3:10][2:21],9/[5:9][14:27],4/[4:9][20:30],5/[4:8][23:34],4/[4:10][87:138],5/[3:8][24:40],4/[3:11][18:34],4/[4:9][27:48],4/[1:6][8:23],5/[3:7][20:47],8/[4:10][2:10],0/[5:9][-3:8],7/[3:7][2:17],4/[1:9][1:11],6/[5:10][0:9],8/[5:8][-1:16]
20250107,0,1,9/[4:9][0:16],9/[5:9][4:20],8/[4:9][10:23],8/[4:8][14:27],2/[2:8][21:31],6/[3:7][25:34],5/[4:8][96:142],6/[4:9][30:46],6/[6:8][14:31],0/[3:8][32:46],8/[4:10][6:21],11/[3:11][27:46],6/[5:8][1:13],8/[6:8][0:11],5/[5:8][0:12],6/[2:8][0:10],6/[5:7][-2:7],7/[4:8][-1:15]
20250105,0,0,4/[3:7][-1:11],7/[5:9][1:16],5/[5:12][4:21],10/[3:11][14:24],4/[2:7][19:29],3/[2:10][22:34],5/[3:10][91:136],6/[4:11][24:43],9/[5:9][17:32],5/[5:7][24:44],5/[2:9][9:26],6/[3:10][21:46],6/[3:9][0:10],8/[4:8][-5:15],7/[3:9][0:16],5/[3:10][-1:10],6/[6:9][0:12],4/[4:8][2:17]
20250102,0,3,9/[5:9][-1:10],6/[4:9][3:14],7/[2:8][10:20],9/[3:9][16:26],6/[5:7][20:31],8/[4:8][25:34],7/[5:7][93:132],4/[4:7][28:40],6/[5:6][21:33],0/[3:11][26:42],6/[3:10][13:24],4/[3:9][23:46],9/[5:9][0:11],0/[4:8][0:10],9/[2:9][0:11],3/[3:8][0:12],0/[7:8][0:8],0/[5:9][0:15]
20241231,0,0,5/[4:8][-1:14],4/[4:8][1:15],5/[5:10][10:21],4/[4:9][17:28],8/[4:9][21:32],6/[4:10][23:34],5/[2:11][95:128],7/[1:8][28:46],7/[5:8][18:32],6/[4:9][27:46],6/[3:8][11:27],4/[4:8][28:45],7/[4:7][0:11],8/[3:8][0:12],7/[5:8][1:13],8/[5:10][1:12],6/[6:10][-1:7],6/[5:9][1:15]
20241229,1,1,0/[5:8][0:9],11/[3:11][3:16],10/[6:10][10:20],6/[3:9][15:28],6/[3:10][17:31],5/[5:7][21:34],7/[3:7][84:133],0/[5:8][24:41],5/[5:9][18:31],5/[5:9][26:45],7/[4:11][7:23],10/[6:10][21:44],8/[6:10][1:11],6/[2:8][-1:8],7/[6:9][0:14],4/[3:7][0:15],8/[7:8][-2:8],6/[6:9][-1:17]
20241226,1,2,4/[4:9][0:9],5/[5:9][5:17],8/[2:10][8:22],6/[6:8][15:27],0/[2:7][20:30],8/[5:8][22:33],6/[4:8][82:139],7/[6:10][24:40],0/[3:10][20:31],4/[2:10][26:46],0/[6:11][10:23],5/[5:10][26:48],6/[5:7][1:12],9/[5:9][1:12],10/[3:10][0:10],7/[3:8][1:12],6/[5:9][-2:7],0/[4:7][-2:14]
20241224,0,0,3/[3:8][0:11],5/[1:7][3:17],3/[3:9][8:20],4/[4:8][11:25],6/[5:7][20:30],8/[4:8][23:34],9/[4:10][69:132],7/[6:9][25:40],5/[3:9][18:29],8/[2:9][23:45],7/[3:10][8:21],1/[1:10][19:44],9/[5:9][2:12],8/[4:9][0:10],7/[3:8][-2:10],3/[3:9][2:14],8/[6:9][-1:10],5/[3:5][-4:14]
20241222,0,0,6/[4:9][0:11],6/[2:7][3:14],3/[3:7][9:20],6/[3:7][12:26],4/[2:10][12:29],8/[5:8][21:33],5/[3:8][73:123],7/[6:10][20:42],6/[5:9][17:31],3/[3:9][24:39],10/[4:10][5:24],10/[1:10][22:42],5/[3:7][0:9],6/[4:7][0:9],5/[2:7][-3:12],5/[5:10][0:10],9/[6:9][1:9],4/[2:8][-3:14]
20241219,0,1,4/[2:6][0:12],8/[5:8][2:20],9/[2:10][10:23],3/[2:12][12:24],9/[3:9][17:31],7/[4:8][23:34],4/[3:11][88:149],6/[2:9][25:42],10/[4:10][20:30],6/[6:8][23:47],0/[3:8][7:21],2/[2:11][21:47],8/[3:8][-1:12],5/[4:11][1:14],10/[3:10][-4:11],6/[6:9][-3:12],5/[5:9][1:12],2/[1:8][-2:16]
20241217,1,3,9/[5:9][0:11],0/[3:10][6:21],2/[2:9][8:25],10/[3:10][13:26],8/[4:8][18:31],5/[5:10][24:35],5/[3:10][83:140],3/[3:10][27:41],6/[5:10][21:31],0/[3:8][28:48],0/[4:8][5:19],5/[3:10][25:50],6/[3:8][1:16],0/[3:10][1:10],6/[3:9][-2:14],8/[7:9][0:9],9/[5:9][0:11],3/[3:8][-1:12]
20241215,0,4,5/[2:11][1:12],10/[3:11][4:22],8/[4:8][10:23],4/[4:9][16:26],9/[3:9][19:31],4/[3:11][24:34],0/[4:10][91:143],6/[5:10][29:40],4/[4:8][16:32],0/[2:10][32:52],4/[3:9][5:26],0/[3:10][31:53],4/[3:9][2:16],6/[6:7][1:11],8/[4:9][-1:12],6/[5:10][0:9],0/[4:8][0:8],9/[3:9][0:13]
20241212,1,4,4/[4:7][0:10],6/[2:8][5:20],0/[2:7][12:26],5/[3:10][14:27],5/[4:9][21:31],5/[4:8][24:34],4/[3:7][90:155],2/[2:10][28:41],0/[5:8][19:29],6/[4:9][27:51],0/[5:10][3:20],7/[3:8][26:51],5/[2:8][1:16],6/[4:6][1:9],0/[6:9][-2:9],0/[4:10][0:7],9/[5:9][0:9],5/[4:9][3:15]
20241210,1,0,6/[3:8][0:10],10/[6:10][1:23],3/[3:10][6:23],3/[3:9][13:30],8/[4:9][21:32],0/[4:9][26:34],3/[3:9][77:142],8/[4:9][28:42],7/[5:7][20:31],5/[4:10][25:55],4/[4:7][7:24],4/[4:8][21:53],8/[4:8][0:17],3/[3:9][0:15],9/[4:9][0:12],10/[5:11][0:10],5/[5:8][-3:8],2/[1:8][1:13]
20241208,1,3,4/[3:7][0:9],9/[1:10][1:18],10/[5:10][7:21],0/[4:11][16:28],6/[2:7][21:32],7/[4:7][25:33],0/[6:10][83:130],6/[5:10][28:37],3/[3:10][19:31],10/[3:10][26:48],5/[5:7][8:26],0/[6:10][24:47],7/[1:7][1:13],5/[5:9][0:12],7/[4:12][1:15],0/[5:7][0:8],7/[6:8][-2:8],6/[3:10][-1:16]
20241205,1,3,8/[6:8][0:16],4/[4:11][3:17],0/[2:8][11:23],10/[3:10][11:26],7/[3:8][19:31],7/[4:7][23:33],0/[6:9][99:126],5/[5:7][25:45],4/[4:9][13:30],6/[4:8][25:41],8/[6:9][6:25],0/[2:8][29:49],6/[2:8][0:10],0/[3:7][2:12],12/[3:12][1:13],4/[4:12][0:11],4/[4:9][-1:7],7/[2:7][-1:15]
20241203,1,2,0/[3:8][0:9],3/[3:9][-1:16],7/[3:7][7:20],10/[3:10][12:28],4/[3:7][18:29],8/[3:9][21:32],11/[3:11][73:131],0/[3:10][24:39],0/[4:10][15:31],6/[2:10][18:45],9/[5:9][7:24],11/[2:12][21:46],6/[3:7][-1:10],3/[3:9][0:8],11/[6:11][1:12],5/[4:6][1:12],5/[3:8][-2:10],9/[2:9][1:15]
20241201,0,0,5/[2:8][0:8],3/[3:9][2:13],5/[4:11][6:24],9/[6:9][14:27],8/[5:9][15:31],6/[6:11][23:31],2/[2:11][72:131],4/[4:7][26:38],3/[3:8][16:30],6/[3:11][20:42],6/[4:7][8:21],11/[5:11][18:43],5/[2:7][1:10],8/[2:8][0:10],11/[7:12][0:12],6/[5:7][0:10],6/[1:7][0:12],6/[2:7][-1:13]
20241128,0,0,2/[2:9][0:10],9/[4:10][2:15],9/[6:9][6:22],8/[3:10][12:26],6/[2:7][17:28],3/[2:9][21:34],10/[4:10][71:123],2/[1:10][25:39],5/[5:10][19:29],5/[2:9][22:44],5/[4:9][9:23],7/[4:9][20:47],7/[7:10][-1:12],9/[4:10][1:11],9/[6:10][2:13],5/[5:8][-1:10],7/[4:7][0:11],0/[3:11][-1:11]
20241126,0,0,3/[3:8][-1:7],7/[4:10][3:16],8/[6:11][7:19],8/[3:11][11:23],7/[4:7][14:31],7/[5:8][18:33],6/[5:10][69:125],5/[5:9][21:41],6/[6:8][16:30],5/[5:9][20:42],5/[4:7][4:20],10/[3:10][19:43],10/[6:10][3:11],5/[5:12][0:7],7/[5:12][-1:11],4/[4:10][-1:13],7/[6:10][0:10],5/[3:8][-1:14]
20241124,0,1,4/[2:10][0:9],5/[4:8][3:19],9/[5:9][9:22],6/[3:10][13:26],8/[5:8][17:31],7/[3:7][19:32],4/[3:9][72:135],8/[6:9][21:41],3/[3:7][17:30],5/[5:9][21:45],6/[1:7][7:21],6/[5:8][22:45],4/[4:10][0:14],1/[1:9][-2:10],8/[7:11][1:12],0/[2:9][-2:8],6/[6:8][-1:11],9/[4:10][2:17]
20241121,1,0,3/[2:9][0:12],5/[3:8][3:17],7/[6:10][5:20],5/[3:6][13:28],6/[5:8][16:31],0/[2:6][21:34],5/[4:7][72:126],8/[1:10][19:38],9/[2:9][15:33],6/[3:7][22:42],4/[3:8][5:22],5/[3:7][21:45],7/[5:8][1:11],8/[4:8][-1:9],9/[4:11][0:13],5/[4:6][1:11],7/[5:10][-2:11],0/[3:8][0:14]
20241119,1,1,7/[6:10][-1:8],6/[5:8][2:16],7/[4:8][3:26],8/[5:8][13:28],0/[4:8][17:29],7/[5:9][21:34],9/[4:9][60:123],3/[3:7][23:38],2/[2:11][17:33],7/[4:10][19:44],9/[4:9][7:25],5/[5:7][17:53],8/[5:9][-2:10],3/[3:8][-4:22],0/[3:9][1:11],7/[6:9][0:11],10/[3:10][-1:11],6/[6:7][-1:15]
20241117,2,2,6/[6:9][-1:6],6/[3:8][1:13],0/[3:8][7:20],0/[2:8][11:24],7/[2:7][16:28],6/[3:6][24:33],6/[4:10][67:119],7/[5:8][24:37],8/[5:9][20:32],7/[4:8][22:40],8/[1:8][11:24],0/[1:7][22:48],4/[4:9][-2:13],0/[3:8][1:13],10/[2:10][-1:10],8/[6:9][0:12],2/[2:9][-1:13],7/[5:8][-1:14]
20241114,0,1,4/[4:7][-1:8],6/[3:6][4:12],7/[1:10][7:19],6/[4:6][11:23],4/[2:6][17:29],6/[4:7][22:34],10/[4:11][75:115],8/[5:10][24:36],9/[3:10][21:31],6/[5:7][23:38],3/[2:9][10:23],7/[3:8][20:39],10/[4:10][1:10],4/[4:6][0:12],8/[5:12][-2:10],1/[1:9][1:11],0/[5:10][1:9],8/[3:11][0:17]
20241112,0,0,7/[5:7][-1:10],7/[3:7][-1:15],2/[2:7][5:20],2/[2:7][9:24],6/[3:7][11:30],8/[5:11][20:33],6/[5:9][66:132],8/[3:9][22:42],4/[4:10][17:32],7/[6:10][19:40],10/[3:10][9:20],4/[4:7][16:42],8/[6:10][-1:11],4/[4:9][1:9],3/[3:10][-3:12],5/[2:10][1:14],4/[3:8][1:12],0/[4:8][0:13]
20241110,1,1,0/[4:7][-1:8],6/[5:7][2:12],9/[6:9][5:19],7/[2:8][7:24],4/[4:7][13:26],5/[3:11][21:33],7/[3:8][62:114],0/[3:10][23:40],8/[5:11][17:30],10/[3:10][18:36],2/[2:9][11:25],7/[1:8][14:39],10/[5:10][-1:8],2/[1:8][-1:9],7/[7:10][1:10],8/[4:10][-1:12],9/[5:10][0:11],8/[2:8][-2:17]
20241107,0,0,10/[4:10][0:8],7/[4:7][2:14],6/[1:9][6:17],4/[3:6][10:22],2/[1:7][12:28],4/[3:6][19:33],2/[1:6][71:118],5/[1:10][21:35],4/[3:11][14:31],5/[3:7][20:35],8/[6:9][1:23],5/[2:9][19:37],7/[5:8][-1:9],2/[2:11][-3:9],8/[7:11][0:8],7/[1:7][-1:10],8/[3:8][-1:11],0/[3:7][0:13]
20241105,0,2,7/[3:7][0:15],6/[3:8][3:19],5/[5:9][6:24],9/[2:9][10:25],6/[4:6][14:28],7/[5:7][21:34],7/[3:9][76:139],6/[5:9][22:48],0/[3:9][16:29],6/[5:7][24:45],0/[3:12][3:21],9/[5:9][19:48],9/[5:9][0:13],10/[2:10][0:9],11/[5:11][0:10],5/[3:9][-1:12],8/[6:8][1:11],10/[8:11][-1:12]
20241103,3,3,0/[3:11][0:12],8/[3:8][3:18],0/[4:8][9:22],8/[3:9][12:26],8/[2:8][18:30],0/[5:10][23:32],0/[3:8][91:136],0/[3:10][27:41],8/[3:8][13:31],6/[3:8][26:46],10/[3:10][6:23],0/[1:9][23:46],1/[1:11][-1:11],7/[4:10][-2:10],4/[3:7][-1:10],7/[2:7][-1:11],9/[4:9][-1:9],7/[4:7][2:15]
20241031,1,2,9/[6:9][1:12],0/[5:9][5:16],6/[5:7][9:23],6/[4:8][13:25],5/[1:8][17:30],6/[2:6][24:33],0/[2:7][95:137],9/[4:9][29:45],6/[5:7][14:29],11/[5:11][25:43],0/[4:11][4:21],5/[2:6][23:47],2/[1:7][-2:13],9/[2:10][-1:12],5/[4:9][0:11],5/[4:11][-2:10],3/[3:8][-1:8],8/[3:9][2:14]
20241029,0,0,3/[2:9][1:16],5/[3:8][6:23],8/[1:10][11:24],4/[3:6][13:28],5/[5:9][18:31],8/[7:9][26:34],6/[4:10][97:151],5/[1:9][30:45],4/[4:11][14:32],8/[4:9][28:50],10/[2:10][6:20],7/[4:8][27:51],7/[6:11][-1:14],8/[2:9][0:11],8/[2:8][0:10],9/[3:9][-1:11],5/[5:10][-1:10],8/[4:11][3:18]
20241027,0,0,8/[4:10][0:11],5/[5:9][4:20],5/[4:9][8:27],5/[1:10][12:29],8/[3:10][16:32],6/[5:9][25:34],6/[4:11][82:152],4/[4:7][27:42],11/[3:11][20:33],9/[7:11][23:52],8/[3:11][6:22],5/[3:10][24:53],7/[4:8][1:17],6/[4:9][-2:13],4/[4:9][-1:9],7/[7:9][-3:10],8/[4:9][0:13],5/[3:6][2:16]
20241024,1,3,4/[3:7][0:13],6/[6:9][5:21],5/[5:9][9:26],7/[3:7][12:29],0/[4:8][23:31],5/[4:11][26:34],0/[4:8][90:156],7/[4:8][29:46],6/[3:9][14:33],0/[5:11][29:51],9/[1:9][4:22],4/[3:7][22:53],9/[6:10][1:16],5/[4:9][0:15],2/[1:11][-1:11],6/[5:9][-2:15],0/[7:8][0:8],6/[1:9][2:18]
20241022,0,2,5/[3:8][0:15],4/[4:8][4:22],9/[7:9][6:24],8/[5:9][10:31],6/[4:7][17:32],7/[4:7][18:35],9/[6:11][60:146],4/[2:8][19:50],0/[6:10][17:30],7/[4:9][22:51],9/[3:10][6:22],6/[5:9][17:53],6/[3:8][1:14],2/[2:11][-3:12],3/[2:10][0:10],0/[2:9][0:10],8/[2:8][0:8],6/[2:9][2:16]
20241020,5,4,8/[3:9][1:12],0/[6:9][8:21],0/[4:10][11:27],0/[3:8][14:29],0/[4:8][22:32],0/[5:7][26:35],0/[2:7][102:140],0/[5:10][31:47],10/[4:10][17:31],0/[4:7][31:50],4/[3:10][5:23],0/[4:8][23:54],6/[6:8][1:13],7/[5:11][-3:18],4/[3:7][-1:10],3/[2:8][1:14],10/[4:10][-1:10],2/[2:7][-1:16]
20241017,2,3,4/[4:11][1:13],4/[4:9][2:20],0/[4:7][3:24],0/[4:7][5:26],6/[2:6][10:31],6/[3:6][14:36],6/[4:7][40:147],3/[3:10][16:45],8/[3:9][12:30],4/[4:9][13:48],0/[4:8][7:20],0/[4:8][9:51],3/[3:9][0:15],0/[3:9][-1:14],2/[2:7][-1:8],4/[4:10][0:10],4/[3:4][-1:9],6/[6:10][0:15]
20241015,4,5,8/[2:8][-1:11],8/[2:8][3:13],0/[4:10][6:18],0/[2:7][9:22],0/[1:7][13:30],0/[3:7][22:33],0/[5:9][68:114],0/[4:8][26:41],0/[4:8][17:30],0/[3:8][23:42],9/[2:10][7:19],0/[3:7][17:37],6/[2:6][-1:10],11/[3:11][0:8],8/[4:9][1:12],4/[4:10][-2:14],4/[3:6][1:12],0/[4:9][0:13]
20241013,0,1,3/[3:9][0:11],8/[3:8][3:16],2/[2:7][8:21],2/[1:9][10:26],9/[2:9][15:32],7/[2:7][22:33],7/[2:10][77:127],5/[4:9][27:42],2/[2:8][15:32],5/[3:7][26:47],5/[2:6][9:20],3/[2:5][20:43],9/[5:9][-1:15],7/[3:8][0:10],5/[5:11][0:13],0/[3:9][-1:10],3/[3:8][-1:11],7/[7:10][2:14]
20241010,2,3,0/[3:8][2:13],7/[3:8][6:19],8/[2:8][9:21],8/[3:10][12:23],0/[1:8][18:30],6/[5:7][22:33],7/[2:9][80:132],4/[3:9][28:42],0/[4:9][18:27],0/[4:12][26:45],4/[4:12][6:18],8/[3:10][26:45],0/[4:10][0:11],4/[1:9][0:12],11/[4:11][-1:9],6/[4:8][0:9],5/[4:8][0:11],7/[7:11][-1:15]
20241008,0,0,10/[5:10][0:12],3/[2:8][3:16],7/[3:7][5:19],5/[5:8][11:25],7/[6:7][17:29],4/[3:9][22:34],7/[5:11][78:129],5/[4:8][29:42],3/[3:9][18:30],5/[4:8][26:41],6/[2:9][8:21],5/[5:7][18:43],8/[2:10][1:9],7/[5:8][1:10],8/[5:9][0:12],7/[6:9][0:15],7/[5:9][0:12],7/[4:10][3:13]
20241006,0,0,6/[3:10][1:11],5/[3:7][3:15],8/[4:8][7:24],5/[2:5][12:25],8/[2:8][15:28],7/[4:8][23:34],7/[3:7][85:128],12/[3:12][25:39],4/[3:9][15:31],4/[4:8][24:44],8/[4:8][7:22],6/[3:8][22:48],6/[5:7][0:8],5/[4:10][-2:19],9/[6:9][0:12],4/[4:8][0:13],5/[4:8][-1:13],8/[4:11][-1:13]
20240929,1,2,4/[2:7][0:15],9/[2:9][3:17],0/[4:7][8:18],8/[3:8][11:26],6/[1:9][18:31],7/[6:8][22:34],7/[5:9][75:131],5/[5:7][28:41],10/[3:11][14:29],7/[3:8][24:43],8/[1:8][9:23],0/[2:8][18:42],5/[5:7][-1:9],0/[3:10][-1:8],10/[5:11][1:12],8/[4:8][1:12],4/[4:8][-1:10],9/[4:12][1:14]
20240926,0,0,8/[3:8][0:12],6/[4:7][3:19],2/[1:9][4:21],9/[4:9][11:26],6/[1:7][21:32],11/[5:11][21:33],9/[1:11][69:139],10/[3:10][29:44],3/[3:9][15:32],4/[1:9][25:50],3/[2:10][10:22],8/[3:10][16:45],7/[2:9][0:11],5/[4:10][-2:8],6/[4:9][-1:10],4/[2:8][2:14],6/[2:6][-1:9],8/[5:9][1:17]
20240924,0,0,10/[3:11][0:13],11/[3:11][3:20],6/[6:7][3:19],9/[6:10][8:24],5/[3:8][13:32],6/[4:6][19:34],9/[6:9][70:131],7/[4:10][22:41],6/[3:8][17:30],6/[4:8][18:45],11/[3:11][6:19],6/[2:11][13:41],5/[2:11][-1:11],10/[1:10][-2:7],11/[4:11][1:10],6/[3:6][0:12],6/[5:6][-1:11],0/[3:9][1:15]
20240922,0,0,3/[3:10][0:15],6/[2:9][3:20],3/[3:7][7:25],6/[6:10][11:29],4/[3:8][19:30],8/[4:8][24:34],4/[1:10][85:149],4/[3:7][26:44],3/[3:10][14:31],6/[4:8][24:48],6/[2:9][7:26],3/[1:7][24:53],8/[5:9][0:12],4/[3:10][-2:21],8/[6:10][0:10],7/[4:7][0:12],11/[2:11][-1:8],3/[2:10][2:15]
20240919,2,3,3/[3:9][0:16],0/[6:8][7:22],10/[5:10][8:24],0/[4:8][18:27],8/[4:8][20:31],10/[6:10][25:33],8/[3:8][94:153],3/[2:10][30:46],9/[2:9][13:32],10/[2:10][31:49],0/[3:10][4:18],0/[4:12][29:48],8/[4:8][-1:14],0/[2:12][-1:12],4/[4:9][-2:15],8/[4:8][-2:11],6/[5:6][0:8],2/[2:8][2:17]
20240917,0,2,5/[3:7][-1:12],5/[1:9][2:18],5/[3:6][7:22],7/[1:9][12:25],5/[3:7][16:30],4/[4:10][18:34],7/[2:7][63:149],11/[5:11][19:47],8/[3:10][15:32],3/[3:10][22:44],3/[2:9][8:22],2/[2:8][20:47],7/[3:7][-1:9],8/[4:9][1:10],0/[3:11][-3:9],0/[4:9][2:13],7/[3:7][-1:9],4/[3:8][1:13]
20240915,0,2,8/[3:8][1:11],3/[3:8][2:15],8/[5:9][3:18],6/[4:6][9:23],6/[3:9][11:32],7/[2:7][18:34],0/[2:8][66:128],0/[3:9][21:41],9/[3:10][15:31],6/[3:8][17:40],8/[2:8][6:24],7/[4:9][15:40],10/[6:10][-3:7],10/[1:11][-2:8],3/[3:8][-1:12],7/[7:10][-1:10],7/[3:8][-1:12],3/[3:8][2:12]
20240912,1,0,3/[2:8][0:10],4/[3:7][4:14],4/[3:7][5:19],6/[5:10][12:24],0/[1:10][14:30],5/[4:7][21:34],9/[5:9][75:125],9/[6:10][24:40],3/[2:10][19:32],8/[3:8][23:41],3/[3:10][7:25],7/[3:9][18:38],6/[6:8][0:9],5/[3:10][-1:13],7/[2:7][1:13],6/[5:9][2:12],5/[1:8][1:14],6/[4:7][0:12]
20240910,0,2,6/[4:9][-1:11],7/[1:8][3:17],4/[2:8][6:24],6/[6:9][10:26],8/[6:9][18:30],7/[4:9][20:33],3/[2:6][80:127],8/[4:10][26:37],9/[3:10][13:31],2/[2:10][24:43],0/[3:8][9:22],4/[3:10][20:48],10/[2:10][1:12],0/[4:7][0:9],10/[4:10][0:13],8/[3:11][-1:13],2/[2:5][-3:10],8/[8:9][3:12]
20240908,0,1,6/[6:9][-2:13],8/[5:9][3:22],6/[5:8][5:24],6/[4:10][12:28],5/[2:7][18:33],9/[3:10][22:34],11/[2:11][81:149],8/[5:8][25:46],5/[3:9][20:32],6/[3:8][24:54],11/[3:11][10:23],5/[3:6][20:51],0/[3:11][1:10],10/[4:11][1:8],7/[1:7][0:12],4/[3:8][2:13],8/[7:10][0:11],12/[4:12][2:16]
20240905,4,4,0/[2:7][-1:10],0/[2:7][2:17],8/[2:8][5:23],0/[2:10][10:26],0/[4:8][15:30],5/[4:6][24:34],0/[1:9][79:124],0/[4:7][26:39],3/[2:11][15:34],0/[4:8][19:40],4/[1:5][6:24],0/[3:9][19:49],11/[3:11][-1:11],8/[3:8][1:13],6/[6:9][1:10],5/[3:9][0:11],7/[3:9][-1:14],5/[5:11][0:16]
20240903,2,1,8/[2:8][-1:9],0/[4:7][2:14],9/[5:10][8:19],7/[5:8][10:25],6/[2:7][16:30],0/[5:10][26:35],7/[6:10][91:144],2/[2:12][27:39],0/[3:10][20:31],4/[1:10][22:41],5/[2:11][6:18],6/[2:9][19:43],3/[3:9][-1:12],6/[2:9][0:12],7/[4:7][-3:12],7/[7:10][-1:10],6/[4:7][-1:14],0/[6:8][2:17]
20240901,0,0,5/[5:10][-1:14],3/[3:10][5:21],6/[4:11][6:25],10/[5:10][10:26],6/[1:7][16:29],5/[4:9][20:34],5/[1:9][77:156],8/[3:10][27:44],4/[4:10][16:31],5/[3:10][25:49],10/[4:10][4:17],5/[4:7][20:49],5/[4:8][0:14],3/[2:6][0:11],9/[3:9][-2:8],6/[3:9][0:9],8/[3:8][2:14],5/[5:10][4:16]
20240829,1,1,11/[4:12][0:18],6/[5:8][5:22],9/[3:10][7:25],9/[3:11][9:29],0/[1:7][16:33],4/[4:9][26:36],5/[3:8][75:163],7/[3:11][26:53],0/[5:11][18:29],4/[3:9][20:52],4/[3:8][2:18],4/[3:10][18:54],7/[3:7][1:11],7/[2:7][-2:9],6/[3:8][-2:8],4/[2:4][-1:8],2/[2:8][-1:17],4/[4:12][3:17]
20240827,0,0,4/[2:11][0:16],3/[3:9][2:22],3/[2:11][6:27],9/[7:10][11:31],6/[6:9][19:33],5/[4:6][25:35],5/[4:7][84:162],8/[2:9][27:50],8/[5:10][16:29],3/[1:9][23:51],4/[3:10][6:23],6/[4:9][17:55],8/[5:9][0:14],1/[1:7][-1:9],7/[4:10][0:12],4/[1:8][-1:11],8/[6:8][0:11],0/[6:9][1:15]
20240825,0,0,11/[2:11][2:14],5/[4:10][2:19],8/[4:9][9:24],7/[2:9][12:30],10/[2:11][17:32],7/[4:10][25:33],7/[3:9][86:149],5/[3:8][28:44],9/[2:11][17:29],7/[2:12][26:46],8/[2:8][7:23],4/[3:9][24:50],6/[3:8][0:9],7/[5:9][1:12],4/[2:9][-4:14],8/[1:8][0:10],5/[5:11][0:13],6/[5:9][2:14]
20240822,0,1,7/[5:12][0:10],6/[6:9][3:17],9/[3:9][9:20],7/[1:8][11:26],9/[3:9][16:30],6/[5:8][26:33],8/[6:8][80:129],4/[3:7][28:41],6/[5:8][19:30],8/[5:8][22:43],0/[3:10][9:22],11/[1:11][21:45],6/[3:7][-1:9],8/[2:8][1:13],7/[3:8][-2:10],5/[5:7][1:12],10/[4:10][0:12],6/[1:6][1:16]
20240820,0,0,9/[3:10][2:10],7/[7:10][3:16],6/[4:8][7:21],7/[7:11][11:27],7/[6:8][15:31],6/[2:7][20:33],11/[3:11][69:132],7/[3:7][24:42],9/[3:10][16:28],8/[6:10][20:43],9/[4:9][8:22],6/[4:8][21:44],6/[6:10][-1:8],8/[4:8][1:11],6/[5:7][0:8],3/[3:9][0:10],8/[4:10][0:12],4/[3:11][2:16]
20240818,1,1,9/[4:10][2:13],8/[4:8][4:20],10/[1:11][8:24],9/[2:9][13:29],0/[2:10][17:31],9/[4:10][21:33],0/[3:6][71:137],9/[5:10][24:43],9/[5:9][15:28],7/[5:10][22:49],8/[2:8][7:23],8/[2:8][21:53],11/[4:11][0:9],10/[4:10][1:12],8/[4:9][-1:9],5/[5:8][-1:10],9/[7:10][-1:10],3/[3:7][-3:13]
20240815,0,0,5/[4:10][0:11],10/[3:10][4:15],7/[2:11][6:25],8/[5:12][10:27],6/[5:8][11:32],5/[4:7][14:33],2/[1:9][50:135],9/[4:9][15:41],5/[4:9][13:32],8/[3:10][16:48],5/[3:11][6:24],8/[4:11][17:52],9/[4:9][1:10],5/[1:7][1:16],3/[3:9][2:11],9/[5:10][-1:10],10/[6:10][-1:7],5/[2:8][-2:13]
20240813,2,5,7/[5:9][-1:10],7/[7:10][2:15],6/[4:9][4:24],4/[4:10][11:27],0/[6:9][17:32],0/[5:8][21:34],0/[3:6][80:132],0/[2:8][24:38],0/[4:11][18:33],0/[6:8][24:43],0/[3:7][9:25],8/[4:8][18:50],9/[6:9][0:12],8/[2:8][2:14],5/[4:8][0:9],8/[6:9][-1:12],8/[7:10][-2:12],3/[1:10][1:12]
20240811,1,2,4/[2:7][-1:14],6/[4:8][3:16],7/[3:8][10:23],0/[1:8][15:28],6/[6:11][18:33],7/[6:9][23:34],0/[2:9][89:128],8/[6:9][25:39],10/[4:10][10:32],9/[2:9][24:43],6/[3:9][4:21],0/[2:10][25:48],6/[2:8][1:12],4/[2:11][0:14],10/[1:10][-1:7],9/[6:9][-3:10],7/[6:10][-2:11],4/[4:7][0:12]
20240808,2,2,0/[3:10][1:11],11/[2:11][2:18],2/[2:9][6:22],4/[4:9][11:29],10/[4:11][16:32],0/[5:7][26:34],6/[2:9][75:130],5/[4:11][25:45],0/[1:7][19:28],5/[2:10][21:44],0/[3:8][8:26],4/[4:10][19:47],6/[4:9][-2:10],9/[4:9][1:13],3/[2:11][-2:11],7/[7:9][1:14],7/[6:8][0:9],9/[4:9][1:14]
20240806,0,0,5/[1:9][1:12],8/[5:10][5:19],6/[3:10][8:23],2/[2:11][14:27],8/[5:9][14:32],7/[3:9][22:33],3/[3:9][81:135],8/[5:9][28:45],3/[2:9][17:29],9/[4:10][23:44],9/[3:9][8:24],8/[4:11][22:49],3/[3:10][-1:10],5/[3:11][0:12],7/[4:10][-2:11],8/[6:9][1:11],9/[5:9][-2:14],7/[3:8][0:14]
20240804,0,2,4/[3:8][2:10],6/[3:7][5:17],8/[3:10][7:24],8/[4:10][11:25],7/[3:8][17:31],8/[6:8][26:35],0/[4:10][85:144],6/[5:7][30:45],3/[2:9][19:30],9/[3:10][24:47],7/[2:10][10:23],8/[1:8][21:48],8/[2:9][-1:10],3/[2:11][0:11],7/[6:10][-1:9],7/[2:7][2:14],0/[7:8][0:11],5/[4:7][-1:14]
20240801,0,1,5/[2:10][0:11],4/[3:8][3:16],8/[1:8][9:21],7/[4:9][14:26],9/[4:9][19:30],7/[5:8][25:34],8/[3:9][92:137],7/[5:9][27:49],8/[3:9][20:30],9/[5:11][26:45],7/[4:10][10:22],9/[1:10][27:44],5/[5:10][0:10],10/[1:11][1:15],9/[4:9][0:10],0/[3:8][0:11],7/[3:7][0:8],8/[4:8][0:12]
20240730,2,0,0/[1:7][0:18],5/[2:8][4:20],6/[4:8][8:25],11/[6:11][13:27],0/[4:8][21:30],9/[4:9][26:33],8/[1:8][93:145],5/[5:8][26:49],4/[2:9][13:30],9/[2:9][27:47],7/[3:9][5:23],1/[1:10][24:50],6/[4:8][1:10],9/[6:9][0:12],9/[6:9][0:9],7/[5:9][-1:12],5/[3:9][0:9],6/[2:7][0:14]
20240728,1,2,0/[3:9][0:13],4/[2:9][-1:20],5/[1:11][5:22],7/[4:9][12:27],3/[3:9][18:30],7/[4:9][21:34],7/[4:8][73:139],0/[4:8][23:47],0/[3:11][17:31],7/[3:9][20:48],8/[3:9][6:22],7/[1:7][24:47],5/[4:7][1:11],10/[4:10][-1:13],10/[4:10][-1:10],8/[4:8][-3:8],7/[5:8][-1:8],4/[2:10][-3:16]
20240725,0,0,3/[2:7][-1:10],4/[4:9][1:17],3/[2:7][8:23],10/[6:10][12:27],8/[7:11][18:29],5/[4:9][23:34],7/[6:10][79:125],8/[4:9][25:39],4/[4:8][15:30],4/[4:8][23:43],6/[1:7][5:26],3/[1:7][22:49],4/[3:7][0:13],11/[2:11][0:17],5/[3:10][-2:14],2/[2:8][-3:10],9/[7:9][-1:11],0/[3:7][-4:14]
20240723,0,1,6/[3:6][0:10],2/[2:10][4:15],11/[4:12][6:21],10/[4:10][10:30],8/[3:11][16:33],7/[5:7][21:34],0/[3:8][84:121],6/[4:11][24:39],5/[3:8][16:31],8/[2:12][24:42],4/[3:8][3:24],7/[4:7][22:44],3/[3:10][-1:16],8/[4:8][-2:8],8/[5:8][-1:16],5/[2:10][-2:9],5/[4:8][-1:11],5/[2:6][-3:16]
20240721,1,1,3/[3:8][-1:10],8/[4:9][1:20],5/[4:10][9:23],0/[5:12][15:28],10/[5:10][16:32],6/[3:6][26:34],4/[4:8][77:142],6/[4:7][28:41],7/[3:8][18:34],8/[4:11][18:50],5/[1:7][5:23],8/[3:8][26:50],4/[2:8][0:18],4/[4:10][-2:12],0/[1:7][-1:11],8/[3:10][0:12],6/[5:6][-1:13],8/[6:9][-1:17]
20240718,2,3,3/[3:12][-1:7],0/[4:9][5:19],4/[4:8][7:25],10/[5:11][14:28],0/[4:6][18:31],3/[2:7][24:33],6/[6:9][76:138],8/[5:8][25:39],4/[3:8][21:33],0/[4:9][23:45],4/[3:10][6:19],6/[5:10][18:48],0/[2:8][2:15],0/[3:10][1:9],7/[4:8][-1:9],7/[4:9][-3:10],8/[2:9][0:13],6/[6:8][2:17]
20240716,0,1,9/[3:9][0:10],8/[3:8][4:15],6/[2:10][4:21],7/[6:9][9:28],9/[4:10][11:30],6/[3:8][24:32],8/[4:8][66:130],0/[3:10][27:42],4/[3:8][18:32],10/[6:11][16:43],3/[3:9][7:19],8/[5:12][14:41],4/[4:9][1:14],6/[1:10][0:10],6/[3:6][-1:16],4/[4:8][0:10],5/[4:8][-1:17],7/[3:11][-1:17]
20240714,1,2,7/[3:9][1:10],9/[4:9][2:14],8/[5:11][5:18],0/[5:10][6:25],6/[4:7][12:30],4/[2:7][24:33],10/[4:11][59:123],9/[5:11][26:42],6/[2:7][18:29],9/[3:9][16:42],6/[3:6][7:19],10/[4:11][12:41],5/[3:8][0:11],5/[4:8][-2:10],0/[4:9][-1:10],6/[3:10][-2:11],0/[2:10][2:15],11/[4:12][2:16]
20240711,0,0,2/[2:8][-1:6],7/[3:8][1:14],8/[4:9][3:19],6/[5:10][6:22],6/[1:8][12:28],5/[5:9][22:32],8/[3:9][60:130],4/[1:8][23:37],2/[2:7][16:30],9/[5:10][15:37],4/[4:6][5:22],7/[4:8][12:45],7/[5:8][-1:9],2/[2:7][-2:8],9/[4:10][1:11],5/[4:7][0:11],6/[4:8][0:16],4/[3:11][3:16]
20240709,0,0,8/[5:9][-1:7],7/[3:9][2:16],8/[5:10][5:20],4/[3:9][7:23],6/[6:9][10:27],6/[5:8][19:32],5/[4:9][63:117],4/[4:10][22:37],6/[3:8][16:29],8/[1:8][17:40],6/[4:12][5:19],9/[3:9][16:38],9/[5:10][-2:13],2/[2:8][-1:10],9/[3:9][-1:10],9/[4:9][1:11],9/[5:11][0:14],9/[3:10][2:17]
20240707,0,0,7/[1:7][-1:7],9/[5:10][1:23],9/[4:10][5:25],4/[2:7][9:28],10/[1:10][9:30],9/[3:9][16:33],9/[3:9][53:138],10/[2:10][18:39],6/[5:7][14:30],9/[2:10][14:52],3/[3:10][6:20],6/[3:7][16:52],3/[3:8][-1:20],7/[5:8][-1:9],7/[4:9][0:9],6/[3:10][0:10],6/[3:6][-2:12],5/[5:7][4:16]
20240704,2,5,3/[3:11][-1:8],0/[4:8][1:15],8/[4:9][7:25],0/[3:9][12:25],7/[2:9][18:30],6/[2:8][21:33],0/[2:6][76:129],7/[3:7][23:37],10/[3:10][17:30],0/[1:10][22:39],0/[3:11][8:24],0/[1:9][23:49],0/[3:9][-2:10],8/[1:9][1:11],5/[4:11][-2:11],6/[3:6][2:11],4/[4:7][-3:9],2/[1:8][0:17]
20240702,0,0,2/[2:9][-1:8],6/[2:8][2:15],11/[3:12][5:17],4/[2:9][8:23],3/[3:8][15:30],6/[5:8][22:33],6/[4:7][76:124],7/[7:9][21:40],4/[4:9][20:28],4/[2:9][18:39],3/[3:11][8:24],4/[1:9][14:40],3/[3:10][-1:7],5/[3:8][0:11],5/[4:9][-2:13],5/[3:7][1:11],5/[5:10][0:12],0/[5:7][5:17]
20240630,0,2,6/[5:8][0:7],6/[4:9][0:11],10/[1:10][8:17],4/[3:7][10:23],3/[1:9][17:29],10/[3:11][18:32],4/[2:6][69:121],0/[3:10][20:36],2/[2:11][16:30],4/[3:7][15:39],8/[5:10][7:24],3/[2:10][22:41],8/[5:8][-2:8],7/[2:8][0:11],0/[5:9][-2:8],7/[3:7][1:13],5/[4:8][1:12],11/[3:11][0:16]
20240627,0,0,4/[4:9][0:15],5/[5:6][3:17],8/[4:10][6:23],6/[5:8][11:22],8/[4:8][13:30],6/[2:9][21:33],6/[3:8][70:142],7/[4:7][24:42],6/[2:7][12:29],3/[3:10][16:44],11/[5:11][6:23],4/[2:7][16:47],6/[6:8][-2:14],6/[3:9][0:9],7/[4:9][-3:9],7/[4:8][1:11],9/[4:10][-2:15],0/[3:11][4:15]
20240625,0,1,7/[5:8][1:12],4/[3:8][2:16],4/[1:9][6:22],9/[3:9][11:29],4/[3:8][13:31],3/[3:9][22:33],5/[4:7][67:132],7/[2:12][23:41],6/[2:11][15:30],6/[5:9][19:43],7/[3:7][8:23],5/[3:7][20:48],0/[6:9][-1:9],6/[5:7][0:12],5/[4:7][-2:10],7/[5:9][1:13],4/[4:7][-1:12],4/[4:8][4:17]
20240623,1,1,8/[3:9][0:9],2/[2:9][3:14],10/[3:10][6:20],0/[6:8][13:24],2/[2:10][20:31],8/[1:9][23:34],7/[3:8][85:126],6/[6:11][26:37],7/[3:9][21:30],8/[2:8][25:41],0/[4:9][8:21],9/[4:9][20:48],8/[5:10][0:11],9/[2:10][0:11],8/[5:8][0:10],6/[5:7][1:11],4/[2:7][0:9],7/[3:7][4:15]
20240620,0,1,3/[2:8][-1:11],5/[5:9][3:16],4/[3:6][8:21],7/[7:8][14:22],7/[1:8][19:32],4/[4:9][24:33],10/[3:11][90:136],7/[4:12][26:41],2/[2:10][17:30],0/[4:10][28:43],7/[5:9][9:20],8/[5:9][23:43],9/[5:9][3:10],7/[7:10][-1:11],7/[5:7][0:10],11/[5:11][0:12],11/[5:11][-2:9],8/[2:8][5:16]
20240618,0,1,1/[1:7][0:15],12/[2:12][1:16],8/[1:9][6:21],5/[4:8][15:28],8/[3:8][19:31],7/[5:9][20:34],4/[2:7][69:142],5/[5:8][21:41],7/[3:9][14:32],5/[4:9][21:42],11/[3:11][10:27],10/[3:10][25:47],9/[4:9][0:10],9/[2:9][-1:13],10/[4:10][1:13],7/[6:7][-3:13],0/[5:10][0:7],8/[4:8][0:17]
20240616,3,6,5/[3:7][-1:8],0/[4:8][5:15],0/[1:8][11:23],11/[6:11][16:31],8/[5:8][19:29],0/[3:8][26:35],0/[1:10][94:143],0/[5:6][27:40],0/[1:9][21:34],0/[2:10][27:44],4/[1:9][8:26],8/[3:9][26:51],0/[6:9][2:12],6/[5:9][1:15],0/[2:8][1:11],7/[2:9][-2:9],9/[3:10][0:9],0/[4:8][2:17]
20240613,0,0,6/[1:10][-1:9],7/[3:10][2:16],4/[3:8][5:24],7/[5:9][15:30],5/[5:9][17:34],6/[2:11][19:35],7/[5:7][63:139],7/[5:9][24:41],5/[3:10][18:35],6/[3:8][17:47],3/[3:9][9:20],9/[3:10][26:51],7/[4:8][-1:14],8/[4:11][-1:14],5/[5:8][-2:14],7/[4:8][1:8],9/[6:9][-1:9],5/[2:5][0:14]
20240611,0,0,8/[3:8][-1:13],3/[3:9][4:19],6/[2:12][8:24],9/[6:10][9:30],5/[3:8][18:32],7/[2:9][21:36],4/[2:10][67:155],6/[5:6][24:44],6/[3:8][18:33],4/[4:7][23:50],5/[3:9][6:25],5/[4:11][18:54],8/[4:8][1:17],11/[5:11][0:15],7/[5:8][0:12],4/[3:7][-1:10],8/[2:8][-1:10],6/[2:10][-1:15]
20240609,2,4,2/[2:8][-2:9],9/[5:10][2:20],0/[6:11][11:26],0/[4:10][16:30],8/[4:8][19:31],10/[5:10][21:34],0/[1:7][84:144],0/[1:10][26:39],8/[2:8][19:33],0/[2:9][26:47],4/[3:8][11:24],0/[3:9][27:53],5/[5:8][1:17],10/[6:10][2:14],3/[2:8][0:12],8/[4:9][-1:11],7/[7:11][-1:8],2/[1:6][2:14]
20240606,0,0,3/[3:6][-1:9],4/[2:9][4:19],9/[2:10][9:22],8/[5:9][13:30],10/[6:10][17:33],4/[3:6][22:33],7/[3:9][86:140],4/[4:8][27:40],6/[3:8][16:33],6/[2:7][22:51],4/[2:7][8:24],6/[2:11][21:49],3/[3:5][-1:14],11/[3:12][1:15],7/[3:8][0:10],6/[5:7][0:12],8/[5:8][-1:7],5/[5:11][2:18]
20240604,0,0,4/[3:7][0:12],5/[3:9][1:18],4/[4:8][8:21],6/[4:7][13:27],10/[1:10][17:32],7/[4:7][23:34],3/[2:9][78:141],6/[2:7][26:44],6/[6:7][17:30],7/[3:10][24:49],5/[2:8][7:24],5/[5:8][19:49],6/[5:8][-1:15],7/[7:9][-2:9],8/[5:10][-1:10],4/[3:7][0:10],6/[5:8][-1:10],8/[6:8][0:17]
20240602,1,1,7/[2:7][-1:10],8/[4:11][4:18],9/[3:10][10:22],5/[3:8][10:30],0/[1:9][19:31],6/[4:6][23:33],0/[3:10][93:140],6/[2:7][28:43],4/[4:7][19:31],9/[3:10][24:47],7/[2:7][5:22],9/[3:10][26:52],4/[4:10][-1:12],9/[3:9][-1:12],3/[3:10][-2:13],6/[5:7][-1:9],7/[4:8][0:12],9/[3:10][1:16]
20240530,0,0,5/[2:7][-1:10],7/[5:8][1:20],5/[3:11][5:23],10/[8:11][9:28],3/[2:8][20:30],6/[4:8][22:33],8/[5:8][68:128],8/[2:9][28:39],6/[4:9][19:31],5/[5:10][23:45],3/[2:8][4:23],7/[4:10][15:48],6/[4:11][0:11],8/[5:8][1:12],5/[5:10][-1:10],3/[3:8][-3:13],4/[4:8][-1:9],8/[5:8][-1:16]
20240528,2,3,6/[4:9][0:8],7/[3:7][2:15],0/[5:9][9:22],0/[5:11][13:26],4/[3:12][18:32],8/[3:8][19:34],0/[2:8][84:131],6/[4:8][22:36],8/[6:10][16:33],5/[3:10][22:43],6/[5:8][6:29],0/[4:10][22:48],7/[3:7][0:11],10/[4:10][1:12],4/[4:10][-1:12],0/[4:10][0:9],5/[4:7][1:9],0/[2:8][1:14]
20240526,3,4,9/[2:9][0:9],8/[4:8][2:13],7/[3:10][7:18],0/[4:10][9:22],0/[3:9][14:28],0/[3:8][21:31],7/[2:9][68:123],7/[5:8][22:38],0/[7:11][17:29],5/[5:9][18:40],0/[4:7][8:20],0/[3:10][15:38],5/[4:9][0:9],10/[5:10][0:12],0/[3:8][-1:9],6/[4:7][1:11],6/[5:12][-1:15],6/[5:10][0:14]
20240523,0,1,8/[3:8][0:9],6/[4:7][3:14],5/[5:9][7:18],9/[3:9][9:22],5/[2:11][18:29],5/[3:6][20:32],5/[2:10][74:131],8/[1:8][24:38],7/[4:10][16:29],0/[3:8][22:38],4/[3:7][11:21],6/[6:9][17:38],3/[3:7][-1:10],9/[7:9][-1:11],4/[4:9][0:11],7/[6:10][1:14],11/[8:11][-2:9],3/[2:8][4:15]
20240521,0,0,5/[5:7][-1:10],5/[5:9][1:19],3/[2:9][4:21],6/[5:9][9:25],6/[5:10][17:29],7/[6:8][20:31],3/[3:8][58:129],5/[3:8][20:40],10/[4:10][18:29],7/[4:9][19:44],6/[5:9][6:21],3/[2:9][15:45],10/[3:10][0:14],8/[2:9][0:12],8/[4:8][1:11],6/[3:7][0:14],10/[5:10][-2:8],4/[2:10][4:14]
20240519,1,3,8/[3:8][-1:6],0/[4:10][0:13],4/[4:7][5:20],7/[4:8][5:28],8/[3:10][15:31],5/[3:8][22:32],10/[3:10][63:125],3/[1:8][24:36],9/[2:9][19:30],9/[3:9][19:43],0/[4:8][11:25],0/[5:8][11:43],0/[3:9][-1:9],7/[5:9][0:11],4/[4:7][-1:14],7/[3:9][-1:15],8/[5:10][-3:14],4/[3:7][2:14]
20240516,2,4,1/[1:8][0:9],10/[4:10][2:15],10/[1:11][5:21],0/[2:9][10:26],0/[2:9][18:32],5/[3:6][21:33],0/[5:9][73:135],6/[5:7][24:41],7/[5:7][17:30],10/[4:10][20:45],10/[4:11][6:24],0/[4:9][16:46],8/[1:9][0:9],9/[1:9][-1:9],0/[4:8][3:11],8/[3:9][1:10],0/[6:10][-3:10],7/[3:10][1:15]
20240514,0,0,8/[1:8][-1:15],4/[4:9][2:18],3/[3:9][6:24],7/[2:8][9:29],6/[4:6][15:32],4/[4:10][17:34],6/[6:10][70:143],8/[4:9][23:46],3/[1:10][16:29],10/[5:10][22:46],2/[2:8][9:21],3/[2:5][17:49],5/[5:11][0:12],3/[3:10][1:13],7/[6:11][0:10],9/[6:9][-3:12],7/[4:8][-4:9],9/[3:10][2:13]
20240512,0,2,8/[3:8][-1:8],5/[5:8][4:16],6/[2:8][8:22],5/[4:8][14:27],5/[3:7][16:32],4/[4:10][20:33],7/[4:10][80:133],0/[2:7][27:39],4/[3:10][13:32],7/[3:7][25:43],8/[5:9][6:24],8/[4:8][25:46],7/[3:8][1:10],7/[3:9][0:12],0/[5:11][2:15],7/[5:10][0:8],5/[2:8][-2:8],4/[2:8][0:14]
20240509,2,4,6/[2:8][0:11],4/[4:9][6:17],9/[5:9][11:23],8/[4:9][14:27],0/[5:9][20:30],0/[3:7][25:32],0/[4:7][97:136],6/[3:7][28:42],0/[3:9][18:28],0/[5:8][29:50],9/[2:9][7:22],6/[4:7][26:47],8/[3:9][1:12],0/[4:8][2:10],9/[5:10][1:9],6/[5:8][1:9],3/[3:7][-1:8],8/[2:8][3:15]
20240507,0,0,6/[6:11][0:9],9/[3:9][2:20],8/[4:8][6:23],11/[5:11][9:29],4/[3:10][19:29],3/[3:8][23:34],7/[2:8][75:138],2/[2:9][26:40],7/[5:12][19:33],7/[6:10][24:46],5/[3:7][6:23],8/[4:9][16:50],5/[5:8][0:14],7/[2:7][-1:17],8/[2:8][1:11],8/[5:10][-2:13],10/[6:10][-1:12],10/[2:10][1:16]
20240505,2,3,6/[5:8][1:13],0/[3:7][4:16],6/[6:10][5:21],0/[3:8][11:25],6/[5:9][16:27],7/[3:7][20:33],8/[3:8][70:127],5/[4:8][21:45],0/[6:10][14:28],9/[2:10][22:44],6/[1:7][7:21],0/[2:10][18:45],5/[4:9][-3:12],5/[5:8][-1:10],8/[4:9][1:8],0/[4:10][0:9],7/[1:7][-2:12],7/[4:9][0:13]
20240502,0,2,4/[2:7][1:12],11/[4:11][4:20],8/[3:9][6:18],7/[4:8][12:24],6/[3:8][14:27],7/[4:7][21:32],0/[3:10][75:123],0/[1:8][24:41],7/[5:9][16:30],10/[2:11][20:44],4/[2:7][3:21],9/[4:9][17:46],10/[4:11][-2:13],5/[4:7][-2:8],9/[4:9][-1:12],6/[4:10][-3:8],2/[2:7][1:10],4/[2:9][1:13]
20240430,0,0,5/[1:8][1:10],5/[3:10][3:17],4/[3:10][6:22],7/[4:8][12:27],7/[5:10][17:30],5/[4:8][22:33],7/[3:10][77:123],6/[4:8][25:40],5/[3:6][17:31],4/[4:10][24:43],2/[2:12][5:22],6/[4:8][20:48],9/[5:9][0:15],3/[3:9][-2:14],5/[3:11][1:12],6/[6:10][-2:8],6/[5:8][0:11],7/[3:7][0:16]
20240428,1,2,9/[2:9][0:10],5/[5:8][4:18],10/[3:10][8:21],5/[2:7][10:26],0/[5:8][16:28],5/[4:9][25:33],9/[5:9][74:125],6/[3:7][25:40],9/[2:9][18:32],7/[4:8][22:45],8/[3:9][8:21],0/[3:7][20:43],9/[6:9][0:13],0/[3:8][2:7],8/[5:10][0:11],8/[5:9][0:11],7/[3:7][1:13],6/[4:8][0:16]
20240425,1,2,7/[3:7][0:13],7/[5:9][5:18],7/[4:9][10:21],0/[5:7][14:26],11/[6:11][17:30],9/[6:9][25:33],0/[3:8][96:134],7/[4:8][27:42],6/[4:10][16:30],9/[3:9][23:45],6/[6:9][7:23],0/[2:9][23:44],7/[4:7][1:12],3/[3:9][0:12],8/[3:10][0:10],5/[3:6][0:7],6/[2:7][1:12],4/[1:10][2:17]
20240423,0,1,7/[3:7][0:10],5/[4:10][5:17],9/[2:10][9:22],6/[4:6][16:26],8/[7:9][20:33],4/[2:5][24:34],8/[6:9][93:135],0/[5:8][30:41],7/[3:8][19:32],6/[4:6][25:41],8/[7:9][6:27],4/[3:8][26:44],5/[5:8][-1:12],6/[4:9][-1:12],8/[4:8][1:10],6/[3:6][0:8],7/[5:7][0:10],6/[1:7][2:14]
20240421,1,2,5/[2:8][-1:9],9/[4:9][2:14],7/[5:9][6:21],6/[2:7][13:29],0/[6:8][14:29],10/[4:10][23:33],5/[3:9][69:122],6/[2:9][27:38],9/[1:9][19:31],9/[6:9][20:38],0/[3:11][8:23],6/[5:8][20:47],4/[4:6][1:12],0/[2:6][0:10],10/[5:12][-3:11],7/[4:12][0:11],5/[2:9][0:10],6/[3:6][3:15]
20240418,0,0,2/[2:7][-1:11],4/[2:8][1:17],7/[5:10][4:20],7/[3:10][10:27],5/[5:9][12:27],2/[2:6][17:33],8/[2:8][69:124],4/[2:8][20:40],5/[4:8][18:31],7/[3:8][18:41],7/[6:10][8:23],5/[2:9][15:43],5/[5:8][-1:9],7/[6:8][0:12],6/[3:9][0:12],6/[6:12][-2:13],5/[3:6][0:10],6/[5:8][3:15]
20240416,0,2,5/[5:12][-1:8],9/[2:9][3:13],7/[3:9][4:20],7/[6:9][9:23],11/[2:12][12:28],5/[2:6][16:34],7/[2:7][62:130],5/[3:8][20:36],7/[6:10][14:32],3/[2:6][17:36],0/[6:10][4:21],6/[1:6][14:43],7/[3:10][-1:9],5/[4:8][-1:9],9/[3:9][0:11],0/[2:9][1:10],3/[1:7][-1:12],10/[4:10][3:17]
20240414,2,2,8/[6:8][-1:12],2/[2:11][2:15],8/[3:12][6:19],0/[3:10][9:21],10/[4:10][15:25],0/[4:7][20:31],6/[3:11][73:120],4/[4:9][22:38],0/[4:9][14:29],4/[3:10][17:38],10/[3:11][8:23],4/[2:11][16:39],8/[3:10][0:10],11/[2:11][-3:9],0/[5:9][0:8],7/[5:7][0:12],4/[3:8][1:9],5/[4:8][1:17]
20240411,0,1,8/[5:9][1:12],6/[6:9][4:18],10/[3:10][6:24],8/[6:10][10:30],3/[3:7][16:31],7/[3:11][20:33],7/[5:12][76:130],9/[6:10][26:45],0/[2:8][17:30],4/[4:9][25:45],9/[5:9][7:25],5/[3:8][22:49],10/[4:11][-3:16],3/[3:6][-2:9],11/[5:11][-1:18],7/[4:7][-1:11],5/[3:8][0:10],0/[2:8][3:15]
20240409,1,2,8/[7:9][1:10],9/[2:10][4:16],9/[2:10][6:23],0/[6:8][12:25],10/[2:10][15:30],10/[2:11][22:33],4/[4:9][72:139],4/[4:10][20:40],6/[2:6][18:31],6/[4:9][24:42],0/[6:8][7:22],4/[4:10][18:42],5/[5:8][1:9],5/[4:9][0:11],0/[3:10][0:10],8/[5:8][-1:9],5/[3:10][0:10],7/[3:10][1:16]
20240407,0,0,7/[6:8][0:8],4/[2:8][3:16],7/[3:10][4:22],7/[6:9][5:26],5/[2:7][11:31],6/[1:8][13:34],5/[4:10][41:135],7/[3:7][14:40],4/[4:12][12:32],4/[4:10][15:47],9/[5:9][7:23],7/[2:8][10:47],6/[5:8][1:11],4/[4:7][-1:12],7/[3:8][0:12],11/[4:11][0:9],3/[3:6][0:7],8/[3:9][1:15]
20240404,4,4,10/[7:10][0:10],7/[3:7][4:14],0/[5:8][8:19],0/[3:9][11:24],0/[3:6][18:28],0/[2:9][20:32],0/[4:10][82:126],0/[1:9][21:38],9/[3:9][9:30],0/[1:8][20:43],7/[2:8][8:21],0/[4:6][20:40],8/[5:9][0:9],7/[6:8][0:12],7/[4:9][0:9],7/[1:9][-1:10],2/[2:9][-2:11],3/[1:9][1:18]
20240402,1,2,10/[7:10][1:13],4/[2:11][5:15],7/[3:9][9:22],0/[1:9][13:26],3/[3:10][19:31],6/[3:6][22:33],8/[2:9][82:141],4/[3:9][24:44],0/[5:7][18:28],3/[2:10][26:44],5/[3:9][10:20],0/[3:9][24:46],6/[3:10][1:11],6/[2:6][1:10],4/[4:11][0:9],6/[3:8][1:11],5/[3:7][-2:11],0/[5:8][3:13]
20240331,0,0,11/[4:12][-1:12],2/[2:9][3:15],5/[2:9][7:21],6/[5:8][9:23],1/[1:8][16:29],6/[4:8][20:32],4/[3:12][87:132],4/[3:7][22:38],9/[6:9][18:30],2/[1:7][21:39],1/[1:8][9:23],5/[2:10][21:42],8/[5:8][1:14],5/[4:7][-1:11],6/[3:9][-2:8],4/[4:8][1:11],3/[3:9][-1:11],9/[8:11][3:15]
20240328,0,0,9/[8:10][-1:10],4/[3:10][1:16],4/[2:11][3:21],6/[3:10][8:24],3/[3:10][15:30],3/[3:7][21:33],4/[4:7][61:125],6/[2:8][21:39],4/[4:9][20:29],6/[3:9][19:45],4/[2:8][8:21],4/[4:10][10:43],9/[3:11][0:11],3/[3:7][-1:11],5/[4:10][-2:9],6/[5:7][1:14],8/[4:9][0:13],11/[5:11][1:14]
20240326,0,1,10/[4:11][0:10],3/[3:11][2:13],5/[4:7][3:18],2/[2:9][10:22],8/[5:8][11:28],6/[2:6][20:33],6/[4:7][51:117],6/[5:9][21:39],8/[4:10][18:30],5/[5:9][14:41],8/[4:8][5:21],4/[4:8][14:39],5/[3:9][1:9],6/[5:10][-1:8],3/[3:9][1:11],9/[5:9][0:11],0/[3:8][0:11],10/[4:12][4:17]
20240324,1,3,8/[7:9][0:10],7/[3:8][0:13],8/[1:8][3:16],5/[5:8][8:26],0/[4:12][15:31],5/[2:8][20:33],0/[5:8][69:120],0/[1:9][24:42],7/[2:7][16:30],0/[4:10][19:41],7/[3:7][8:24],6/[3:6][13:39],7/[4:11][-1:7],10/[5:10][-1:8],3/[3:10][1:13],8/[4:8][0:14],5/[4:10][0:13],0/[5:9][1:13]
20240321,1,2,0/[5:8][-1:8],6/[2:8][3:13],4/[3:7][4:23],6/[3:6][10:26],9/[4:11][16:30],2/[2:9][24:34],7/[2:7][79:123],0/[4:10][23:39],7/[2:9][21:33],0/[3:9][21:38],8/[5:9][9:22],6/[2:8][14:48],6/[3:7][-1:8],6/[5:9][-1:15],9/[3:9][2:13],6/[5:9][2:13],7/[3:10][1:11],0/[5:11][3:14]
20240319,0,1,7/[6:7][-1:13],7/[5:11][3:19],9/[6:9][5:24],9/[4:12][10:26],8/[6:9][17:29],5/[4:10][24:34],4/[2:8][88:140],5/[2:6][27:46],8/[3:8][20:32],5/[4:9][26:47],7/[5:9][9:22],5/[5:7][20:49],4/[2:7][1:13],0/[4:7][0:8],6/[5:10][-1:8],8/[2:10][2:12],3/[3:9][1:10],4/[4:8][3:13]
20240317,2,3,0/[4:7][1:11],9/[1:11][5:20],0/[4:8][7:22],9/[3:9][10:25],5/[5:10][15:30],6/[4:6][18:35],0/[4:9][65:124],0/[4:9][21:39],6/[5:10][15:31],9/[4:9][24:46],8/[4:8][9:19],0/[1:7][18:47],6/[6:9][-1:15],1/[1:9][0:12],10/[2:10][0:9],8/[5:10][0:12],5/[3:8][0:11],9/[3:9][1:13]
20240314,2,3,4/[3:11][-1:8],2/[2:11][3:14],11/[1:11][5:23],4/[3:8][9:28],0/[2:8][19:29],0/[1:9][25:34],0/[2:10][80:121],0/[4:8][28:40],0/[4:9][22:32],9/[1:10][23:38],4/[1:9][8:23],8/[4:8][17:45],8/[2:10][1:9],4/[1:7][-1:12],5/[5:7][-1:15],4/[4:9][0:14],7/[1:7][0:11],7/[4:10][0:14]
20240312,1,1,6/[2:7][-1:10],7/[1:8][2:18],3/[3:10][6:19],0/[4:12][9:25],10/[3:11][17:29],8/[3:8][24:35],2/[2:9][74:130],4/[2:7][27:41],5/[3:6][20:31],4/[4:8][22:45],8/[3:8][8:22],7/[2:7][19:45],5/[3:11][0:12],3/[2:11][-1:12],0/[4:8][0:11],8/[2:10][0:12],4/[3:8][1:11],10/[5:10][1:14]
20240310,0,0,4/[4:10][-1:9],4/[4:10][1:16],6/[5:9][6:22],6/[2:8][9:25],7/[4:7][13:28],5/[3:9][24:34],10/[5:11][62:127],5/[4:10][25:44],8/[4:8][20:29],8/[5:9][22:42],7/[5:10][9:23],5/[3:10][18:44],6/[6:11][0:9],6/[6:10][0:12],4/[4:10][0:10],5/[3:8][1:11],2/[2:7][1:12],5/[2:9][2:14]
20240307,2,3,0/[4:8][-1:6],0/[4:7][3:12],3/[2:9][5:22],5/[4:7][10:25],4/[4:9][15:29],7/[4:8][25:33],0/[2:8][73:119],0/[4:8][25:38],5/[4:7][21:31],0/[4:8][18:38],5/[4:11][8:20],6/[3:8][16:46],8/[2:9][-2:7],7/[5:10][0:15],7/[6:8][0:9],6/[3:11][-1:10],3/[3:6][3:14],0/[4:7][-1:12]
20240305,0,1,7/[6:8][-1:12],3/[1:10][4:14],3/[2:10][7:23],7/[3:10][11:26],4/[4:8][15:29],3/[3:9][23:33],1/[1:10][82:120],4/[3:10][27:41],5/[3:12][14:32],3/[2:8][22:40],8/[3:9][7:23],6/[2:11][23:48],1/[1:10][-2:11],0/[6:9][0:13],7/[3:7][-1:10],5/[4:5][0:9],7/[4:7][2:12],6/[5:9][0:12]
20240303,0,0,9/[7:9][-1:10],1/[1:9][3:18],5/[5:10][8:23],3/[3:9][13:27],7/[3:8][17:30],7/[2:7][24:33],8/[2:8][79:133],2/[2:10][27:39],9/[3:10][19:31],7/[4:8][25:44],3/[3:7][8:23],6/[3:6][24:47],9/[5:9][1:11],5/[4:6][1:16],3/[3:11][1:14],4/[4:9][1:9],8/[2:9][-1:9],6/[5:10][0:13]
20240229,1,1,9/[6:11][0:10],2/[2:8][5:19],7/[4:7][10:23],9/[2:9][14:27],0/[3:11][20:30],7/[4:7][23:34],0/[2:9][88:150],4/[4:8][27:42],7/[6:10][17:31],8/[2:9][25:46],8/[5:8][9:20],11/[3:11][24:46],3/[3:10][1:10],5/[2:8][2:12],3/[3:10][-2:11],8/[5:9][1:11],2/[2:7][0:9],3/[2:9][2:13]
20240227,0,0,7/[4:10][0:7],7/[3:10][2:13],5/[3:6][8:22],6/[4:9][13:26],3/[1:8][16:31],7/[3:9][23:34],4/[4:10][80:126],5/[4:8][22:39],4/[4:11][18:33],3/[2:10][21:42],2/[2:7][8:23],4/[2:8][24:44],9/[6:9][1:11],3/[3:9][3:12],4/[3:7][-1:11],5/[3:9][0:11],9/[5:9][0:17],8/[3:8][0:16]
20240225,0,1,2/[2:8][0:9],3/[3:9][3:14],4/[4:11][9:20],9/[3:10][14:24],8/[3:10][16:29],5/[4:7][19:34],9/[2:9][80:132],6/[4:7][24:41],6/[6:8][14:32],8/[3:9][25:40],7/[3:7][5:22],7/[4:8][26:42],3/[3:7][-1:9],3/[1:10][0:13],10/[5:10][-1:10],9/[3:11][-1:10],0/[4:7][1:10],5/[3:7][0:12]
20240222,1,3,4/[2:9][-1:7],4/[3:8][2:16],4/[3:7][7:18],6/[4:9][12:25],7/[4:9][16:29],0/[4:10][23:33],5/[3:9][76:120],0/[4:8][27:39],0/[1:8][20:31],3/[3:8][22:44],0/[5:10][10:20],4/[4:7][20:42],8/[3:8][0:10],7/[2:7][1:11],9/[4:12][2:9],4/[2:10][-1:10],6/[6:8][0:13],2/[1:8][-1:17]
20240220,0,1,11/[4:11][0:8],5/[4:7][1:18],5/[5:9][7:20],7/[6:10][12:25],9/[2:9][17:29],4/[3:8][22:33],7/[2:8][75:137],6/[5:10][23:37],5/[3:8][15:32],5/[2:6][22:43],7/[5:9][7:21],0/[3:8][21:40],7/[5:9][-1:14],5/[3:9][0:9],9/[4:9][0:10],9/[3:9][3:13],6/[5:11][-1:12],0/[5:8][0:12]
20240218,1,2,5/[5:6][0:9],0/[2:8][3:13],8/[4:9][8:21],3/[2:10][15:25],4/[4:8][19:33],3/[3:10][23:34],4/[2:9][84:129],6/[3:6][27:41],8/[1:8][19:31],8/[3:8][26:45],0/[5:11][9:21],6/[3:6][25:45],0/[4:7][1:7],9/[5:9][2:13],9/[5:10][0:9],5/[5:9][0:11],6/[5:9][0:10],7/[5:9][0:14]
20240206,1,3,7/[2:7][1:8],8/[3:10][3:15],5/[1:8][9:21],9/[5:11][14:28],0/[2:8][19:30],10/[2:10][25:34],0/[3:8][95:125],0/[5:11][30:38],3/[3:9][21:32],0/[4:8][27:42],7/[5:10][9:23],7/[3:8][24:46],7/[5:8][1:10],6/[6:8][1:11],4/[4:9][0:12],3/[1:4][0:13],9/[6:9][-1:11],4/[4:10][-1:16]
20240204,1,1,4/[3:7][0:8],4/[3:7][1:15],4/[3:7][9:23],10/[4:10][17:27],0/[4:9][21:30],2/[2:8][24:34],3/[3:8][83:128],6/[3:6][25:39],4/[4:6][20:30],5/[2:8][25:41],6/[2:9][11:23],6/[3:10][26:45],7/[5:10][0:10],4/[3:7][2:16],9/[4:9][0:13],8/[6:8][-1:9],0/[3:7][-1:8],0/[5:9][0:14]
