Date,Red1_Top1_Hit,Red1_Top1_UnHit,Red1_Top2_Hit,Red1_Top2_UnHit,Red1_Top3_Hit,Red1_Top3_UnHit,Red2_Top1_Hit,Red2_Top1_UnHit,Red2_Top2_Hit,Red2_Top2_UnHit,Red2_Top3_Hit,Red2_Top3_UnHit,Red3_Top1_Hit,Red3_Top1_UnHit,Red3_Top2_Hit,Red3_Top2_UnHit,Red3_Top3_Hit,Red3_Top3_UnHit,Red4_Top1_Hit,Red4_Top1_UnHit,Red4_Top2_Hit,Red4_Top2_UnHit,Red4_Top3_Hit,Red4_Top3_UnHit,Red5_Top1_Hit,Red5_Top1_UnHit,Red5_Top2_Hit,Red5_Top2_UnHit,Red5_Top3_Hit,Red5_Top3_UnHit,Red6_Top1_Hit,Red6_Top1_UnHit,Red6_Top2_Hit,Red6_Top2_UnHit,Red6_Top3_Hit,Red6_Top3_UnHit,RedSum_Top1_Hit,RedSum_Top1_UnHit,RedSum_Top2_Hit,RedSum_Top2_UnHit,RedSum_Top3_Hit,RedSum_Top3_UnHit,RedSum16_Top1_Hit,RedSum16_Top1_UnHit,RedSum16_Top2_Hit,RedSum16_Top2_UnHit,RedSum16_Top3_Hit,RedSum16_Top3_UnHit,RedGap16_Top1_Hit,RedGap16_Top1_UnHit,RedGap16_Top2_Hit,RedGap16_Top2_UnHit,RedGap16_Top3_Hit,RedGap16_Top3_UnHit,RedSum25_Top1_Hit,RedSum25_Top1_UnHit,RedSum25_Top2_Hit,RedSum25_Top2_UnHit,RedSum25_Top3_Hit,RedSum25_Top3_UnHit,RedGap25_Top1_Hit,RedGap25_Top1_UnHit,RedGap25_Top2_Hit,RedGap25_Top2_UnHit,RedGap25_Top3_Hit,RedGap25_Top3_UnHit,RedSum34_Top1_Hit,RedSum34_Top1_UnHit,RedSum34_Top2_Hit,RedSum34_Top2_UnHit,RedSum34_Top3_Hit,RedSum34_Top3_UnHit,RedGap12_Top1_Hit,RedGap12_Top1_UnHit,RedGap12_Top2_Hit,RedGap12_Top2_UnHit,RedGap12_Top3_Hit,RedGap12_Top3_UnHit,RedGap23_Top1_Hit,RedGap23_Top1_UnHit,RedGap23_Top2_Hit,RedGap23_Top2_UnHit,RedGap23_Top3_Hit,RedGap23_Top3_UnHit,RedGap34_Top1_Hit,RedGap34_Top1_UnHit,RedGap34_Top2_Hit,RedGap34_Top2_UnHit,RedGap34_Top3_Hit,RedGap34_Top3_UnHit,RedGap45_Top1_Hit,RedGap45_Top1_UnHit,RedGap45_Top2_Hit,RedGap45_Top2_UnHit,RedGap45_Top3_Hit,RedGap45_Top3_UnHit,RedGap56_Top1_Hit,RedGap56_Top1_UnHit,RedGap56_Top2_Hit,RedGap56_Top2_UnHit,RedGap56_Top3_Hit,RedGap56_Top3_UnHit,RedBlue_Top1_Hit,RedBlue_Top1_UnHit,RedBlue_Top2_Hit,RedBlue_Top2_UnHit,RedBlue_Top3_Hit,RedBlue_Top3_UnHit
20210819,1,0,1,0,1,0,2,1,2,1,0,0,1,2,1,2,1,2,1,0,1,0,0,2,0,1,2,1,2,0,2,1,2,1,0,0,1,0,1,2,0,1,1,0,1,0,0,2,1,1,1,1,2,2,0,1,0,1,2,0,2,0,1,1,0,1,1,0,1,1,1,1,1,2,1,2,1,0,1,2,1,2,0,2,1,0,1,0,1,2,1,1,1,1,2,2,0,1,0,0,0,0,1,2,0,0,0,0
20210822,0,1,0,1,2,0,1,1,1,2,1,0,0,1,2,1,2,1,0,1,0,1,1,0,1,1,2,1,0,1,1,1,2,2,2,2,0,1,0,0,1,0,0,1,0,1,0,0,1,1,1,2,1,2,1,1,2,1,0,1,1,0,2,1,0,1,0,1,0,1,1,0,2,2,1,1,1,1,0,1,2,1,1,1,2,2,2,2,1,2,2,0,2,0,0,0,0,2,1,0,1,0,2,1,2,0,0,0
20210824,1,1,1,2,1,0,2,1,1,1,2,1,1,1,2,1,2,1,1,2,1,2,1,0,1,2,1,2,0,0,1,2,1,2,1,2,1,1,1,2,1,2,1,1,1,2,1,0,2,1,1,1,1,1,1,2,1,2,0,0,1,1,1,1,1,0,1,1,1,2,1,2,1,2,1,2,1,2,2,1,0,1,0,0,1,0,1,0,1,0,1,0,1,2,1,0,1,2,1,0,0,2,2,1,0,0,0,0
20210826,2,1,1,1,2,0,1,2,1,2,1,2,1,1,2,1,2,1,1,2,1,2,0,0,2,1,1,1,2,1,2,1,2,1,2,1,2,0,2,1,0,0,2,1,2,1,0,0,2,0,2,0,2,0,1,2,1,1,2,1,1,1,1,0,2,1,2,1,2,0,0,0,1,0,1,0,1,2,1,1,1,2,1,2,1,0,1,0,1,0,1,1,1,1,1,2,1,2,1,2,1,2,1,2,1,2,1,2
20210829,1,1,1,2,1,2,2,1,2,1,2,1,2,1,2,1,2,1,2,1,1,1,2,1,1,0,1,2,1,2,1,1,1,2,1,2,2,0,0,1,0,0,1,1,2,1,0,1,1,1,1,2,1,2,2,1,2,1,0,0,2,1,1,1,2,1,1,1,2,1,0,1,1,0,1,0,1,2,2,1,2,1,2,1,0,1,0,1,0,0,2,0,1,0,2,0,1,0,1,2,1,1,1,2,1,1,1,1
20210831,1,2,1,2,1,2,1,2,1,2,1,2,1,1,1,1,1,2,2,1,0,1,0,0,1,2,1,2,1,2,1,1,1,1,1,2,1,1,2,1,0,1,1,1,1,1,1,2,1,2,1,1,1,2,1,1,1,2,1,2,1,1,1,1,1,2,1,1,1,2,1,2,1,0,1,0,1,2,1,1,1,2,1,2,1,2,1,0,1,0,1,1,1,2,1,0,1,0,1,2,1,1,1,0,1,1,1,2
20210902,0,1,2,1,2,1,2,2,2,1,2,1,1,2,0,2,0,2,1,2,1,0,0,0,1,2,1,2,1,2,2,1,1,1,2,1,0,2,0,2,0,0,2,1,2,0,0,0,2,1,1,1,2,1,1,2,1,2,0,2,1,2,1,1,1,2,1,2,0,2,0,0,0,0,0,1,0,1,0,2,0,2,0,2,0,0,0,0,0,0,1,2,1,1,1,2,0,0,1,0,1,2,1,0,1,1,1,1
20210905,1,1,1,2,1,2,1,0,1,0,1,2,0,1,2,0,2,0,1,2,1,2,1,2,1,0,1,2,1,2,1,2,1,2,1,2,2,1,2,1,2,0,1,1,2,1,2,1,1,1,1,2,1,0,2,1,1,1,2,1,0,0,0,2,1,2,2,1,2,0,2,0,1,1,2,0,0,1,1,0,1,2,1,1,1,0,1,2,1,0,2,1,2,1,2,1,2,0,2,0,1,1,1,0,1,0,0,1
20210907,1,2,1,1,2,1,0,2,2,1,1,1,1,1,2,2,2,2,1,0,1,2,1,2,0,1,0,1,1,1,2,1,2,1,2,1,1,1,1,2,1,2,1,1,1,2,1,2,2,1,2,1,2,1,1,2,1,2,0,0,0,0,0,0,2,0,1,2,1,2,1,2,2,1,2,1,0,1,0,2,2,1,1,1,2,0,2,0,0,0,1,2,1,2,1,0,0,1,0,1,2,1,2,0,2,2,1,0
20210909,1,2,1,2,1,2,2,2,2,2,1,2,2,1,1,1,2,1,1,0,1,2,1,1,1,1,1,2,1,0,2,1,0,1,0,0,1,2,1,1,1,1,1,1,1,1,1,2,1,1,1,2,1,2,1,2,1,2,1,0,2,0,2,1,0,1,1,0,0,2,0,2,1,2,1,2,1,0,1,2,1,2,1,2,1,0,1,2,1,0,0,0,0,0,0,0,1,2,1,0,1,0,1,0,1,0,1,1
20210912,1,0,1,2,0,2,2,2,1,1,1,1,1,2,1,2,0,0,0,1,2,1,1,0,1,1,1,1,1,2,1,1,2,2,0,1,2,2,1,1,1,1,1,2,1,1,1,1,1,2,1,1,1,2,1,0,1,2,1,1,1,1,1,1,2,2,0,1,0,0,2,0,1,2,1,1,1,2,1,0,1,2,1,1,1,1,1,1,1,2,1,1,1,2,1,0,1,2,1,2,1,2,0,1,0,1,2,1
20210914,1,0,1,0,1,1,1,0,1,2,1,1,2,1,1,1,0,0,1,1,1,0,1,0,1,2,1,2,1,2,1,1,1,2,1,0,1,1,1,2,1,0,1,0,1,2,1,1,1,2,1,1,1,1,1,0,1,0,1,2,1,1,1,2,1,0,1,1,2,1,0,0,2,1,2,1,1,1,1,0,1,0,1,2,1,1,1,0,1,1,2,0,2,0,0,0,0,1,2,1,2,1,2,1,0,1,0,0
20210916,2,0,2,0,1,1,1,0,1,2,0,2,1,1,1,2,1,0,1,2,1,2,1,2,1,2,1,1,1,2,2,1,2,1,0,0,1,2,1,2,2,2,0,1,0,1,2,1,1,2,1,2,1,1,0,1,0,1,2,0,1,1,1,1,1,2,1,2,1,2,1,0,1,2,1,2,1,2,0,1,0,1,1,1,2,0,2,0,0,0,1,1,1,2,1,0,1,1,1,2,1,2,1,1,1,0,1,0
20210919,0,1,0,1,0,0,1,0,1,0,0,1,1,2,1,2,0,2,1,2,2,1,2,2,0,0,0,0,2,0,1,1,2,1,0,1,1,1,2,1,2,2,2,1,0,0,0,0,0,1,0,1,1,1,1,2,1,2,1,2,0,0,2,0,0,0,1,2,1,1,1,2,0,0,0,0,1,2,0,2,0,0,1,0,1,1,1,2,2,2,2,1,2,0,0,0,2,1,1,1,2,1,1,2,1,2,1,2
20210921,1,1,1,0,1,0,1,0,1,0,1,1,1,2,1,2,1,2,1,2,1,2,1,2,1,1,1,2,1,0,1,2,1,2,0,0,1,2,1,0,0,0,1,1,1,2,0,0,1,2,1,2,1,2,1,2,1,2,0,0,0,1,1,2,2,0,1,2,1,1,1,2,0,1,0,1,2,1,2,1,2,1,2,1,1,0,2,0,0,1,1,1,2,2,2,2,2,1,2,1,2,1,2,2,1,1,1,2
20210923,1,2,1,1,2,2,1,0,0,0,0,2,0,2,2,1,1,1,2,2,2,1,2,1,1,2,1,2,1,0,1,2,1,1,0,2,1,2,1,2,1,2,1,2,1,1,1,1,2,1,1,1,2,1,1,0,0,0,0,2,1,1,1,1,1,0,2,2,2,1,1,1,1,0,1,0,1,0,1,0,1,2,0,2,1,1,1,1,2,2,1,1,2,1,0,0,2,1,2,1,0,0,1,0,1,2,1,2
20210926,0,2,1,2,1,2,1,0,1,0,1,2,1,2,1,2,1,2,1,2,1,0,1,2,1,2,1,2,1,2,1,0,1,2,0,1,1,2,1,2,1,2,1,2,1,1,1,1,1,1,1,1,1,2,1,0,1,2,1,1,1,1,1,1,1,2,1,0,0,0,0,2,0,1,0,1,0,1,2,0,1,2,1,1,1,1,1,1,1,2,1,1,1,2,1,0,1,1,1,2,1,0,1,0,1,2,1,1
20210928,1,0,1,2,1,2,0,0,0,0,0,0,1,0,1,2,1,2,0,1,0,0,2,0,0,0,2,0,2,0,0,2,2,1,1,1,1,0,1,0,0,2,1,0,1,2,1,2,1,2,1,1,1,2,1,0,1,0,0,1,1,2,1,1,1,2,1,0,1,2,0,2,2,1,2,1,0,1,0,0,0,1,2,0,1,1,1,1,1,1,2,1,2,0,2,1,2,0,1,1,2,1,2,2,2,2,1,1
20210930,0,1,0,1,2,0,0,0,0,0,2,2,0,1,0,1,2,0,1,1,1,2,1,0,1,1,1,0,1,0,1,2,1,2,1,2,0,0,0,0,0,0,0,1,0,0,2,0,1,2,1,1,1,1,0,2,0,2,2,1,1,2,1,2,1,1,1,0,1,0,1,1,1,1,1,2,1,0,1,1,1,0,1,0,0,0,2,0,2,0,2,0,2,0,0,0,1,1,2,1,2,2,2,1,2,2,2,1
20211005,1,1,0,1,0,1,0,2,0,0,2,2,1,1,2,1,2,2,2,0,2,1,0,0,2,0,2,0,0,0,0,1,0,1,2,1,1,0,0,1,0,1,1,1,0,1,0,1,2,1,2,1,1,1,2,1,0,1,0,0,0,0,0,0,2,0,0,1,0,1,2,1,2,0,1,0,2,1,1,1,1,1,2,1,1,1,1,2,1,0,1,1,1,1,2,2,1,1,1,1,1,2,1,1,1,0,1,2
20211007,2,1,2,1,0,0,2,2,2,0,1,0,0,2,1,2,0,0,1,1,1,0,1,0,1,0,0,0,0,1,1,2,1,2,1,2,0,1,0,0,1,0,1,1,1,1,2,2,1,2,1,2,1,2,2,1,2,1,0,1,2,0,0,0,0,0,1,2,1,0,1,0,0,2,0,2,1,0,1,2,1,2,1,2,2,1,2,1,0,1,1,1,1,1,1,2,2,1,2,1,2,0,0,0,0,0,0,0
20211010,1,1,1,2,1,0,0,1,0,1,0,0,0,1,2,1,2,0,2,1,2,0,0,0,1,0,0,0,0,0,2,1,0,0,0,0,2,1,2,1,0,0,1,2,1,1,1,2,1,2,2,2,1,1,2,1,2,1,2,1,1,1,1,2,2,2,0,1,0,0,0,0,1,2,1,1,1,2,0,1,2,1,2,1,1,1,1,2,1,0,2,1,2,0,2,0,1,1,2,1,0,0,1,1,2,2,2,2
20211012,2,1,2,1,2,1,2,1,2,2,2,2,1,1,2,2,2,1,1,1,2,1,0,1,0,2,0,2,0,0,1,1,0,0,0,0,1,1,2,1,0,1,2,2,1,1,1,1,1,2,1,2,1,2,1,2,0,2,0,0,1,1,1,1,1,2,1,1,2,1,0,1,0,1,2,0,2,0,1,1,2,1,0,1,1,2,1,1,1,2,1,1,1,2,1,0,1,1,1,2,2,2,1,1,1,2,1,2
20211014,1,2,1,2,1,0,1,2,1,2,1,0,2,1,2,1,2,1,1,1,2,1,0,1,1,2,1,1,2,1,2,1,1,1,2,0,1,1,1,2,1,2,2,1,2,1,2,1,1,2,1,2,1,1,1,2,1,1,1,2,1,1,1,1,1,2,1,1,1,1,2,2,1,1,1,2,1,0,1,1,1,2,1,2,2,1,1,0,2,0,2,0,2,0,0,0,1,2,1,1,1,2,1,2,1,1,1,2
20211017,1,2,1,1,1,2,0,1,2,1,2,1,1,1,2,1,2,1,1,1,1,1,1,2,1,2,1,2,1,2,1,1,0,1,0,1,1,2,1,2,0,0,1,2,1,2,1,2,0,1,0,1,2,0,1,0,1,2,0,2,1,2,1,1,1,1,1,2,1,2,1,2,2,1,1,1,2,1,2,0,2,1,0,0,2,0,0,0,0,0,1,1,1,1,1,0,0,0,1,2,1,2,1,2,0,1,1,2
20211019,0,1,2,1,2,0,1,1,1,1,2,2,1,2,1,2,1,2,1,2,1,1,1,2,1,2,1,2,1,2,1,1,2,1,2,1,1,2,1,2,1,2,1,2,1,2,1,1,1,1,2,2,2,1,1,0,1,2,1,1,1,2,1,2,1,2,1,2,1,2,0,2,1,1,1,1,2,2,1,1,1,2,1,0,1,1,1,2,1,0,1,2,1,1,1,2,1,0,1,0,1,1,0,1,2,0,2,0
20211021,1,2,1,0,1,0,1,1,1,1,1,2,1,0,1,2,1,2,0,0,2,0,2,1,1,0,1,2,1,2,1,2,1,2,1,0,1,2,1,2,1,2,1,0,1,0,0,2,1,2,1,2,1,0,1,0,1,0,0,2,1,2,1,2,1,1,1,0,1,2,1,1,0,0,2,0,2,0,2,0,2,0,0,1,1,1,2,1,0,1,1,0,1,1,1,1,0,2,0,2,1,0,1,1,1,0,1,0
20211024,2,1,2,1,2,1,1,1,1,1,1,2,0,1,2,1,1,1,1,1,2,1,0,1,0,0,0,0,2,0,2,2,1,1,1,1,0,1,2,1,1,0,0,2,2,1,1,1,2,2,1,1,1,1,0,0,0,1,2,0,2,2,1,2,1,1,0,1,2,1,1,1,0,1,0,0,1,0,1,1,1,2,1,2,1,1,2,1,0,1,2,2,1,2,1,0,0,0,1,0,1,2,1,2,1,2,1,2
20211026,2,1,0,1,0,1,0,0,2,0,2,0,2,1,0,1,0,0,1,2,1,2,1,0,1,1,1,0,1,0,1,2,1,2,1,2,1,1,1,0,0,0,1,2,1,2,1,2,1,2,1,2,1,2,1,1,1,0,1,0,2,2,2,2,1,1,1,1,1,2,1,0,2,1,1,1,2,1,2,1,2,1,2,0,1,1,1,2,1,2,1,2,2,2,1,1,1,0,1,0,1,2,1,2,1,1,1,2
20211028,1,1,1,2,1,0,1,1,1,1,1,0,1,1,2,2,2,2,2,1,1,1,2,1,1,2,1,1,1,2,1,0,1,2,1,2,1,1,1,1,2,1,1,2,1,2,1,2,2,1,2,1,2,1,1,2,1,2,0,0,2,2,2,2,2,1,1,2,1,2,1,2,1,1,1,2,1,2,1,2,1,0,0,0,2,1,2,1,2,1,1,0,1,0,1,2,1,0,1,0,1,2,1,2,1,2,1,2
20211031,1,2,1,1,1,2,1,1,1,1,1,2,1,2,1,2,1,2,1,2,1,1,1,2,0,1,2,0,2,0,1,0,1,0,1,2,1,1,1,1,2,1,0,1,2,1,2,1,1,1,1,2,1,2,2,2,1,1,1,1,1,2,1,0,1,2,1,2,1,2,1,2,1,2,1,1,1,2,1,2,1,1,1,2,2,0,0,0,0,0,0,0,0,0,0,0,0,1,0,1,2,1,1,0,1,2,1,1
20211102,1,2,1,1,1,2,0,2,0,1,1,2,1,2,1,2,1,2,1,0,1,2,1,2,1,1,2,1,0,1,0,1,0,1,1,1,1,2,1,2,1,0,1,2,1,0,0,0,1,2,1,1,1,2,1,2,1,2,1,2,1,0,1,0,1,0,1,0,1,2,1,2,2,2,1,1,1,1,1,0,1,2,1,1,1,1,1,1,2,2,1,1,1,2,1,0,1,1,2,2,2,2,0,2,2,1,1,1
20211104,1,0,1,2,1,1,1,0,1,1,1,1,1,0,1,2,1,2,1,0,1,2,1,1,1,1,1,2,1,2,2,1,0,0,0,0,1,0,1,2,1,2,1,0,1,2,1,2,1,0,1,2,1,1,1,0,1,2,1,2,0,0,0,0,0,0,1,0,1,0,1,1,1,0,1,2,1,1,0,1,0,1,1,1,2,1,2,1,0,0,2,0,2,0,0,0,1,2,1,2,1,2,1,0,1,0,1,2
20211107,0,0,0,1,1,1,0,0,0,0,1,0,0,1,0,1,2,1,0,1,2,1,1,1,0,0,2,0,0,0,1,1,2,1,2,1,0,1,2,1,2,0,0,0,0,0,2,0,0,1,0,1,2,0,0,1,0,1,2,0,1,0,0,0,0,0,0,1,0,1,2,1,1,0,1,0,1,1,1,1,1,2,1,0,2,1,2,1,0,0,1,1,1,2,1,2,1,2,1,2,1,2,0,1,0,1,2,1
20211109,1,1,0,1,0,1,1,1,1,2,1,0,0,2,0,0,0,0,1,0,1,0,1,2,1,1,2,1,2,1,1,2,0,2,0,0,0,2,0,0,0,0,1,1,0,0,1,0,1,1,2,2,2,2,1,1,0,1,0,0,1,1,1,2,1,0,1,2,1,0,1,0,0,0,0,0,1,2,2,1,1,1,2,1,0,2,0,0,0,0,1,1,1,1,1,2,1,2,1,2,1,1,1,2,1,0,1,2
20211111,1,1,2,1,0,1,2,0,2,0,0,0,1,0,1,2,1,2,1,0,1,0,1,2,1,1,1,2,1,0,1,2,1,1,1,1,1,2,1,2,1,2,2,1,1,0,2,1,2,1,2,1,2,2,1,1,1,2,1,0,2,1,1,1,0,1,1,2,1,1,1,2,0,1,0,1,2,1,1,2,2,2,1,2,2,2,2,1,2,1,1,2,1,1,1,2,1,0,1,0,1,2,1,2,1,0,1,2
20211114,1,1,1,1,2,2,1,0,2,0,0,1,0,2,2,2,1,1,0,1,0,1,2,0,2,1,1,1,2,1,2,2,1,2,1,1,2,2,1,1,2,1,1,2,1,2,1,2,1,2,1,2,1,2,2,1,1,1,2,1,1,1,2,1,2,1,0,1,2,1,2,1,1,1,1,2,1,0,2,1,2,1,2,1,1,2,1,2,1,2,0,1,2,0,2,0,0,1,0,1,2,0,2,2,2,2,2,1
20211116,2,0,2,0,0,0,1,1,1,1,1,2,1,0,1,0,0,0,2,1,2,1,0,1,1,2,1,2,1,2,1,0,1,2,1,2,1,1,2,2,0,1,2,1,2,0,2,0,1,2,1,2,1,2,1,1,2,2,2,2,1,1,1,1,1,2,1,1,0,1,0,1,2,1,1,1,0,0,1,1,1,2,1,0,1,2,1,2,0,2,1,1,1,2,1,0,0,0,0,1,0,0,1,2,1,2,1,2
20211118,1,1,1,2,1,0,0,2,0,1,1,2,1,0,1,2,1,2,1,2,1,2,1,2,2,1,2,1,2,0,2,2,2,2,1,1,1,2,1,2,1,0,1,1,1,2,1,0,2,2,1,1,1,1,1,2,1,2,1,0,2,1,1,1,2,1,1,1,1,0,1,0,2,1,2,1,0,1,1,1,1,1,2,2,2,2,1,1,1,1,1,1,2,0,2,1,1,1,1,2,1,0,2,2,2,2,2,1
20211121,2,0,2,0,0,0,1,2,1,1,1,1,0,1,0,1,2,1,2,1,2,1,2,1,1,1,2,2,2,2,1,0,1,0,1,2,2,1,2,1,0,0,2,0,2,1,0,1,1,2,1,2,1,2,2,1,2,1,0,0,1,2,1,2,0,0,2,1,2,1,0,0,1,1,1,2,1,0,0,0,1,2,1,2,2,1,2,1,2,1,1,2,1,2,0,2,2,1,2,0,0,0,1,2,2,2,1,2
20211123,1,1,2,1,0,1,0,0,0,2,1,1,1,1,2,1,0,1,1,1,2,1,0,1,2,1,1,1,2,1,0,1,0,0,0,0,2,1,0,1,0,0,1,1,0,0,0,1,0,1,0,1,2,0,1,1,1,2,1,0,0,1,2,0,0,0,1,1,2,1,0,1,1,2,1,1,1,2,1,0,1,2,1,1,1,2,1,1,1,2,2,1,2,0,2,0,1,1,1,2,1,2,2,0,0,1,0,1
20211125,1,1,2,1,0,0,0,1,0,1,1,0,1,2,1,2,1,2,2,1,2,1,0,1,1,2,1,2,1,2,1,1,0,1,0,1,1,1,2,1,0,1,1,1,2,1,0,1,1,1,0,1,0,1,2,1,1,1,0,0,1,1,1,2,1,0,1,2,1,2,2,2,1,0,1,2,1,1,0,1,0,1,2,1,0,2,0,2,0,2,1,1,1,2,1,0,1,2,1,1,1,2,1,1,1,2,2,2
20211128,1,1,1,2,1,0,1,1,1,2,1,2,1,0,1,2,1,2,1,1,1,2,1,0,1,0,1,2,1,1,1,1,1,2,1,0,1,2,1,0,1,0,1,1,1,2,1,0,1,1,2,1,0,0,1,1,1,2,1,0,1,1,1,1,2,1,1,2,1,2,1,2,2,2,2,2,1,1,1,2,1,2,1,2,0,1,2,1,2,0,0,1,1,1,2,1,0,0,2,0,2,0,1,2,1,2,1,2
20211130,2,1,1,1,2,1,2,0,2,0,0,0,0,1,2,1,1,1,0,2,1,1,1,2,0,1,0,1,1,1,1,2,1,1,1,2,2,1,1,1,0,0,1,2,1,1,1,2,1,2,1,2,0,0,2,1,2,1,2,1,2,1,2,1,0,0,2,1,1,1,2,1,2,1,0,1,0,0,2,1,2,1,2,1,2,2,1,2,1,2,1,2,1,2,1,2,0,1,1,2,1,2,1,2,1,1,1,2
20211202,1,2,1,2,1,2,1,1,1,1,1,2,1,2,2,2,2,2,0,1,2,1,2,0,1,1,2,2,2,2,2,2,1,1,1,1,1,1,2,2,1,2,1,0,1,2,1,1,0,1,2,0,0,0,1,1,1,2,1,0,1,1,0,1,1,2,1,1,2,1,2,1,1,1,1,2,1,0,1,1,1,2,1,2,1,2,1,2,0,2,1,2,1,1,1,1,1,1,1,1,2,1,2,2,2,1,2,1
20211205,1,2,1,1,1,2,2,0,2,0,0,0,1,2,1,2,1,2,1,1,2,2,2,2,1,2,1,2,1,2,1,0,1,0,0,2,1,2,1,2,1,2,0,0,0,1,1,1,1,1,1,2,1,0,2,0,2,0,0,0,0,2,1,2,1,0,1,2,1,2,1,0,1,2,1,1,1,2,2,0,2,1,0,1,0,1,2,1,2,0,1,0,1,2,1,1,1,1,1,1,1,2,0,0,0,0,1,2
20211207,0,1,2,1,2,1,1,0,2,1,0,1,2,1,1,1,2,1,1,2,1,2,1,2,1,2,1,1,1,1,1,0,1,2,1,1,2,1,1,1,2,1,1,0,0,0,0,0,2,1,1,1,2,1,1,0,2,1,0,1,2,1,1,1,1,1,2,1,2,1,0,0,2,1,2,1,2,0,1,1,1,2,2,2,1,2,1,2,1,0,0,1,0,0,1,0,1,1,2,1,1,1,0,0,0,0,2,0
20211209,0,2,1,0,1,0,1,1,0,2,1,0,1,2,1,0,1,2,2,1,2,1,2,1,2,1,2,1,2,1,2,2,2,2,1,1,2,1,2,1,2,2,1,1,1,2,1,0,1,2,1,2,2,2,1,2,1,2,1,0,1,2,1,2,1,2,1,1,0,1,0,0,1,2,1,2,1,2,2,1,2,1,2,1,1,2,1,2,1,2,1,1,0,1,0,0,2,1,2,1,2,1,1,0,2,1,0,1
20211212,1,2,1,2,1,1,1,1,1,1,2,2,2,1,2,1,2,1,1,1,1,2,2,2,1,2,1,2,1,2,1,0,0,0,0,0,1,2,1,0,0,0,1,2,0,1,0,2,1,2,1,2,1,2,1,2,1,1,1,2,0,1,2,1,2,0,1,1,2,1,2,1,1,0,1,2,1,2,0,0,0,0,1,2,0,0,0,2,0,0,1,1,1,2,1,0,2,0,2,0,0,0,1,1,1,2,1,0
20211214,1,2,1,2,1,2,1,1,1,1,1,2,1,1,2,2,2,2,1,2,1,1,1,2,0,0,2,0,0,0,0,1,0,1,2,0,1,2,1,1,1,2,0,1,0,1,2,0,2,2,2,1,2,0,0,1,2,1,2,0,1,1,1,2,0,0,1,1,1,2,1,0,1,0,1,0,1,2,1,0,1,2,1,1,0,1,0,0,2,0,2,1,2,1,2,1,1,1,1,2,1,0,2,0,2,1,2,1
20211216,0,1,2,1,2,1,1,2,1,1,1,2,1,2,1,2,2,2,2,1,1,1,2,1,1,1,2,1,0,1,1,2,1,0,1,2,0,1,1,1,2,0,1,1,1,0,1,0,1,2,1,2,1,2,1,2,1,2,0,0,1,1,1,1,1,1,1,2,1,1,2,1,2,0,2,0,1,1,1,0,1,0,0,2,2,1,0,1,0,0,1,1,2,1,2,1,1,2,0,1,1,2,1,1,2,1,2,2
20211219,2,1,2,1,0,1,0,0,0,0,2,0,1,2,1,2,1,2,1,2,1,2,0,0,1,2,1,2,1,2,2,0,2,1,2,1,1,2,1,2,1,2,2,0,2,0,0,0,1,0,2,2,1,2,1,2,1,1,1,1,1,2,1,1,1,2,1,2,1,2,0,0,0,1,0,0,0,0,2,2,2,2,2,1,1,1,2,1,0,1,1,2,1,2,1,2,1,2,1,2,1,2,2,0,2,1,2,1
20211221,1,1,1,2,1,2,1,1,2,1,0,1,1,2,1,2,1,2,1,2,1,1,1,1,2,1,0,1,2,1,1,1,1,2,1,0,2,1,2,1,2,1,1,1,1,2,1,0,2,2,2,2,2,1,0,1,2,1,2,1,1,2,1,1,1,2,1,2,1,1,1,1,1,1,1,2,1,0,1,0,1,0,1,2,1,2,1,2,0,0,2,1,2,0,2,0,0,1,0,1,2,0,0,1,0,2,1,0
20211223,2,1,2,1,2,1,1,1,1,1,1,2,2,2,2,2,1,1,1,2,1,2,1,2,1,2,1,2,1,1,1,2,1,1,1,2,1,2,1,2,1,2,1,1,1,1,2,2,2,1,2,2,2,2,1,1,1,2,1,2,0,1,2,1,2,0,1,2,1,2,1,2,1,1,1,1,2,1,1,0,1,0,1,2,2,1,2,1,2,0,1,2,1,2,0,0,1,1,1,2,1,2,2,1,1,1,2,1
20211226,1,2,1,2,0,0,1,1,1,1,1,2,2,1,2,2,2,1,2,1,2,1,2,1,1,0,1,0,0,2,1,0,1,1,1,2,1,0,1,2,1,2,1,2,0,2,0,2,1,0,1,0,1,2,1,2,1,2,1,2,1,1,1,2,1,0,2,1,2,2,1,1,1,2,1,1,1,2,0,0,0,0,0,1,1,1,2,1,0,1,1,2,1,2,1,2,2,0,2,0,0,0,2,1,2,1,2,1
20211228,2,1,1,1,2,1,2,1,2,1,2,1,2,1,0,1,0,1,2,1,2,1,2,1,0,0,0,0,2,0,1,0,1,2,1,1,2,2,2,1,2,1,1,0,1,2,0,1,2,2,2,2,1,2,1,2,1,2,1,2,2,1,2,1,0,0,2,1,2,1,2,1,2,1,2,1,2,0,1,1,2,1,2,2,1,1,2,1,0,1,1,0,1,2,1,1,1,1,1,2,1,0,1,2,1,2,1,2
20211230,1,1,1,2,1,0,1,1,1,2,1,2,1,2,1,2,1,2,2,1,1,1,2,1,1,1,0,0,0,0,0,0,1,0,1,1,2,1,2,1,2,1,0,1,0,1,1,0,1,0,1,0,1,2,2,2,2,2,2,1,1,1,2,1,0,1,2,1,1,1,1,2,2,1,2,1,0,1,1,1,2,1,2,1,1,2,1,2,1,2,0,1,0,1,2,0,2,1,1,0,2,1,1,2,1,2,1,2
20220102,2,1,1,1,2,1,2,1,2,1,2,0,1,2,1,1,1,2,1,2,1,2,1,2,0,2,0,0,0,0,1,0,1,0,1,1,1,0,1,0,1,2,1,2,1,0,1,2,1,0,1,0,0,2,2,2,2,2,1,2,1,2,1,2,0,0,1,2,1,2,1,2,1,1,1,1,2,2,1,2,1,2,1,0,0,1,2,1,2,0,1,1,0,0,0,0,0,2,1,2,1,2,1,2,1,1,1,2
20220104,1,2,1,2,1,2,2,1,2,1,0,1,1,2,1,2,1,2,2,2,1,1,1,1,2,2,1,1,2,1,2,0,2,0,1,2,2,2,2,1,2,0,2,2,2,0,2,1,1,0,1,0,1,2,2,1,2,1,2,1,2,1,2,1,2,0,1,2,1,2,0,2,1,2,1,1,1,2,1,2,1,1,1,2,2,1,2,1,0,1,1,1,1,2,1,2,2,2,1,1,1,1,0,0,0,0,2,0
20220106,0,0,2,1,2,0,0,1,0,2,0,0,2,1,2,1,2,1,1,2,1,2,1,2,1,2,1,2,1,2,0,1,0,1,2,1,1,0,1,0,1,2,2,1,0,1,2,1,0,1,0,1,2,0,1,2,1,0,1,0,2,1,2,1,0,1,2,2,2,1,1,1,1,2,1,1,1,1,1,0,1,2,1,1,1,2,1,2,1,2,1,2,1,1,1,2,1,0,1,0,1,2,1,1,1,2,1,2
20220109,1,1,2,1,2,2,1,2,1,1,1,2,0,0,1,0,1,2,1,2,1,2,1,1,1,0,1,1,1,1,1,2,1,0,1,0,1,0,1,0,1,2,1,2,1,2,2,2,1,1,0,1,0,0,1,0,1,2,1,2,1,2,1,2,1,0,1,0,1,0,1,2,1,0,1,0,1,1,2,2,2,2,1,1,2,2,1,1,1,1,2,1,1,1,2,0,1,0,2,2,1,1,1,2,1,2,1,2
20220111,1,1,1,1,1,2,0,1,2,1,2,0,2,0,1,0,2,1,1,0,1,2,1,2,2,0,2,2,1,1,0,0,0,0,0,1,2,2,2,2,1,1,1,2,1,2,1,2,1,1,2,2,2,2,0,2,2,2,2,1,1,2,1,1,1,2,2,0,1,2,1,1,2,2,2,2,1,1,1,0,1,0,1,2,2,1,2,1,2,1,1,1,0,1,0,0,1,0,1,0,1,2,1,2,1,1,1,2
20220113,1,1,1,1,1,2,1,1,1,2,2,2,1,0,1,0,1,2,1,0,1,0,1,2,0,1,0,1,2,0,2,0,0,0,0,1,1,0,0,0,0,2,0,1,2,1,2,1,1,2,1,2,1,0,1,0,1,0,1,2,2,1,1,1,2,1,1,0,1,0,1,2,0,1,0,0,0,1,0,1,0,1,0,1,1,1,1,2,1,2,1,1,2,1,2,1,0,0,0,0,0,0,1,0,1,1,1,1
20220116,1,2,1,2,1,2,1,2,0,2,0,0,1,0,1,0,1,2,1,0,1,0,1,2,1,1,2,1,0,1,1,1,1,1,2,2,2,2,1,2,1,2,1,2,1,0,1,0,2,1,1,1,0,0,0,0,1,0,1,2,1,2,0,2,0,0,1,0,1,0,1,1,1,1,1,0,1,0,1,2,1,2,1,2,1,2,1,2,0,0,1,1,1,2,1,0,1,1,2,1,0,1,1,0,1,2,0,1
20220118,2,1,2,1,2,1,1,2,1,2,1,2,1,0,1,0,1,2,1,0,1,0,1,2,1,2,0,0,0,0,1,1,1,1,1,2,1,0,1,0,1,2,1,0,1,2,1,2,1,2,1,2,1,0,1,0,1,0,1,2,2,2,1,1,2,1,1,0,1,0,1,2,1,2,1,1,1,2,1,2,1,2,2,2,0,1,1,1,2,1,1,2,1,1,1,2,0,2,1,1,1,2,0,0,0,0,2,0
20220120,1,1,2,1,2,1,1,0,1,2,1,1,2,0,2,0,1,2,0,0,2,0,1,1,2,2,1,1,2,1,2,0,1,0,2,1,0,0,0,2,2,1,0,1,0,1,2,0,2,1,2,1,2,1,2,0,1,0,1,1,1,2,1,1,1,2,2,0,1,0,1,2,1,0,1,2,1,1,2,2,2,1,2,2,2,1,2,1,2,1,2,2,1,1,1,1,2,1,1,1,2,1,1,0,1,2,1,0
20220123,1,1,1,2,1,0,0,0,1,0,0,2,1,0,1,0,1,0,1,0,2,0,1,0,1,2,1,2,1,2,1,2,0,2,0,2,1,0,1,0,1,2,1,2,1,0,1,0,0,2,1,2,1,2,0,0,0,0,0,0,1,2,1,2,1,2,1,0,1,0,1,0,0,1,2,1,1,0,1,2,1,2,1,2,1,2,1,2,0,0,1,2,1,2,1,2,1,1,1,2,1,2,2,0,2,0,0,0
20220125,2,0,2,1,2,1,0,0,0,0,2,0,1,0,1,0,1,0,1,0,1,0,1,2,2,1,2,1,2,1,1,2,1,1,1,2,1,0,1,0,1,2,0,1,2,0,2,0,2,1,2,1,2,1,1,1,1,0,1,0,0,1,2,1,2,1,1,0,1,0,1,0,1,2,1,0,1,2,1,2,1,2,1,2,2,1,1,1,2,0,0,1,2,1,2,1,0,0,2,0,0,0,1,1,0,0,0,0
20220127,1,1,2,1,2,1,1,1,1,2,1,2,2,0,2,0,1,0,0,0,1,0,1,0,1,2,1,0,1,2,0,1,2,1,2,1,0,2,0,2,2,1,1,1,2,1,0,1,2,1,0,1,0,0,2,1,2,1,0,1,1,2,1,2,1,2,0,0,0,0,0,0,1,2,1,2,2,2,1,0,1,2,1,1,1,2,0,2,0,0,1,1,0,1,0,0,1,1,1,2,1,0,1,1,1,2,1,0
20220208,1,2,0,2,1,2,1,1,1,1,1,2,1,0,1,0,1,0,1,0,0,0,0,0,1,0,1,0,1,2,1,1,1,0,0,0,1,2,1,0,1,0,1,2,0,2,0,0,1,1,1,2,1,0,1,1,1,2,1,0,1,2,1,2,1,2,1,1,1,2,1,0,1,0,1,0,1,2,0,0,0,0,2,1,1,0,0,2,0,2,1,1,2,1,0,1,1,2,1,1,1,2,1,2,1,1,1,2
20220210,2,1,1,1,2,1,2,1,1,1,2,0,0,1,0,1,0,0,0,0,0,0,0,0,0,1,0,1,2,1,2,1,1,1,2,1,0,1,0,0,0,0,2,1,1,1,2,0,2,1,1,1,2,1,2,1,2,0,0,0,2,1,1,1,2,1,0,0,2,0,0,0,0,1,0,0,0,0,1,1,1,1,2,2,1,0,1,2,1,2,1,2,1,2,1,0,1,2,1,1,0,2,1,2,1,1,1,2
20220213,2,1,2,1,2,1,1,1,1,2,1,0,1,1,1,2,1,0,1,1,1,2,1,0,1,2,1,0,1,0,1,1,2,2,2,2,1,1,1,2,1,2,1,2,2,1,2,1,1,1,2,1,2,1,1,1,1,2,1,0,1,1,2,1,0,1,1,1,1,2,1,0,1,1,1,2,1,0,1,2,1,1,1,2,1,0,1,2,0,2,2,1,1,1,2,0,1,2,1,2,1,1,0,0,2,0,2,0
20220215,1,1,2,1,2,1,2,1,2,1,0,1,1,1,1,1,1,2,2,1,1,1,2,1,1,2,1,2,1,2,2,0,2,0,0,1,2,1,2,0,2,0,2,1,0,1,2,1,2,1,0,1,2,2,2,0,2,0,0,0,1,1,1,2,1,2,2,0,1,0,2,1,2,1,1,1,0,0,1,2,1,1,1,1,1,0,1,0,0,1,1,2,1,2,1,2,1,0,1,0,1,1,1,1,1,1,2,2
20220217,1,1,1,2,2,2,1,1,2,1,2,2,1,2,1,1,1,2,1,1,1,1,1,2,1,2,1,2,1,2,0,1,0,2,1,0,1,1,1,2,1,0,1,1,1,2,1,0,2,1,2,1,0,0,1,0,2,0,0,0,1,2,1,2,1,2,1,1,1,1,1,2,1,1,1,2,2,2,1,2,1,2,1,1,2,0,2,0,1,1,1,2,1,1,1,2,0,0,0,0,0,0,1,2,1,1,2,1
20220220,1,2,1,2,1,2,1,1,1,2,1,2,0,0,0,0,2,0,2,1,2,0,2,0,0,1,2,1,2,0,2,0,2,0,0,0,2,0,2,0,0,1,1,2,0,2,1,2,1,1,2,1,2,1,1,1,1,1,1,0,2,1,1,1,2,1,2,0,2,0,2,0,2,1,2,1,0,1,0,0,0,0,2,0,0,0,1,0,1,2,1,0,1,2,1,2,1,0,0,0,0,0,1,2,1,2,0,2
20220222,2,2,1,1,1,1,1,2,1,2,1,2,1,0,2,0,0,1,1,1,1,2,1,2,1,1,2,2,2,2,1,1,1,2,1,0,1,1,1,2,1,0,1,0,1,1,0,2,1,2,1,2,1,0,1,1,1,1,1,2,2,1,2,1,0,1,1,1,1,1,1,2,1,1,1,2,1,0,1,1,1,2,1,0,0,0,2,0,1,2,1,0,0,2,0,1,1,0,0,0,0,0,0,1,2,1,2,0
20220224,0,0,0,0,0,2,1,2,1,1,1,1,1,0,2,0,0,0,1,2,1,1,1,2,1,2,1,2,1,0,1,1,1,1,1,2,1,1,1,1,1,2,1,0,1,0,1,1,2,1,1,1,2,1,1,2,1,1,1,2,1,2,1,2,1,2,1,2,1,1,1,2,2,0,2,0,0,0,1,1,1,1,2,2,1,0,1,0,1,2,2,0,2,2,1,1,1,1,1,2,1,0,1,2,1,0,1,2
20220227,0,2,0,1,2,0,0,1,2,1,1,1,1,1,1,1,1,0,1,2,1,1,1,1,2,1,1,1,2,1,2,1,1,1,2,1,2,1,1,0,2,0,0,1,0,0,1,0,1,1,2,1,2,2,0,1,2,1,1,1,2,1,1,1,2,1,1,2,1,1,1,1,1,1,1,1,2,2,1,2,1,1,1,2,1,0,1,0,1,2,1,0,1,0,1,2,2,1,1,1,2,1,1,2,1,2,1,2
20220301,0,0,1,0,1,2,2,1,0,1,0,0,1,1,1,1,2,1,1,0,1,2,1,1,1,2,1,0,1,0,1,1,1,2,1,2,1,1,1,2,1,0,1,1,1,0,1,0,1,2,1,2,1,2,1,1,1,2,1,2,1,2,1,2,0,0,1,2,1,1,1,1,1,1,1,2,1,2,0,1,2,1,2,0,0,1,0,1,2,1,0,1,0,1,2,1,1,1,1,2,1,2,2,2,2,1,1,1
20220303,1,0,1,0,1,2,1,1,1,2,1,0,1,1,1,1,1,2,2,2,2,2,1,1,2,2,2,1,2,1,2,0,2,0,2,1,2,1,2,0,2,1,2,1,2,1,2,1,0,0,2,0,0,0,1,1,1,1,1,1,2,1,2,1,0,0,1,2,1,2,1,1,2,1,1,1,2,0,2,1,2,2,1,2,1,1,1,2,1,0,1,1,2,1,0,1,1,2,1,2,1,2,1,2,1,2,1,2
20220306,0,0,0,1,2,0,2,1,1,1,2,1,2,1,2,0,2,1,2,2,2,2,2,1,2,2,2,1,2,1,0,1,0,2,1,0,1,2,1,1,1,2,1,1,1,1,2,2,0,2,0,0,0,0,2,1,2,1,2,1,1,2,1,2,1,2,2,2,2,2,1,1,1,2,1,2,1,2,1,1,1,2,1,2,0,1,2,1,0,0,2,1,0,1,0,0,0,0,2,1,2,0,1,0,1,0,1,2
20220308,1,1,2,1,0,1,1,2,1,2,1,0,0,2,1,2,1,2,1,2,1,2,1,2,1,2,1,2,1,2,2,1,1,1,2,1,1,2,1,2,1,2,1,2,0,2,1,2,2,1,2,1,2,1,1,2,1,2,1,2,1,0,1,2,0,2,1,2,1,0,1,2,1,2,1,2,1,2,2,1,2,0,2,1,1,2,1,2,1,2,1,1,1,2,1,0,1,1,1,2,1,0,1,0,1,0,1,2
20220310,1,1,1,1,2,1,1,2,1,1,1,2,2,1,1,1,1,1,1,2,1,2,1,2,2,2,2,1,2,1,0,2,0,2,1,2,1,2,0,2,1,1,1,0,1,2,1,2,1,2,1,2,1,2,1,2,1,2,1,2,1,0,1,2,1,1,1,0,0,0,1,2,2,2,2,2,1,1,1,1,2,1,2,1,2,2,1,1,1,1,1,2,1,2,0,0,1,2,1,1,1,2,1,0,1,0,1,1
20220313,0,0,0,2,0,0,1,2,1,2,1,1,2,2,2,2,1,1,2,1,2,1,2,1,1,0,1,0,1,2,1,0,1,2,1,1,1,0,1,2,1,1,1,0,1,0,0,1,1,0,1,2,0,2,1,0,1,0,1,2,1,0,2,2,1,1,2,0,2,0,1,1,0,0,0,0,2,0,1,2,1,2,1,2,1,2,0,2,0,2,2,1,1,1,2,0,2,1,2,0,2,0,0,0,0,0,0,0
20220315,0,1,2,1,2,0,0,1,0,1,2,0,1,0,1,2,1,1,1,2,2,2,2,2,2,2,2,2,1,2,2,2,2,2,1,1,0,1,0,1,2,0,0,1,0,1,2,0,0,2,2,1,1,0,0,1,0,1,2,1,0,2,2,1,1,1,1,0,1,0,1,2,0,1,1,2,1,0,1,2,1,2,1,2,0,1,2,1,2,0,1,1,1,0,1,0,2,0,0,1,0,1,2,0,0,0,0,0
20220317,1,1,2,2,2,1,1,1,2,1,0,1,2,2,2,2,1,1,1,0,1,0,1,0,2,2,2,2,2,1,1,2,1,2,1,2,1,1,1,2,1,0,2,1,2,2,2,2,1,2,1,2,1,2,2,0,0,0,0,0,2,2,2,2,1,2,1,0,1,0,1,0,2,1,2,1,2,1,1,0,1,2,1,2,1,1,2,1,0,1,1,2,1,2,0,0,1,1,2,0,0,0,1,0,1,2,1,2
20220320,1,2,1,2,1,2,1,2,1,2,1,2,1,0,1,0,1,2,1,0,1,0,1,2,1,0,1,0,1,2,0,1,0,1,2,1,1,2,1,1,1,2,1,2,1,2,1,0,1,0,1,2,1,2,1,1,1,2,1,0,1,2,2,1,1,2,1,0,1,0,1,0,1,2,1,2,1,2,1,0,1,0,1,1,1,2,1,2,1,2,1,0,1,1,1,2,1,1,1,2,1,2,1,1,1,1,1,2
20220322,2,2,1,1,1,1,2,1,1,1,2,0,0,2,0,2,2,2,0,0,0,0,0,0,0,0,0,0,0,0,0,2,0,2,1,0,0,0,0,0,0,0,0,1,2,0,2,0,0,0,0,0,1,2,2,0,2,0,0,0,2,1,1,1,2,1,0,1,0,1,0,0,2,0,2,1,0,0,0,0,0,0,0,0,1,2,1,1,1,2,0,1,2,1,2,0,1,1,1,1,2,2,2,0,1,0,2,1
20220324,1,2,1,2,1,2,2,1,2,1,0,0,0,0,0,0,0,0,1,0,2,1,2,2,1,1,2,1,0,1,0,0,2,0,0,0,1,1,2,1,2,2,1,1,1,0,1,0,0,0,0,0,2,0,1,0,2,0,0,1,1,0,1,2,1,2,1,1,2,1,2,2,1,0,0,0,0,0,1,0,2,0,0,0,1,2,1,1,1,1,1,2,1,0,0,0,1,2,1,1,1,2,2,0,0,0,0,0
20220327,1,0,1,2,1,2,1,2,1,2,1,0,1,0,1,1,1,0,1,1,1,1,1,0,1,1,2,1,2,2,1,1,1,2,2,2,1,1,1,1,2,2,2,1,1,1,2,1,1,1,1,2,1,2,1,1,1,1,1,2,0,1,0,0,2,0,1,2,0,2,1,0,1,1,1,2,1,0,1,0,1,1,2,2,0,1,2,1,1,1,1,2,1,2,1,2,1,2,1,2,1,1,1,1,1,2,1,2
20220329,1,0,1,0,0,2,1,2,1,1,1,2,1,1,1,1,1,2,1,1,1,0,1,2,1,2,0,2,1,0,1,1,1,1,1,2,1,2,1,1,1,2,1,2,1,2,1,2,1,2,1,2,1,0,1,2,1,1,1,2,1,1,2,2,2,2,1,2,1,2,1,0,1,1,1,1,1,2,1,2,1,1,1,2,1,1,1,1,2,2,1,0,1,2,1,2,0,1,0,0,2,1,1,1,1,1,2,1
20220331,0,1,0,0,2,0,0,1,2,1,2,1,2,0,1,0,2,0,2,0,2,0,2,0,1,1,1,1,1,1,1,2,1,1,1,1,2,1,1,1,2,1,2,1,2,1,2,1,1,2,1,1,1,2,2,1,1,1,2,0,0,2,1,2,0,0,0,0,0,0,0,0,1,2,1,1,2,1,1,2,1,1,1,2,1,1,1,1,2,2,0,2,0,1,2,1,1,1,2,1,0,1,1,2,1,1,1,2
20220403,1,2,1,0,1,0,1,1,1,2,1,0,1,1,2,1,2,1,1,1,1,1,1,2,1,0,1,2,1,2,1,2,1,1,1,1,1,1,1,2,1,2,2,1,0,0,0,0,1,0,1,2,1,1,1,1,1,2,1,0,1,0,1,2,0,2,1,1,1,1,1,2,1,2,1,0,1,2,1,0,1,2,1,1,1,2,1,2,1,0,1,2,1,0,0,0,1,1,1,2,1,2,1,2,1,2,1,2
20220405,1,2,1,1,1,2,1,1,2,1,2,1,1,1,1,1,1,2,1,1,1,0,2,2,2,2,2,1,2,1,1,0,1,0,1,1,2,1,0,0,0,0,1,1,0,1,0,1,1,0,1,0,1,1,2,0,2,0,0,0,2,2,2,1,1,0,2,0,2,0,2,1,1,0,1,2,1,2,2,2,2,2,1,0,1,2,1,1,1,2,1,2,1,2,1,1,1,2,1,1,1,2,1,0,1,1,1,1
20220407,1,0,1,2,1,1,1,2,1,2,1,2,2,0,2,0,0,0,1,1,1,1,2,1,2,2,2,2,2,1,0,0,0,0,2,0,1,1,2,1,2,1,1,1,1,0,1,0,2,2,2,0,1,1,1,1,1,2,1,0,0,1,0,1,2,1,1,1,1,0,2,1,2,0,2,2,1,1,1,0,1,0,1,1,0,1,2,1,1,1,2,2,2,2,2,1,2,1,1,1,2,1,1,0,1,2,1,1
20220410,1,0,1,0,1,2,1,2,1,2,1,2,0,1,0,2,1,0,1,1,1,1,1,2,1,0,1,0,1,2,1,1,1,2,1,0,1,2,1,2,1,2,1,2,1,1,1,2,1,0,1,0,1,2,1,2,1,1,1,2,1,2,1,0,1,0,1,1,1,1,1,2,0,0,0,0,0,0,0,0,0,0,0,0,2,1,0,1,2,1,2,2,2,2,1,1,1,1,2,1,2,1,0,1,0,1,1,1
20220412,0,1,0,1,2,1,1,0,1,2,1,1,2,0,2,0,0,0,0,0,2,0,2,0,1,0,1,2,1,2,1,2,1,1,1,2,2,1,2,1,2,1,1,0,1,1,1,1,1,0,1,0,1,2,1,2,1,1,1,2,1,2,1,1,1,2,2,0,2,0,2,0,1,0,1,2,1,0,1,0,0,0,0,0,0,2,1,2,1,0,1,2,1,0,1,2,1,1,1,1,1,2,1,1,1,2,1,2
20220414,1,2,1,2,1,0,2,2,2,2,2,1,1,1,1,1,1,0,1,0,1,1,1,0,0,2,0,1,2,1,2,1,2,0,2,1,0,1,0,1,2,1,0,1,2,1,2,0,0,2,0,2,2,1,2,2,2,1,2,1,2,1,2,1,2,1,1,1,1,1,1,0,1,2,1,1,1,2,0,1,1,2,1,0,1,2,1,1,0,2,2,0,1,0,1,2,1,2,1,1,1,2,1,2,1,2,1,2
20220417,2,1,2,1,0,0,1,0,2,0,1,2,1,1,1,1,1,1,2,0,2,0,0,0,2,1,0,2,2,2,1,1,1,2,1,2,1,1,2,1,2,1,0,2,1,0,1,0,0,1,0,1,0,1,1,2,2,2,1,2,1,2,1,2,1,2,2,0,2,0,0,1,2,1,1,1,1,1,1,2,1,1,1,2,1,0,1,2,1,2,1,0,1,0,1,2,1,0,1,2,0,2,0,0,2,0,0,0
20220419,1,2,1,2,1,0,1,0,1,0,0,2,1,2,1,1,1,2,1,1,1,2,1,0,1,2,1,2,1,2,2,1,2,0,2,1,1,1,1,2,1,2,1,2,1,1,1,2,2,0,0,0,0,0,1,0,1,0,1,2,1,0,1,2,0,2,1,1,1,1,1,0,1,2,1,2,1,2,0,0,2,0,2,0,1,0,1,0,0,1,0,1,0,1,2,0,2,0,1,2,1,1,1,0,2,1,0,1
20220421,1,2,1,2,1,2,0,2,0,2,2,1,2,2,1,1,1,1,2,0,2,0,0,0,2,1,2,1,2,1,1,1,1,1,2,2,1,2,1,1,1,1,2,1,2,1,2,1,1,1,1,2,1,0,2,2,2,2,2,1,0,1,0,1,2,0,2,0,2,0,2,1,0,1,0,1,2,1,1,0,1,2,1,0,1,0,1,0,1,1,2,0,0,0,0,0,2,0,2,0,1,1,1,1,1,1,2,2
20220424,0,0,2,1,2,0,1,2,2,0,1,2,2,1,2,1,1,1,1,0,2,1,0,1,1,2,1,2,1,2,1,1,1,1,2,2,2,0,0,0,2,0,2,1,0,1,0,1,2,0,1,0,0,1,0,1,0,1,2,1,1,2,1,2,1,2,1,1,1,1,1,2,1,1,1,0,1,0,1,1,1,1,1,2,1,0,1,0,1,2,1,1,1,2,1,0,1,0,1,0,0,0,0,2,1,1,1,2
20220426,0,1,1,0,1,0,0,1,0,1,0,1,0,2,1,2,1,2,1,1,1,1,1,2,2,2,1,0,2,1,2,1,2,1,2,1,1,1,2,1,2,2,1,1,2,2,2,2,1,1,1,2,0,0,1,1,1,2,1,2,2,2,2,1,1,1,1,1,1,1,1,2,2,0,2,0,0,0,1,2,0,1,1,2,0,0,0,1,2,1,1,1,2,1,0,1,2,0,2,0,1,2,1,0,0,1,0,2
20220428,2,1,1,0,2,1,2,1,2,2,2,2,1,2,1,2,1,1,1,0,1,1,1,2,0,0,0,0,0,0,2,1,0,0,0,0,1,2,1,1,1,1,1,1,2,1,2,1,0,0,2,0,0,0,2,1,2,1,2,1,1,0,1,2,1,2,1,2,1,1,1,1,2,0,0,0,0,0,1,2,1,2,1,1,1,1,1,2,1,2,1,1,1,2,1,0,0,1,0,0,0,0,0,1,2,0,2,0
20220501,1,2,1,2,1,2,2,1,0,1,0,0,2,2,2,2,1,1,2,1,1,1,1,1,1,0,2,0,0,1,1,1,2,2,2,2,2,1,2,1,2,1,1,2,1,1,1,2,1,1,2,1,0,1,1,1,2,1,0,1,0,1,0,1,2,1,2,2,1,1,1,1,1,1,1,2,2,2,1,0,1,0,1,1,1,1,1,1,1,2,2,0,2,0,2,1,1,1,2,1,0,1,1,2,1,0,1,2
20220503,1,2,1,1,1,2,0,2,1,2,1,0,1,0,1,0,1,2,2,1,2,1,2,1,1,1,2,1,0,1,1,2,1,2,1,2,1,2,1,2,1,2,0,0,1,2,1,2,1,1,1,1,2,2,1,1,1,2,1,2,1,2,1,0,1,0,0,2,2,2,1,1,1,1,1,1,0,1,0,2,0,2,2,0,1,2,1,1,1,2,1,1,2,1,2,1,1,1,1,2,0,0,2,0,2,1,0,0
20220505,2,1,2,1,2,0,2,1,2,1,0,0,0,0,0,0,0,0,1,2,1,1,1,2,1,2,1,2,1,2,1,2,1,1,1,1,0,1,2,0,2,0,2,0,2,2,2,0,1,1,1,1,1,2,2,1,2,1,2,1,1,2,1,1,1,2,1,2,1,2,1,2,2,1,0,0,0,0,0,0,0,0,0,1,2,1,2,1,2,1,1,2,0,2,1,0,1,2,1,1,1,2,1,0,2,1,0,1
20220508,1,1,0,2,1,2,2,1,0,1,0,0,2,0,0,0,0,0,0,0,2,0,2,0,1,2,1,2,1,2,0,0,2,1,1,1,1,1,1,2,1,2,0,1,0,1,2,1,1,2,1,1,1,2,1,1,1,2,1,0,2,1,2,1,2,0,0,0,0,0,0,0,1,1,2,1,0,1,1,0,2,1,2,2,2,0,0,1,0,1,2,2,1,1,1,1,1,2,1,2,1,1,1,1,1,2,1,0
20220510,1,2,1,1,1,2,1,1,1,2,0,0,1,0,1,1,1,0,1,1,1,2,1,0,1,2,1,2,1,2,1,1,2,0,0,0,1,1,1,1,1,2,1,2,1,0,1,0,2,1,2,1,2,1,1,2,1,2,1,2,1,2,1,0,1,2,1,1,1,2,1,0,1,1,1,2,1,0,1,1,1,1,2,2,1,1,1,2,1,0,1,2,1,2,1,2,1,0,1,2,1,1,1,2,1,1,1,0
20220512,0,0,1,2,1,2,2,1,1,1,0,0,2,0,1,0,0,0,2,0,2,0,0,0,0,0,0,0,2,0,1,1,1,2,1,0,0,0,2,0,0,0,1,2,1,2,1,2,1,2,1,2,1,2,0,0,2,0,2,0,2,1,0,1,0,0,2,0,2,0,0,0,2,1,1,1,2,1,1,1,1,1,0,2,1,1,1,1,2,1,0,1,2,1,2,1,2,2,1,2,1,1,0,1,1,1,2,0
20220515,0,1,0,1,1,1,1,1,0,1,0,0,1,1,1,1,1,0,1,1,1,2,1,0,1,1,1,0,1,0,2,1,1,1,0,0,1,1,1,2,1,0,0,0,2,0,2,0,1,2,2,2,1,2,1,1,0,1,0,1,1,1,2,2,2,2,1,1,0,2,0,0,2,0,0,0,0,0,1,2,1,2,0,2,1,1,1,1,2,2,1,1,1,0,1,0,2,2,2,2,2,1,2,1,0,0,0,0
20220517,1,2,0,0,1,0,1,2,1,2,1,0,1,1,1,1,1,1,2,0,2,0,0,0,2,1,2,0,0,1,1,1,0,1,0,0,2,1,1,1,2,1,1,1,0,1,0,1,1,2,1,0,0,2,1,1,2,1,2,2,0,2,1,0,0,0,2,1,2,0,0,0,1,1,1,2,1,2,0,1,2,0,2,0,1,1,1,2,1,0,2,0,2,0,0,1,0,1,0,1,0,1,1,1,1,2,1,2
20220519,1,0,1,1,1,2,2,1,1,1,0,1,1,1,1,0,2,0,1,1,1,1,2,2,1,1,0,0,0,0,1,1,1,2,2,2,1,2,1,2,1,0,1,1,1,2,1,0,0,1,0,1,2,0,1,2,1,2,1,2,1,0,1,1,1,2,1,1,1,1,2,2,1,2,1,1,1,2,2,0,0,0,0,0,2,1,1,1,2,1,1,1,0,0,0,1,1,1,1,2,1,0,1,2,1,2,0,0
20220522,1,0,1,2,1,1,1,2,1,2,1,0,1,1,1,2,0,2,1,1,1,1,1,2,1,2,1,1,1,2,1,1,1,1,1,2,1,2,1,1,1,2,1,2,1,1,1,2,1,1,2,2,2,2,1,2,1,1,1,2,2,2,2,2,1,1,1,1,1,1,1,2,1,2,1,2,0,2,1,0,2,1,0,1,1,1,1,2,1,2,1,1,2,1,0,1,0,1,1,1,2,1,1,2,1,1,1,2
20220524,0,1,0,1,2,0,2,1,2,1,2,0,2,0,2,0,2,0,2,1,1,1,2,0,1,2,1,1,1,2,2,1,1,1,2,1,0,1,2,0,2,0,2,1,1,1,1,1,1,2,1,2,1,2,0,0,2,0,2,0,1,0,2,0,1,1,2,0,2,0,2,0,1,0,1,2,1,2,1,1,1,2,1,0,1,2,1,2,1,2,1,1,1,2,1,2,1,2,1,1,1,2,1,0,1,1,1,1
20220526,2,0,0,1,0,0,1,1,2,2,1,2,1,1,1,1,1,2,1,1,2,1,0,1,0,0,0,0,2,0,1,1,2,1,0,0,2,1,0,1,0,1,1,1,0,0,0,0,0,0,0,0,0,0,1,1,2,1,2,1,1,0,1,0,1,2,1,0,0,0,0,0,2,2,1,2,1,1,1,1,1,1,1,2,1,2,1,2,1,2,1,2,1,1,1,2,2,1,2,1,2,1,0,1,2,1,1,1
20220529,1,1,1,0,1,0,1,2,0,2,0,0,1,1,1,1,1,2,1,1,1,1,1,2,1,0,0,0,0,0,2,1,0,1,0,0,1,1,1,2,1,0,1,1,1,0,1,0,1,1,1,2,1,0,1,2,1,2,1,0,1,0,1,0,1,2,1,1,1,2,1,0,2,0,1,2,1,1,1,2,1,1,1,2,2,2,2,2,1,1,2,2,1,1,1,1,2,1,0,1,0,0,1,2,0,0,0,0
20220531,1,2,0,1,1,2,1,0,1,2,1,2,2,1,2,1,2,0,2,1,1,1,2,1,1,1,1,2,1,0,1,2,1,0,0,0,1,1,1,1,1,1,2,1,1,1,2,1,1,2,1,1,1,2,2,1,1,1,2,1,1,0,1,0,1,2,1,1,1,1,2,1,0,0,0,0,2,0,1,0,1,2,1,1,1,2,2,2,1,2,1,2,1,2,1,2,1,1,2,1,0,0,2,1,2,1,2,1
20220602,1,0,1,2,1,1,1,0,1,2,1,1,1,1,1,2,1,2,1,1,1,1,1,2,1,1,1,1,2,2,0,1,1,1,2,0,1,2,1,2,1,2,1,1,1,2,0,0,1,2,1,1,1,1,1,2,1,2,0,2,1,0,1,0,1,2,1,1,1,1,1,2,1,1,2,0,0,0,1,0,1,0,1,1,1,2,1,0,1,2,2,2,1,2,1,1,1,1,1,0,0,0,1,2,1,2,1,2
20220605,0,1,0,1,2,0,2,2,2,2,1,1,1,1,1,1,1,2,1,1,1,1,2,1,1,1,1,1,2,1,1,1,2,1,0,1,1,2,1,1,1,1,2,1,2,0,0,0,2,2,1,1,1,1,1,2,1,1,2,1,2,0,2,0,1,2,1,1,1,1,1,1,1,1,2,1,0,1,1,0,1,0,1,1,1,0,1,0,1,2,1,2,2,2,1,1,2,1,1,1,2,0,1,2,1,2,1,0
20220607,1,2,2,2,2,1,1,0,1,0,1,2,2,1,2,1,2,0,1,2,1,2,1,2,1,2,1,2,1,2,2,0,0,0,0,0,1,0,1,2,1,2,2,1,0,1,0,1,1,2,1,2,1,1,1,2,1,2,1,2,1,0,1,0,1,2,1,2,1,1,1,2,1,1,2,1,0,0,0,1,0,2,2,1,1,0,2,0,1,2,2,2,2,1,2,1,1,1,1,2,1,0,1,0,1,2,1,2
20220609,1,2,1,0,1,2,2,2,2,2,1,1,1,1,2,1,2,1,1,2,1,1,1,1,1,2,1,2,1,1,1,1,2,1,0,1,2,0,2,2,1,0,0,2,0,0,0,0,1,2,2,2,1,1,1,0,1,2,1,1,0,2,0,2,0,1,2,1,2,1,1,1,1,1,1,2,2,2,1,2,1,0,2,2,2,2,2,0,2,2,1,2,1,2,1,2,1,1,1,1,1,2,1,0,1,2,1,1
20220612,2,2,2,2,2,1,0,1,0,1,2,1,1,1,1,1,2,2,2,2,1,2,2,1,0,1,0,1,2,0,1,1,1,1,2,1,2,2,2,2,1,1,2,2,1,0,2,1,2,1,2,1,2,1,0,1,0,1,2,1,2,2,0,2,0,2,1,1,1,1,1,1,2,1,2,1,0,0,1,0,1,0,1,0,2,2,2,0,2,2,1,2,1,2,1,2,2,1,2,1,0,1,2,0,2,2,1,1
20220614,1,0,1,0,1,0,1,2,1,0,1,0,1,1,1,1,1,1,2,2,2,2,2,1,1,1,0,1,0,1,2,2,1,1,2,1,1,2,1,0,1,2,1,2,1,1,1,1,1,2,1,0,1,2,1,1,2,2,2,2,0,0,1,0,1,0,0,0,0,0,0,0,1,1,1,2,1,2,1,0,2,0,2,2,1,0,1,0,1,0,2,1,2,1,2,1,1,1,2,1,0,1,1,0,1,0,0,2
20220616,1,0,1,0,1,2,1,2,1,2,1,2,2,1,2,1,2,1,1,0,1,0,1,2,2,0,2,0,0,0,2,1,2,1,2,0,1,2,1,0,1,2,2,2,1,2,1,2,2,2,2,1,2,1,1,2,1,2,1,2,0,1,0,1,2,1,1,1,1,2,1,2,2,1,1,1,2,1,1,0,1,0,1,0,1,0,1,0,1,0,1,2,1,0,1,2,1,1,2,1,0,1,0,2,2,2,1,1
20220619,0,0,0,0,0,0,2,2,2,2,2,1,2,1,2,1,2,1,0,0,0,1,2,0,1,1,2,1,0,1,2,1,2,1,2,1,2,2,2,2,2,1,0,0,0,0,2,0,2,1,2,1,2,1,0,1,2,1,2,1,1,2,1,2,1,2,2,1,2,1,0,1,1,2,1,2,0,2,1,0,1,0,1,2,0,0,0,0,0,0,1,0,1,2,1,2,1,1,2,1,0,1,0,1,0,1,0,1
20220621,1,1,2,2,2,2,1,0,1,0,1,2,1,1,1,2,1,2,1,1,1,2,1,0,1,2,0,0,0,0,1,2,1,2,0,0,1,1,2,2,2,2,1,2,1,2,1,2,1,2,1,0,1,2,1,1,1,2,1,2,1,0,1,0,1,2,1,1,1,1,1,2,2,1,1,1,1,1,2,0,2,0,1,2,1,1,1,2,1,2,1,0,1,0,1,2,1,1,2,2,1,2,1,2,1,0,1,0
20220623,2,1,2,0,0,0,0,0,0,0,0,0,1,2,1,1,1,2,2,1,2,0,0,0,1,2,1,1,1,2,0,1,2,0,2,0,2,1,0,0,0,1,0,0,2,0,0,0,0,0,0,0,0,0,1,1,1,1,1,2,0,0,0,0,0,0,2,1,2,1,2,1,2,1,2,1,2,1,1,0,1,0,1,0,2,1,1,1,2,1,1,0,1,0,1,2,1,2,1,1,1,2,1,0,1,0,1,2
20220626,1,1,2,1,2,2,1,1,1,2,1,2,0,1,0,0,0,0,1,1,1,2,1,0,1,0,1,1,1,1,1,1,2,1,2,1,1,1,1,2,2,2,1,1,2,1,0,1,2,0,0,0,0,0,2,1,1,1,2,1,1,0,1,2,1,0,1,1,1,1,1,2,1,2,1,2,1,0,1,0,1,0,1,0,1,1,1,2,1,0,0,2,0,2,2,1,1,2,1,2,0,2,2,2,1,2,1,1
20220628,1,2,1,2,1,2,2,1,2,1,2,1,1,1,2,1,0,1,1,2,1,1,1,1,1,0,1,0,1,1,1,2,1,2,1,2,2,0,0,0,0,0,1,1,2,0,0,0,1,1,1,1,2,2,1,2,1,2,1,2,1,0,1,1,2,1,1,1,1,1,2,1,2,2,1,1,1,1,0,0,0,1,0,0,0,0,0,0,0,0,1,0,1,0,1,2,2,2,1,2,1,1,0,0,0,0,0,0
20220630,0,0,2,0,2,1,1,1,1,1,1,2,1,1,1,1,1,2,0,1,2,1,2,1,1,0,1,0,1,1,1,0,1,2,0,2,1,1,2,1,2,2,1,2,1,2,0,2,1,1,1,1,1,2,0,1,0,0,0,0,0,1,1,1,1,2,2,1,2,1,2,1,1,2,1,2,0,0,1,1,2,2,2,0,1,0,2,0,0,1,0,1,0,0,0,1,2,1,2,1,1,1,1,1,1,2,1,0
20220703,1,1,1,2,2,2,1,2,1,1,1,2,1,2,1,1,0,2,1,2,1,2,1,2,0,1,0,1,2,1,0,1,2,1,1,1,1,2,1,1,1,2,2,1,1,1,2,1,1,2,1,1,1,2,1,1,1,2,1,2,1,2,1,1,1,1,1,1,1,1,1,2,1,0,1,2,1,1,1,1,1,1,1,0,1,1,0,1,1,0,1,1,1,2,1,2,2,1,2,1,2,1,2,1,2,1,0,1
20220705,1,2,1,2,1,2,2,1,1,1,1,1,2,1,2,1,2,0,1,2,1,2,0,2,2,1,2,1,2,1,2,1,2,1,2,1,2,1,2,1,2,0,1,1,1,2,1,0,1,2,1,2,1,2,1,1,1,2,1,2,2,1,2,1,2,0,1,1,1,1,1,2,0,1,0,1,1,0,1,2,1,1,1,2,1,1,1,0,2,1,1,1,1,1,1,0,1,2,1,2,2,2,1,1,1,2,1,2
20220707,1,2,1,1,1,1,1,2,1,2,1,2,1,1,1,1,1,2,0,1,2,1,2,0,1,2,0,2,0,0,1,0,1,2,0,2,2,1,2,1,0,0,1,2,1,2,1,2,0,1,2,1,2,1,1,2,1,1,2,1,1,2,1,2,1,2,2,1,2,1,2,1,0,2,0,0,0,0,0,0,2,0,0,0,1,1,1,1,1,2,1,2,1,1,1,2,1,2,1,2,1,2,1,2,1,1,1,2
20220710,1,2,1,2,1,2,1,0,1,2,0,1,1,2,1,2,0,0,1,1,1,2,1,2,1,0,1,1,1,2,1,2,1,1,1,1,1,2,1,2,1,2,2,2,1,1,1,1,1,1,1,2,1,2,1,2,1,2,1,2,0,0,0,1,2,1,1,1,1,2,1,2,1,0,1,1,1,2,1,0,2,0,0,0,1,2,1,2,1,2,0,0,2,0,1,1,1,2,1,2,1,2,0,1,2,1,2,0
20220712,0,0,0,0,2,0,0,1,0,1,1,0,2,1,1,1,2,1,2,1,2,1,0,1,0,0,2,0,2,0,1,0,1,0,0,2,0,1,0,1,2,0,1,0,0,0,0,2,1,1,1,2,1,2,0,1,2,1,2,1,2,0,0,0,0,0,2,1,2,1,2,1,2,2,1,2,1,1,1,0,2,1,0,1,1,2,1,2,1,1,1,1,2,1,2,1,1,0,1,2,1,1,1,1,1,2,1,0
20220714,1,1,1,2,2,2,1,2,1,0,1,0,2,1,2,1,0,0,2,1,2,1,0,0,0,1,1,0,1,0,0,2,0,1,1,1,2,1,0,1,0,1,2,0,2,1,1,1,2,0,2,0,0,1,1,2,1,2,1,2,1,0,1,2,1,0,2,1,2,1,0,0,2,2,2,1,2,1,1,1,1,1,1,2,0,0,0,0,2,0,1,1,1,2,1,2,1,0,1,0,1,1,1,1,1,1,2,1
20220717,1,1,1,1,2,2,2,1,2,1,1,2,1,1,1,2,0,0,2,1,2,1,0,1,1,2,1,2,1,2,1,2,1,2,1,2,2,0,0,1,0,1,2,2,2,2,2,1,1,1,2,1,0,1,2,2,2,1,2,1,1,1,1,1,1,2,2,1,2,1,0,0,1,2,1,2,1,2,2,0,1,0,0,0,0,1,1,2,1,0,0,2,0,1,1,2,2,0,2,0,0,1,1,2,1,2,1,2
20220719,2,0,2,0,0,1,2,1,2,1,2,1,2,1,2,1,0,0,1,1,1,1,2,2,1,2,1,2,1,2,1,0,1,2,1,2,1,1,2,1,2,1,1,2,1,0,1,2,1,1,1,2,1,2,1,2,1,2,1,2,1,1,1,0,0,1,1,1,2,1,0,1,0,1,2,1,2,1,1,1,1,2,1,0,1,1,1,1,1,2,2,2,1,1,1,1,1,0,1,0,1,2,1,2,1,2,1,2
20220721,1,1,1,2,1,0,1,2,1,2,1,2,1,1,2,1,2,1,1,2,1,1,1,2,1,0,0,0,0,2,1,0,1,0,0,2,1,2,1,2,1,2,1,0,1,0,1,2,1,2,1,1,1,2,2,2,2,1,1,1,1,2,1,1,1,1,1,1,1,1,1,2,1,2,1,2,1,2,2,1,1,0,0,0,1,2,1,1,1,1,2,1,2,1,1,1,1,0,0,0,0,0,2,2,2,1,2,0
20220724,1,1,1,1,2,1,1,0,1,2,1,2,1,1,1,2,1,2,1,2,1,1,1,2,0,2,2,2,1,1,1,0,1,0,1,1,1,2,1,2,1,2,2,0,2,2,1,1,1,2,1,1,1,2,1,0,1,0,1,2,0,0,0,0,2,0,1,2,1,1,1,2,1,0,0,2,0,2,1,0,2,0,0,0,0,0,0,0,2,0,1,2,1,2,1,1,2,0,2,0,1,2,0,1,0,1,2,1
20220726,1,2,1,2,1,2,0,0,0,0,2,0,2,1,1,1,2,1,1,2,1,2,1,1,1,0,1,0,1,2,1,0,1,0,1,2,1,0,1,2,1,1,1,0,1,0,1,2,2,1,2,1,2,1,0,0,0,0,2,0,1,0,1,2,1,0,0,1,2,1,2,0,2,0,1,2,1,1,1,1,2,1,0,0,1,1,1,2,1,0,0,0,0,0,2,0,1,0,1,0,1,0,1,2,1,0,1,2
20220728,1,0,1,2,1,1,1,1,1,2,1,0,1,2,1,2,0,0,0,1,0,1,1,1,0,1,0,2,2,1,0,0,1,0,0,0,1,0,1,0,1,1,1,0,0,0,0,0,2,1,2,1,2,1,1,1,1,2,2,2,2,0,2,0,0,0,1,1,2,1,2,2,0,1,0,2,2,1,1,1,2,1,0,1,2,0,2,0,0,0,1,0,0,0,0,0,0,0,0,0,0,0,0,0,0,0,0,0
20220731,2,2,2,1,1,1,2,0,2,0,0,1,0,1,2,1,2,0,1,2,1,2,1,0,0,0,0,0,0,0,0,2,0,2,2,1,0,1,0,1,2,1,0,2,0,2,2,1,1,2,1,2,1,2,1,2,1,1,1,2,1,0,0,0,0,0,1,2,1,2,1,2,1,2,1,0,1,2,1,1,1,1,1,2,1,0,2,1,0,1,1,0,1,2,1,0,1,0,2,0,0,1,1,0,2,1,2,2
20220802,2,2,2,2,1,2,1,1,2,1,0,1,1,1,1,2,2,2,2,1,2,1,0,1,1,1,1,2,1,0,1,0,1,0,0,0,2,1,0,1,0,1,1,0,1,0,1,0,1,0,1,2,1,2,2,1,2,1,0,0,1,1,1,2,1,2,2,1,1,1,2,1,1,0,1,2,1,2,1,1,1,1,1,2,1,1,1,1,2,2,0,2,1,2,1,2,1,0,2,0,0,1,1,1,1,1,1,2
20220804,1,2,1,2,1,2,1,1,1,1,1,2,2,1,2,1,0,0,1,2,1,2,1,0,1,2,1,1,1,2,1,0,1,0,1,2,1,1,1,2,1,2,0,1,0,2,2,1,1,0,1,2,1,2,1,1,1,2,1,0,1,1,1,1,1,2,1,2,1,2,0,2,2,1,2,1,1,1,1,2,1,1,1,1,1,2,1,1,1,2,1,2,1,1,1,1,1,1,2,1,2,1,1,2,1,1,1,2
20220807,1,0,1,2,1,1,1,1,1,1,1,2,1,2,1,2,0,0,2,1,2,1,0,0,0,0,1,0,2,0,0,1,0,1,2,1,2,1,1,1,2,1,2,1,2,2,2,1,0,0,0,0,0,0,2,1,2,1,2,1,1,2,1,1,1,2,1,0,1,2,1,1,1,2,1,0,1,2,1,2,1,2,0,2,1,1,1,1,2,1,0,0,2,0,2,0,1,1,0,2,0,0,2,1,1,0,2,0
20220809,1,0,1,0,1,2,1,2,1,1,1,2,2,1,1,1,0,0,1,1,2,1,0,0,1,1,2,1,0,1,2,1,2,1,2,1,0,2,0,2,0,0,0,0,0,0,1,0,1,1,1,0,1,0,0,2,1,2,1,0,1,2,1,1,1,1,0,1,2,1,2,0,1,0,1,0,0,2,2,2,1,1,1,1,0,0,0,1,0,0,1,0,0,0,0,0,2,1,1,1,2,1,1,2,1,2,1,2
20220811,0,0,0,0,2,0,0,0,0,0,1,0,2,1,2,1,0,0,2,1,0,1,0,0,2,1,2,0,0,0,2,1,2,1,0,1,0,1,2,1,0,0,0,0,0,0,0,0,2,0,2,0,0,0,0,1,2,1,2,0,0,0,0,0,2,0,2,1,2,1,0,0,2,0,2,2,1,1,1,2,1,2,0,2,1,0,2,1,0,1,0,1,0,0,1,0,2,1,2,1,2,1,1,2,1,2,1,2
20220814,1,1,1,0,1,0,1,1,1,0,1,0,1,2,1,2,0,0,1,2,1,2,0,0,1,1,1,2,1,0,0,1,1,2,0,0,1,2,1,2,0,0,0,1,0,2,0,0,1,1,1,2,1,0,1,2,1,2,1,0,1,2,1,0,1,2,1,2,1,2,0,0,1,0,1,0,1,2,2,2,2,1,1,1,2,0,2,0,0,0,2,1,2,0,0,0,1,1,1,2,1,2,1,0,1,2,1,1
20220816,2,0,1,0,0,0,2,1,2,0,0,0,2,1,1,1,2,0,2,2,1,1,1,1,1,1,1,1,1,2,2,1,0,1,2,1,2,1,1,1,2,1,2,1,1,0,2,0,1,2,1,1,2,1,2,1,1,1,2,1,0,0,0,0,0,0,2,1,1,1,2,1,2,0,2,0,1,2,0,1,0,0,0,0,1,1,1,2,1,0,2,0,0,0,0,0,1,2,1,2,1,2,2,2,2,2,1,1
20220818,1,1,0,0,0,0,1,1,1,2,1,0,1,2,1,2,1,2,2,1,2,1,2,1,2,1,2,1,2,1,1,1,2,1,2,1,1,1,2,2,1,2,2,1,0,0,0,0,1,1,1,1,1,2,1,2,1,2,1,2,1,1,1,2,1,0,1,2,1,2,1,2,1,0,1,0,1,2,1,1,1,2,0,0,2,1,0,0,0,0,0,1,1,2,1,0,0,1,2,1,1,1,2,2,1,2,1,2
20220821,1,1,2,1,0,1,1,1,1,1,1,2,1,2,1,2,1,2,1,2,1,1,2,1,1,1,1,2,1,2,1,2,1,2,0,0,1,2,1,1,1,2,1,1,1,2,0,0,1,2,1,2,1,1,1,2,1,2,1,2,2,0,2,0,0,0,1,2,1,2,1,2,1,0,1,0,1,0,2,1,2,0,0,0,1,1,1,2,1,0,2,1,1,0,2,1,1,1,2,1,0,1,2,1,2,1,2,1
20220823,1,1,1,1,2,1,1,2,1,1,1,1,2,2,1,1,1,1,1,2,1,2,0,2,1,2,0,2,0,0,0,1,2,1,1,1,1,2,1,2,1,2,2,0,0,0,2,0,0,1,2,1,2,0,2,1,2,1,2,1,1,0,1,2,1,0,1,0,1,2,1,1,1,0,1,0,1,0,1,1,1,1,2,2,2,1,2,1,0,0,1,2,1,2,1,2,1,1,1,2,0,0,1,1,1,2,1,0
20220825,1,1,1,1,1,2,1,2,1,2,1,1,1,0,1,2,1,1,1,0,1,0,0,2,1,0,0,2,0,2,1,2,1,2,1,0,0,0,0,0,0,2,1,1,2,0,0,1,1,2,1,0,1,0,1,2,1,2,1,0,2,0,2,0,0,1,1,0,1,2,1,1,0,1,0,1,0,0,1,1,1,1,1,0,1,1,1,1,2,2,0,0,2,0,2,0,1,2,1,1,1,2,1,1,1,1,2,2
20220828,1,2,1,2,1,2,2,2,2,1,1,0,1,0,1,2,0,1,0,2,2,2,1,0,0,1,0,0,2,0,0,1,2,0,2,1,2,2,2,1,1,1,1,1,1,2,1,2,0,1,2,0,0,0,2,2,1,1,2,1,1,1,2,1,0,1,2,0,2,2,1,1,1,1,1,2,1,0,1,2,1,1,0,2,1,2,1,1,1,2,0,1,1,2,1,0,0,0,2,1,2,0,1,1,1,2,1,0
20220830,0,1,0,0,2,0,1,2,1,2,1,2,1,0,1,0,1,2,1,0,1,0,0,0,1,2,1,0,1,2,0,1,1,2,0,0,1,0,1,0,0,2,1,2,0,1,0,2,1,1,1,2,1,0,1,0,1,2,1,2,1,1,1,1,2,2,1,0,1,0,1,2,1,1,1,1,2,2,1,2,1,1,1,1,2,2,1,1,1,1,2,1,1,1,2,1,1,1,1,2,2,2,0,0,2,0,0,0
20220901,1,1,2,1,2,1,1,2,1,2,1,2,2,0,2,0,1,1,0,2,2,2,2,1,2,2,2,2,2,1,2,1,0,1,2,1,0,2,2,2,1,1,2,1,1,1,1,1,1,1,1,1,2,1,1,0,1,0,1,2,1,1,1,1,1,2,0,2,0,2,1,1,1,2,1,1,1,2,0,0,2,0,1,0,1,2,1,2,1,2,1,1,1,1,2,2,2,1,2,1,0,1,1,1,1,2,1,0
20220904,1,2,1,2,1,2,2,2,2,2,1,1,1,0,1,0,1,2,2,2,2,2,1,2,1,2,1,0,1,2,1,1,2,1,1,2,2,2,2,2,1,2,1,1,2,1,1,2,2,1,1,1,2,1,0,1,0,1,2,1,1,1,1,1,1,2,1,0,1,0,1,2,1,2,1,1,1,1,1,1,2,1,0,0,2,2,1,2,1,1,0,0,1,2,1,2,1,1,1,1,2,2,1,1,1,1,1,2
20220906,0,1,2,1,2,1,2,1,1,2,2,1,0,1,0,1,0,1,1,2,1,2,1,2,1,0,1,0,1,2,1,2,1,2,1,2,1,2,1,2,0,0,2,1,2,1,1,1,1,1,2,1,2,1,1,2,1,0,1,2,1,2,1,1,1,1,1,0,1,0,1,0,0,1,2,0,1,1,2,1,2,0,0,0,1,2,1,2,1,1,0,1,0,0,2,0,1,2,1,2,0,0,2,0,2,0,0,0
20220908,1,1,1,2,1,2,1,2,2,2,2,2,1,1,1,2,1,2,1,0,1,2,1,2,1,0,1,0,1,2,1,2,1,2,1,2,2,2,1,1,1,1,1,1,1,1,1,2,1,2,1,2,1,2,2,2,2,2,1,1,1,2,1,2,1,1,1,0,1,0,1,2,1,1,1,2,1,0,1,1,1,2,1,0,1,0,1,0,1,2,1,1,1,2,1,2,1,2,1,1,1,1,1,1,1,2,1,2
20220911,1,2,1,1,1,2,1,2,2,2,2,2,1,2,1,2,1,2,1,0,1,0,1,2,1,0,1,0,1,2,1,2,1,2,1,2,1,0,1,2,1,2,1,2,1,2,1,2,1,0,1,2,1,2,2,2,2,1,2,1,1,2,1,2,1,1,1,0,1,0,1,0,2,1,2,1,2,1,1,2,1,1,1,2,1,0,2,0,1,1,2,1,1,1,2,1,1,2,1,2,0,2,1,2,1,2,1,2
20220913,1,2,1,2,1,2,0,0,0,0,1,2,1,2,1,2,1,2,2,0,2,0,1,1,0,1,0,1,0,1,1,0,1,2,1,1,1,0,1,0,1,2,1,0,1,2,1,1,1,0,1,0,1,1,1,2,1,2,1,2,1,0,1,0,1,1,1,0,1,0,1,0,2,1,2,2,2,2,0,1,1,1,0,1,1,0,1,0,1,2,1,2,1,2,1,2,2,2,2,1,1,1,1,2,1,1,1,1
20220915,0,1,2,1,2,0,0,1,0,1,2,0,2,2,1,1,2,1,2,0,2,0,1,2,1,1,1,2,2,2,2,2,2,0,1,2,1,0,1,0,1,1,0,1,0,1,1,1,0,1,0,0,2,0,1,2,1,2,2,1,0,1,0,0,2,0,1,0,1,0,1,0,1,1,1,1,1,2,2,1,0,0,0,0,0,2,0,2,2,2,0,1,2,1,1,1,1,2,2,2,2,1,1,2,1,1,1,1
20220918,1,2,1,2,1,2,1,1,2,1,0,1,2,2,2,2,1,2,2,2,2,2,1,2,0,2,0,0,0,0,1,0,0,0,0,0,0,1,0,1,2,2,1,2,1,2,1,2,1,2,1,0,1,0,1,0,1,0,1,2,1,0,0,0,0,0,0,2,0,2,2,2,2,0,2,0,0,0,1,1,1,1,2,2,0,0,0,0,0,0,1,2,1,2,1,2,0,0,1,0,1,0,0,0,0,0,2,0
20220920,1,2,1,2,1,1,1,2,0,0,1,0,2,1,2,1,2,0,1,2,2,2,1,2,0,0,2,0,2,1,1,0,1,0,1,2,2,2,1,2,1,2,1,2,1,1,1,2,2,1,2,0,0,0,2,2,0,2,1,1,1,0,0,0,0,0,2,2,2,2,1,2,1,0,1,2,1,0,1,2,0,2,0,0,1,1,1,1,2,2,2,1,2,1,0,1,0,1,0,1,2,1,1,0,0,0,0,0
20220922,1,0,0,0,0,2,1,2,1,2,1,2,1,2,1,2,1,0,2,1,2,1,2,1,1,1,1,2,1,0,0,2,0,2,2,1,2,2,2,1,2,1,0,0,2,1,2,1,1,1,1,2,1,2,0,0,0,0,0,0,1,1,1,2,1,0,2,2,1,2,2,2,2,1,1,1,2,1,0,1,2,1,2,0,1,1,1,1,1,2,1,1,1,2,1,2,1,1,0,1,2,1,1,1,1,2,1,0
20220925,2,0,1,2,1,1,0,1,0,1,0,1,1,2,1,1,1,2,1,2,1,2,1,2,1,1,1,1,1,2,1,2,1,0,1,0,1,2,1,2,1,2,1,1,2,1,2,1,1,1,1,2,1,2,1,1,1,2,1,2,2,1,1,1,2,1,1,2,1,2,1,2,1,1,1,1,1,2,1,1,1,2,1,0,1,2,1,1,1,2,1,2,1,1,1,2,1,1,1,1,2,1,1,2,1,1,1,2
20220927,0,1,0,1,2,1,0,1,1,0,2,0,1,2,1,2,1,2,2,1,2,1,2,1,1,1,1,1,1,1,0,0,0,0,0,1,1,0,1,0,1,2,1,1,1,1,2,2,2,1,2,1,2,0,1,2,1,1,1,2,1,1,1,1,1,2,0,0,0,1,0,0,1,2,1,2,1,2,2,1,2,1,0,0,1,2,1,1,1,1,0,0,2,0,2,0,1,2,1,1,1,2,0,0,2,1,0,0
20220929,1,1,1,0,0,0,0,0,0,0,1,0,1,0,1,2,1,2,1,1,1,2,1,0,2,1,1,1,1,1,1,0,2,1,2,2,1,0,1,2,1,1,1,2,1,1,0,2,1,1,1,2,0,0,1,2,1,1,1,2,1,1,1,1,1,2,1,1,1,1,1,0,1,0,1,2,1,1,1,1,1,2,1,2,2,2,2,1,1,1,1,1,2,1,2,1,1,2,1,1,1,2,2,0,0,0,0,0
20221006,1,2,1,2,1,2,1,0,1,0,1,2,0,1,0,1,2,0,1,1,2,1,2,1,0,0,0,0,0,0,2,0,2,0,0,1,2,0,2,0,1,1,1,0,1,1,1,1,1,2,1,1,1,2,1,2,1,1,1,1,1,2,0,2,1,2,2,1,1,1,2,1,2,2,2,2,1,1,1,1,1,1,1,2,0,0,0,0,2,0,1,2,1,2,1,2,0,1,2,1,2,0,1,1,2,2,2,2
20221009,1,2,1,2,1,2,0,1,0,1,2,1,1,2,1,0,1,0,1,2,0,2,1,2,0,1,1,2,1,0,1,1,1,1,2,1,1,0,0,0,1,2,1,0,1,2,1,1,2,2,1,1,1,1,1,2,1,2,1,2,0,1,2,1,2,0,0,2,0,2,0,0,1,2,1,0,1,2,1,2,1,1,0,2,1,1,1,2,1,0,2,1,2,0,0,0,1,1,1,2,1,0,1,1,2,1,0,1
20221011,1,0,1,0,1,2,1,2,1,0,1,0,1,0,1,2,1,2,1,2,1,2,0,2,1,2,0,1,0,0,1,1,1,2,1,2,1,0,0,0,0,2,1,0,1,0,1,1,2,1,1,2,1,1,1,0,1,0,1,2,2,1,2,1,0,1,1,2,1,2,1,2,2,2,2,2,2,1,1,0,1,2,0,1,1,2,1,1,1,2,1,1,2,2,2,2,2,1,1,1,2,1,1,1,1,2,1,0
20221013,0,1,0,1,2,1,0,0,0,0,0,0,0,1,0,1,2,1,0,1,2,1,2,0,0,0,2,0,2,0,2,1,1,1,2,1,0,1,0,1,2,1,0,1,0,2,2,1,0,0,0,0,0,0,0,0,0,0,2,0,2,1,2,1,0,1,0,1,2,1,2,0,1,0,1,0,1,0,0,2,2,1,1,1,0,1,2,1,0,0,1,2,1,1,1,2,1,2,0,2,0,0,2,1,2,1,2,1
20221016,1,1,2,2,2,2,1,0,1,2,2,2,1,1,1,2,1,2,1,2,1,0,1,2,1,1,1,2,0,0,1,1,1,2,0,0,1,1,1,2,1,0,1,2,1,2,1,0,1,1,1,0,1,0,1,1,1,2,1,0,1,1,1,2,1,0,1,1,1,2,1,2,0,1,0,1,2,1,1,2,1,2,1,2,1,1,2,1,0,1,1,2,1,1,1,2,1,2,1,1,1,2,1,1,2,1,0,1
20221018,2,1,0,1,0,1,1,1,1,1,1,2,2,1,2,1,2,1,2,1,2,1,2,1,1,1,1,1,1,2,1,1,1,1,1,2,2,0,2,0,0,1,1,2,1,1,1,2,1,1,1,1,2,1,2,1,1,0,0,0,1,1,1,1,1,2,2,1,2,1,2,1,1,2,1,0,1,0,1,2,1,2,1,2,1,1,1,1,2,2,1,2,1,2,1,1,2,2,2,1,1,1,1,2,1,2,0,2
20221020,1,0,0,0,0,0,1,2,1,1,1,2,1,2,1,2,1,2,1,2,1,2,1,2,1,2,1,1,2,1,2,1,2,1,2,1,1,1,1,1,1,2,2,1,2,1,2,1,1,2,1,1,1,2,1,1,1,2,1,0,1,2,1,1,1,1,1,1,1,1,1,2,1,2,1,2,1,0,1,0,1,0,1,2,1,2,1,1,1,2,1,0,1,0,1,1,0,0,0,1,2,0,1,2,1,2,1,2
20221023,1,1,1,2,1,0,1,2,1,1,1,1,1,2,1,2,1,2,1,0,1,2,1,2,1,2,1,2,1,1,1,1,1,1,1,2,1,1,1,1,1,2,1,2,1,2,1,0,1,2,1,2,1,2,1,2,1,1,1,2,2,1,2,1,2,1,1,2,1,1,1,2,0,0,0,0,0,1,0,1,0,1,2,1,2,1,1,1,1,1,0,1,0,2,1,1,1,1,1,2,1,0,0,0,0,0,2,0
20221025,2,1,1,1,2,0,2,2,2,1,1,1,2,2,2,1,1,1,1,0,1,2,1,2,1,2,1,1,1,1,0,2,0,2,0,2,0,0,0,2,0,2,1,2,1,1,1,2,2,1,2,1,1,1,1,2,1,1,1,2,1,1,2,1,2,1,2,2,1,1,1,1,1,2,1,2,1,2,1,2,1,2,1,2,1,2,1,2,1,2,2,2,2,2,2,1,2,1,1,1,2,1,1,1,0,1,0,1
20221027,1,1,1,2,1,0,1,2,1,2,1,2,2,1,0,1,0,0,0,1,0,1,2,1,1,2,1,2,1,2,1,2,1,2,1,1,0,0,2,0,2,0,2,1,2,1,2,0,1,2,1,2,1,2,2,1,2,1,1,1,1,2,1,2,1,2,0,1,0,1,0,0,0,0,0,0,0,0,1,0,1,2,1,2,0,1,2,1,2,0,1,0,1,0,1,2,2,1,1,1,2,1,1,1,0,0,0,0
20221030,2,1,1,0,2,1,0,0,0,0,0,0,1,1,2,1,2,1,2,1,2,2,2,2,2,2,2,2,1,1,0,1,0,1,2,1,1,2,1,2,1,1,1,1,2,2,1,2,2,1,2,0,0,0,2,0,0,0,0,0,2,1,2,1,2,1,1,1,2,2,2,2,1,0,2,1,0,1,0,1,0,1,2,1,2,1,2,1,0,1,2,2,2,1,2,1,1,1,0,2,0,0,1,1,1,2,0,0
20221101,1,0,2,1,2,2,1,1,1,2,1,0,1,2,1,2,1,2,1,2,1,2,1,0,2,2,2,2,1,2,1,2,1,2,1,0,1,2,1,2,1,2,2,2,1,2,2,1,1,1,1,0,1,0,1,1,1,2,1,0,1,1,2,1,2,1,1,1,1,1,1,2,1,1,1,2,1,2,1,1,2,1,0,1,2,1,2,1,0,0,1,0,1,0,1,2,1,2,1,1,1,2,1,2,1,1,1,2
20221103,1,2,1,2,0,0,1,1,1,1,1,2,2,1,2,1,2,1,2,1,2,1,2,1,2,2,1,2,1,1,1,2,1,1,1,2,2,1,2,1,2,1,1,2,2,2,2,1,1,2,1,2,1,2,1,1,1,1,1,2,1,1,1,1,1,1,2,1,1,1,2,1,1,2,1,1,1,2,1,1,1,2,1,0,1,1,1,2,1,0,1,0,1,0,0,2,0,1,2,1,2,0,0,1,1,1,2,0
20221106,2,1,1,1,2,1,1,1,1,1,1,2,1,2,1,2,1,2,1,1,1,2,1,0,1,2,1,0,1,2,0,0,2,1,2,0,1,2,1,2,1,2,1,2,1,2,2,2,2,1,2,1,2,0,1,1,1,1,2,1,1,2,1,2,1,2,1,1,1,1,1,2,1,2,1,1,1,1,2,1,1,1,2,1,1,2,1,1,1,2,1,0,1,0,1,1,1,1,2,1,2,1,2,0,0,0,0,0
20221108,2,1,0,0,0,0,1,2,1,1,1,1,1,2,1,2,1,1,1,2,1,2,1,2,0,0,0,0,0,0,1,1,2,1,2,2,2,1,2,1,2,1,2,1,0,1,2,2,1,1,0,1,0,1,2,1,2,2,1,2,2,2,1,1,1,1,1,2,1,1,1,2,1,0,1,2,1,1,2,1,2,1,2,1,2,1,1,1,2,1,0,0,0,0,1,2,1,1,1,1,2,2,1,1,1,2,1,2
20221110,1,1,1,0,1,0,0,0,0,0,2,0,1,2,2,2,1,1,2,1,1,1,2,1,1,1,2,1,0,2,0,2,0,2,1,0,1,2,1,2,1,2,1,2,1,2,1,2,0,2,1,0,0,0,2,1,2,1,2,1,1,0,1,0,0,2,1,2,1,2,1,1,2,2,2,2,2,1,1,2,1,2,1,2,1,2,1,2,1,2,1,0,1,0,1,2,2,1,2,1,2,1,2,1,1,1,2,1
20221113,1,1,1,1,1,2,1,1,2,1,0,1,1,2,1,2,1,1,1,1,2,2,2,2,1,1,1,2,1,2,2,1,2,0,2,0,1,1,1,2,1,0,1,1,1,1,1,1,2,2,1,1,2,1,1,1,2,1,2,1,1,0,1,2,1,1,2,2,2,2,1,1,1,0,1,0,1,2,2,1,1,1,1,1,1,0,1,2,1,2,1,0,1,0,1,0,0,2,0,2,0,0,1,2,1,2,1,2
20221115,2,1,1,1,2,1,1,1,1,2,1,0,1,0,1,0,1,2,1,1,1,2,1,2,1,2,1,2,1,2,1,1,2,1,2,1,1,1,1,2,1,0,0,1,0,1,2,1,2,1,2,1,0,0,1,2,1,2,1,0,2,2,2,2,1,2,1,2,1,2,1,2,1,0,1,0,1,2,2,1,2,1,2,1,0,1,0,1,2,0,0,2,0,1,0,1,1,2,0,2,0,2,1,2,1,1,1,2
20221117,1,1,1,2,1,2,1,1,1,1,1,2,1,0,1,0,1,1,1,2,1,1,1,2,1,0,1,2,1,2,1,2,1,2,1,2,2,1,2,1,2,1,1,1,2,1,2,1,1,1,1,0,1,2,2,2,2,1,1,1,1,0,1,0,1,2,1,2,1,2,1,1,0,0,0,0,0,0,1,2,1,2,1,2,1,1,1,2,1,0,0,0,0,0,0,0,1,0,1,2,1,1,1,2,1,1,1,1
20221120,1,1,1,1,2,1,0,0,2,0,0,0,0,1,0,1,2,1,1,2,1,2,1,2,2,2,2,1,1,1,1,2,1,1,1,1,1,0,1,2,1,2,1,1,1,1,1,2,1,2,1,2,1,2,1,2,1,2,1,2,0,1,0,1,0,0,2,1,2,1,1,1,1,0,2,0,0,1,0,1,2,1,2,1,1,2,1,1,1,2,1,0,2,1,0,1,0,1,0,1,1,0,1,2,1,2,1,1
20221122,1,2,1,2,0,2,1,1,1,2,1,0,1,1,2,2,2,2,0,0,0,0,0,0,2,2,2,2,2,1,1,2,1,2,1,1,0,0,0,0,0,0,2,1,1,1,2,1,1,0,1,2,0,2,0,0,0,0,2,0,1,1,1,2,1,0,2,1,2,2,2,2,2,0,2,0,0,0,1,2,1,2,0,0,2,1,2,1,2,1,1,1,1,1,1,2,1,1,1,2,1,2,1,0,1,2,0,2
20221124,1,0,1,2,1,1,1,1,1,1,2,1,1,1,2,1,2,2,1,1,1,0,1,0,1,2,1,2,1,2,1,0,1,0,1,2,1,0,1,2,2,0,0,2,1,2,1,2,0,2,2,1,1,1,1,1,1,2,1,0,2,1,2,1,0,1,1,2,1,2,1,2,1,1,1,2,1,0,2,2,1,1,1,1,1,2,1,2,0,0,2,1,1,1,2,1,1,1,1,2,2,2,2,2,2,2,1,1
20221127,0,1,0,1,2,1,1,1,1,1,2,1,2,1,2,1,2,2,1,1,1,1,1,2,1,0,1,2,1,2,0,0,0,0,0,2,0,2,0,1,0,0,1,2,1,2,1,1,0,0,1,0,0,2,1,1,1,2,1,2,1,2,0,0,0,0,1,2,2,1,2,1,2,0,2,0,0,0,2,2,1,1,2,1,1,2,1,1,1,2,2,1,1,1,1,2,2,1,2,1,2,1,2,2,2,2,1,1
20221129,2,0,0,0,0,0,1,2,1,2,1,2,1,2,1,2,1,2,1,2,1,1,1,2,1,0,1,0,1,2,1,0,1,0,1,1,1,2,1,1,1,2,1,2,1,2,1,1,2,0,2,2,1,0,1,0,1,1,1,2,1,2,1,1,1,2,1,0,0,0,1,2,1,0,1,2,1,0,1,2,1,2,1,2,2,2,2,1,1,1,0,2,1,2,1,2,1,2,1,2,1,2,1,0,1,0,0,2
20221201,1,1,2,1,2,2,0,0,2,0,2,0,2,1,2,1,2,1,0,0,2,0,2,0,0,1,0,0,0,0,0,2,0,0,2,1,0,1,2,1,2,0,2,2,2,2,1,1,2,0,2,0,1,1,0,1,2,1,2,0,0,1,2,1,2,0,0,0,0,1,2,0,2,0,1,0,0,0,1,2,2,2,1,1,1,2,1,2,1,2,2,1,2,1,2,0,1,2,1,2,1,2,1,0,1,0,1,2
20221204,1,2,1,1,1,2,1,1,2,2,2,2,1,1,1,2,1,0,1,1,1,2,1,2,1,2,1,0,1,0,1,0,1,0,1,0,1,1,1,2,1,0,1,0,1,0,1,2,1,0,1,0,1,2,1,1,1,0,1,0,1,1,1,2,1,0,1,0,1,2,2,2,1,0,1,2,1,0,1,2,1,2,1,1,2,2,1,2,1,1,1,2,1,2,1,2,1,2,1,1,1,2,1,0,1,0,1,2
20221206,1,2,1,1,1,2,1,1,1,1,2,2,1,2,1,1,1,2,1,1,1,1,1,2,0,0,0,0,0,0,0,0,0,0,0,0,1,1,1,1,2,1,2,0,2,2,1,1,0,1,0,1,0,0,2,1,2,1,2,1,2,1,2,1,0,0,1,1,1,1,1,2,1,0,1,1,0,0,1,0,1,2,1,2,1,0,1,0,1,2,0,0,2,0,2,1,2,1,2,1,2,1,1,0,1,0,1,2
20221208,0,0,2,0,1,1,1,2,1,1,1,2,0,0,1,1,2,1,2,0,2,0,2,1,2,0,0,0,0,0,2,0,0,0,0,1,2,1,2,1,2,1,0,0,0,0,0,0,1,1,0,1,0,1,1,2,2,1,2,1,1,1,1,2,1,0,2,0,2,0,2,0,1,1,1,2,1,0,1,0,0,0,0,2,0,1,0,1,2,1,1,0,2,0,0,0,2,1,0,1,0,0,0,0,0,0,2,0
20221211,1,1,2,2,2,2,1,2,1,1,1,1,1,1,0,1,0,1,1,2,2,1,2,1,1,0,2,1,2,2,1,0,2,0,0,1,1,1,1,1,2,2,1,1,1,2,1,0,1,1,0,1,0,1,1,2,1,2,1,1,1,2,1,1,1,2,1,1,2,1,0,1,1,1,1,1,2,2,1,0,1,0,1,1,1,1,2,2,2,2,1,1,1,1,2,1,1,1,2,1,2,1,1,1,1,2,1,2
20221213,1,2,1,2,0,0,1,0,1,2,1,1,1,1,0,1,0,1,1,2,0,2,1,2,1,1,1,1,1,0,1,1,0,2,1,0,0,2,0,2,0,0,1,2,0,2,0,0,1,1,0,1,0,1,1,0,1,0,1,2,1,2,1,2,0,2,1,2,0,2,0,2,1,1,1,1,1,2,0,2,0,2,2,1,1,2,1,2,1,2,1,1,1,1,1,2,1,2,1,2,1,2,1,1,1,1,0,1
20221215,0,1,2,0,2,0,1,0,1,2,1,1,1,1,1,2,1,0,0,0,0,0,2,0,1,2,1,1,1,2,2,0,2,0,0,0,1,2,1,1,1,2,0,0,2,0,0,0,1,1,2,1,2,1,1,0,1,0,1,1,2,2,1,2,1,1,1,2,1,1,1,2,1,1,1,1,1,1,2,2,2,0,1,0,1,2,1,2,1,2,1,1,1,1,1,2,0,0,1,2,0,2,2,1,0,0,0,0
20221218,1,1,2,1,0,1,1,0,1,0,1,1,0,2,1,2,0,0,1,1,1,0,1,0,0,0,2,0,2,0,0,1,0,2,1,0,1,0,1,2,1,1,0,1,0,1,0,1,1,1,1,2,1,0,1,0,1,0,1,1,1,0,1,2,1,1,1,0,1,2,1,1,1,2,1,1,0,1,2,1,0,1,2,2,2,2,1,2,1,1,1,2,1,1,1,1,0,1,2,1,1,1,1,1,1,2,1,0
20221220,1,1,1,1,1,2,0,2,0,2,2,0,0,1,2,0,2,0,2,1,2,0,0,1,1,0,0,0,0,1,2,0,1,0,0,0,0,1,0,1,1,0,1,1,1,2,1,2,2,1,1,1,2,1,0,1,0,1,2,0,2,0,2,2,1,1,0,1,0,1,2,0,1,0,1,2,1,0,1,1,1,1,1,2,0,1,0,1,2,0,2,2,1,1,1,1,2,1,0,1,0,0,1,1,1,1,1,1
20221222,1,2,1,1,1,2,1,2,1,0,1,2,1,1,1,2,1,2,1,1,2,1,2,2,1,1,2,1,2,1,1,0,2,1,0,0,1,2,1,0,2,2,2,1,1,1,2,1,1,2,1,2,1,2,1,1,2,2,2,2,0,1,0,1,2,1,1,2,1,0,2,2,0,0,0,0,2,0,2,1,2,1,2,1,1,1,1,2,1,0,0,1,0,1,1,1,1,1,2,2,2,2,1,2,1,1,1,2
20221225,2,1,2,1,2,1,1,0,1,0,1,2,1,1,1,2,1,2,2,1,2,1,2,1,1,1,1,1,2,1,1,1,1,2,1,0,0,0,0,1,0,1,1,1,1,1,1,2,1,0,1,2,0,2,2,1,2,2,2,2,1,1,1,2,1,0,0,1,0,1,2,1,1,1,1,2,1,0,1,2,1,2,1,0,1,1,1,1,1,2,1,1,2,1,2,1,2,1,2,1,0,0,1,2,1,2,0,2
20221227,1,1,0,1,0,0,1,0,1,0,1,2,1,2,1,2,0,2,1,1,1,2,1,0,1,1,1,2,1,0,1,2,1,1,1,2,1,2,1,2,1,2,1,1,1,1,1,2,1,0,1,2,0,1,1,2,1,2,1,2,1,1,2,1,0,1,1,2,1,2,1,0,1,1,1,1,1,2,2,1,2,1,2,0,2,1,1,1,2,1,1,1,1,2,1,2,1,1,1,2,1,0,0,0,0,0,2,0
20221229,1,2,1,2,0,0,2,0,2,0,1,2,2,1,2,1,1,1,1,1,1,1,1,2,2,1,1,1,2,1,2,1,1,1,1,1,1,2,1,2,1,2,1,2,1,2,1,1,0,1,0,1,1,1,2,2,2,2,2,1,1,1,2,2,2,2,1,2,1,2,1,1,2,0,2,0,0,0,2,1,0,1,0,0,1,1,1,2,1,2,1,2,1,1,1,2,1,2,1,1,1,2,1,1,2,1,2,1
20230101,1,2,1,1,0,2,1,0,1,0,1,0,1,0,1,2,1,2,1,2,1,2,1,2,1,1,1,2,1,2,1,1,1,2,1,2,1,2,1,0,1,2,1,2,1,2,1,1,1,1,2,1,2,1,1,0,1,0,0,0,2,1,1,2,2,2,1,2,1,2,1,2,1,1,1,1,1,0,1,1,2,2,1,2,2,1,1,1,2,1,2,1,2,1,2,1,1,2,1,2,1,2,1,1,1,1,1,2
20230103,2,2,1,1,1,1,2,0,2,0,2,2,1,2,1,2,1,1,2,1,2,1,2,0,1,2,1,1,1,1,1,2,1,1,1,2,1,2,1,2,1,1,0,0,0,0,0,2,1,2,1,2,0,2,2,0,2,0,1,2,2,1,2,1,0,1,2,2,2,2,2,1,2,1,1,0,2,1,1,1,1,1,2,1,1,2,1,2,1,2,1,2,1,2,1,2,2,1,2,1,2,1,1,2,1,2,0,2
20230105,1,0,1,2,1,1,0,1,0,1,0,1,1,0,2,0,1,2,1,2,1,2,1,1,1,2,1,2,1,2,1,0,1,2,1,2,1,2,2,0,1,2,1,0,1,0,1,1,1,2,1,1,2,1,1,0,1,0,1,2,1,1,1,2,1,0,1,2,1,0,1,2,1,1,1,1,2,1,1,1,1,2,1,2,1,2,1,2,1,2,2,1,2,1,2,1,1,1,1,2,1,0,2,2,1,1,2,0
20230108,1,0,1,0,1,2,2,1,2,2,2,2,0,1,0,1,0,1,1,0,1,2,1,1,1,0,1,2,1,1,1,0,1,0,1,1,1,0,1,0,1,2,1,0,1,0,1,1,2,2,1,2,2,1,2,0,2,0,2,2,1,2,1,2,1,2,2,2,2,2,2,1,1,2,1,1,1,1,2,1,2,1,2,0,1,0,1,2,1,1,1,2,1,2,1,0,2,1,2,1,2,1,1,2,1,2,1,2
20230110,0,1,0,1,2,1,1,1,1,2,2,0,1,2,1,0,1,0,1,0,1,0,1,2,1,0,1,0,1,2,1,0,1,0,1,2,1,0,1,0,1,0,1,0,1,0,1,2,1,2,1,0,0,0,1,0,1,0,1,0,1,2,1,1,1,2,1,0,1,0,1,2,2,1,2,1,2,1,1,1,1,2,1,0,0,1,0,1,1,1,1,0,1,2,1,2,2,1,2,1,0,0,0,0,2,1,2,1
20230112,1,1,0,1,0,0,0,0,0,0,0,0,0,0,0,0,0,1,0,0,0,0,0,0,0,1,0,1,2,0,0,0,0,0,0,0,0,0,0,0,0,0,0,0,0,0,0,0,2,1,2,1,2,1,0,1,0,1,0,1,2,2,1,2,1,1,0,0,0,0,0,0,1,2,1,2,1,2,2,1,2,0,0,0,1,1,2,2,1,2,1,0,0,0,0,2,1,1,1,2,1,2,1,1,2,1,2,2
20230115,1,1,2,2,2,2,0,2,0,2,0,0,0,1,0,0,0,0,1,1,1,2,1,0,2,1,0,2,0,1,1,1,1,1,1,2,1,0,2,0,0,0,1,0,1,2,2,0,1,2,1,0,1,2,1,2,1,0,1,0,1,0,1,0,0,2,1,0,2,0,0,1,1,2,1,2,1,2,1,1,2,1,0,0,1,2,1,2,1,2,0,2,2,2,1,0,1,2,1,1,1,1,0,2,0,2,0,0
20230117,2,1,2,0,0,0,2,1,1,0,1,1,2,1,1,0,2,1,1,1,2,1,0,1,2,1,2,1,2,2,1,1,1,1,2,1,2,0,2,0,0,1,2,0,2,0,0,1,1,2,1,2,1,2,1,2,1,2,2,2,2,2,2,2,1,1,1,1,1,1,2,2,2,2,2,1,2,1,1,1,0,1,0,1,1,2,1,2,1,1,2,2,2,0,1,2,0,0,0,2,0,2,2,1,2,0,2,0
20230129,1,1,1,2,2,2,1,2,1,1,1,2,0,2,0,2,0,0,1,1,1,0,1,0,1,2,1,1,1,2,1,2,1,1,1,2,1,1,1,1,2,2,1,1,1,1,1,2,1,2,1,2,1,2,0,1,0,1,0,1,1,0,1,0,1,2,1,1,1,1,1,0,1,0,1,0,1,2,1,2,1,2,0,0,2,2,2,2,2,1,1,2,1,0,1,2,0,1,2,1,2,0,2,1,0,1,0,0
20230131,2,1,2,1,0,0,0,0,0,0,0,0,2,2,1,1,2,1,2,1,2,1,2,1,0,1,2,1,2,1,2,1,2,1,2,1,1,2,1,1,1,2,1,1,1,1,1,2,0,1,0,1,2,0,1,1,2,2,2,2,0,1,0,0,0,0,2,1,1,0,2,1,0,0,0,0,0,0,0,1,2,0,0,0,2,2,2,2,1,1,1,0,1,0,1,2,2,1,0,1,0,0,1,1,2,2,2,1
20230202,1,1,1,2,1,2,2,0,0,0,0,0,1,2,1,2,1,1,1,2,1,2,1,2,1,1,1,2,1,0,1,2,1,2,1,2,1,2,1,1,1,1,1,2,1,1,1,2,1,1,1,2,1,0,1,2,1,2,1,2,1,1,2,2,0,2,1,1,2,1,2,1,1,1,2,1,0,1,1,2,1,2,0,0,1,2,1,2,1,2,0,2,0,2,2,1,1,1,1,2,1,0,1,1,1,2,1,2
20230205,1,2,1,2,1,2,1,1,1,2,1,0,1,2,1,2,1,2,1,2,1,1,1,2,1,1,1,1,1,2,1,2,1,1,1,2,0,0,0,0,2,0,2,0,2,1,2,1,1,2,1,1,1,2,0,0,0,0,0,0,1,2,1,2,1,0,1,1,1,1,1,2,2,1,0,0,0,0,1,2,1,1,1,2,1,0,1,0,1,2,0,0,0,0,0,0,2,1,2,1,2,1,2,1,1,1,2,1
20230207,1,0,1,2,1,2,2,1,2,0,0,1,0,1,2,1,2,1,0,0,0,0,0,0,2,1,2,1,2,1,1,2,1,2,1,2,2,0,2,1,0,1,1,1,1,2,1,2,0,1,2,0,2,0,1,0,2,0,0,1,2,1,1,1,2,1,2,1,2,1,1,1,1,1,2,1,0,0,2,1,1,1,2,1,0,1,0,1,2,1,1,1,1,2,1,0,1,2,1,2,1,2,1,1,1,2,1,0
20230209,0,1,0,1,2,0,1,1,1,2,0,0,1,1,1,2,1,2,1,1,1,0,1,0,1,2,1,2,1,2,0,1,0,1,2,0,1,1,1,1,0,1,2,1,2,1,2,1,1,1,1,2,2,2,1,0,2,0,0,1,1,2,1,0,0,0,1,1,1,2,1,2,1,1,1,2,0,0,0,2,0,2,1,0,1,1,2,1,0,1,2,1,2,0,2,1,1,2,1,2,1,2,0,0,0,2,0,0
20230212,1,2,1,0,0,0,1,2,1,1,1,1,2,1,2,1,2,1,2,1,2,0,0,0,1,2,1,2,1,2,2,1,2,2,2,2,1,2,1,1,1,2,2,1,2,1,0,1,1,2,1,2,1,2,1,1,1,1,2,2,1,2,1,2,1,2,2,1,2,1,2,1,2,0,2,0,0,0,0,1,2,1,2,0,1,1,1,2,1,0,1,2,1,2,1,0,0,1,2,1,2,1,0,1,1,1,2,0
20230214,1,0,1,2,0,0,1,2,1,1,1,1,0,2,0,0,1,0,1,1,1,2,1,2,0,0,0,0,2,0,2,1,2,1,0,1,1,1,1,2,1,2,1,2,1,2,0,0,1,2,1,1,1,2,1,1,1,1,1,2,2,2,1,1,1,1,1,1,1,2,1,0,1,0,0,0,0,0,1,2,1,2,1,2,2,1,2,1,0,1,0,0,2,0,0,0,1,2,1,2,1,0,1,2,1,0,0,2
20230216,0,1,2,0,2,0,0,1,2,1,2,0,0,0,0,0,0,0,2,1,0,0,0,0,1,0,0,0,0,0,1,1,2,2,2,2,2,1,2,1,0,0,2,1,2,0,2,1,2,1,2,1,2,0,2,0,2,0,0,0,2,2,2,1,2,1,0,0,0,0,0,0,1,1,1,1,2,2,1,2,1,1,1,2,1,2,1,2,1,0,1,1,2,1,2,2,0,1,2,1,0,0,1,2,1,2,1,2
20230219,1,2,1,0,1,0,1,1,1,2,1,2,1,0,0,0,0,0,1,1,0,1,0,1,1,0,2,0,0,0,1,1,1,2,1,2,1,1,1,2,1,0,1,1,1,2,1,2,1,2,1,0,1,2,2,0,0,0,0,0,1,2,1,2,1,1,1,0,0,0,0,0,1,2,1,2,1,2,2,1,1,1,2,1,0,0,0,0,0,0,2,0,2,1,0,1,1,1,2,1,0,1,1,0,1,2,1,1
20230221,0,1,2,1,2,1,2,0,0,0,0,0,1,1,1,2,1,0,1,1,1,2,1,0,1,1,1,2,1,0,1,2,1,2,1,0,1,1,1,1,1,2,0,0,2,0,2,0,2,1,2,1,2,1,1,1,0,2,1,0,1,2,1,2,1,2,1,1,1,2,1,0,2,2,1,1,1,1,1,2,1,2,1,2,2,0,0,0,0,0,1,1,1,2,1,0,1,2,1,2,1,0,1,0,1,0,1,2
20230223,1,1,0,0,1,0,1,0,0,0,0,0,2,0,1,1,0,1,2,1,1,1,2,1,2,1,1,0,0,0,0,1,0,1,2,1,0,0,2,0,2,0,1,0,1,2,2,2,2,1,0,1,0,1,2,0,2,0,0,0,2,1,2,1,2,1,2,0,2,0,0,0,1,2,1,2,1,2,0,1,2,1,2,1,0,1,1,2,0,0,1,2,0,1,0,2,1,2,1,1,1,1,0,2,0,2,1,1
20230226,2,1,1,1,2,0,1,1,1,2,0,0,0,1,0,2,0,0,1,2,1,2,1,2,1,1,2,1,2,1,2,1,0,1,0,0,0,1,1,2,1,0,1,1,2,1,0,1,1,1,0,1,0,1,1,1,1,2,1,0,1,2,1,2,1,2,1,1,1,2,1,0,2,2,1,2,1,1,0,2,0,2,1,0,1,2,1,1,1,2,2,1,1,0,1,1,2,2,2,2,1,1,1,0,1,0,1,2
20230228,1,2,1,2,0,0,2,1,1,0,2,1,1,2,1,1,1,2,2,1,2,1,0,1,2,1,2,1,2,1,1,1,1,1,1,2,1,1,1,1,1,2,1,1,1,2,1,0,1,1,1,2,1,2,1,1,1,1,1,2,2,1,1,1,2,1,1,1,1,1,1,2,1,0,1,2,1,2,1,2,1,1,1,2,1,0,1,1,1,2,2,1,2,1,2,1,1,2,1,2,1,2,1,0,1,0,1,2
20230302,2,1,1,1,2,1,2,0,2,0,0,0,1,2,1,1,1,1,1,1,2,1,2,2,1,1,1,1,2,2,1,2,1,1,1,2,1,2,1,1,1,1,1,1,1,1,1,2,1,2,1,1,1,2,2,1,1,0,2,1,2,1,2,1,2,1,1,2,1,1,1,2,0,1,0,1,1,1,1,0,1,2,1,2,0,1,2,1,2,0,1,1,1,2,1,2,1,0,1,0,1,2,0,1,0,1,1,1
20230305,1,1,1,2,1,2,1,1,0,2,1,2,1,2,1,2,1,2,2,0,2,0,0,0,1,2,1,2,0,2,2,1,2,1,2,0,2,0,0,0,0,0,2,1,2,0,0,0,2,2,1,1,2,1,1,1,2,0,0,0,1,2,1,2,1,2,0,0,2,0,0,0,2,1,2,1,0,0,0,1,0,0,2,0,1,2,1,0,1,2,1,2,1,1,1,2,0,1,0,1,2,0,1,1,1,2,1,2
20230307,2,1,2,1,2,1,1,2,1,1,1,2,1,0,1,2,1,2,1,1,1,2,1,0,1,2,1,1,0,2,1,1,1,2,1,0,1,1,1,2,1,2,1,1,1,2,2,2,1,2,1,2,1,2,1,1,1,2,0,0,2,1,1,1,2,1,1,1,1,2,1,0,1,2,0,2,0,0,1,1,0,1,0,1,1,2,1,2,1,2,0,0,2,1,2,1,1,1,2,1,0,0,1,2,1,2,1,2
20230309,0,2,1,0,1,0,1,2,1,1,1,1,1,0,1,2,1,1,1,2,1,2,1,2,0,1,2,0,2,0,1,1,1,1,1,2,1,1,1,1,1,2,1,1,1,1,2,1,1,0,1,0,1,2,1,2,1,1,1,2,2,1,2,1,2,1,1,1,1,1,1,2,1,2,1,1,1,2,1,1,1,2,1,2,0,1,2,0,2,0,1,1,1,2,1,2,1,1,2,1,0,1,1,0,1,2,1,2
20230312,1,0,1,2,1,2,0,1,2,0,2,0,0,0,0,0,2,1,2,1,2,0,2,0,0,2,0,0,0,0,0,0,1,0,2,0,0,0,2,0,0,0,1,2,1,2,1,2,0,2,2,1,2,1,0,0,2,0,2,0,0,0,0,0,0,0,2,1,1,1,2,0,1,2,1,1,1,1,1,2,1,1,1,2,1,1,2,1,0,1,1,1,1,1,1,2,1,2,1,2,1,2,0,1,2,1,1,1
20230314,0,2,2,1,1,1,1,1,2,1,2,2,1,1,1,2,1,0,1,1,2,2,2,2,1,1,1,1,1,1,0,1,0,2,0,0,1,1,0,2,1,0,1,2,1,2,0,2,1,0,0,0,0,0,1,1,2,1,2,2,2,2,2,1,2,1,1,1,1,2,2,2,0,1,2,1,2,1,2,2,1,1,2,1,1,1,1,2,2,2,2,1,2,0,2,0,2,1,2,1,2,1,1,2,0,0,0,0
20230316,1,2,1,2,1,2,2,0,0,0,0,0,2,0,2,0,0,0,1,2,0,2,0,0,1,2,1,1,1,2,1,1,1,1,1,2,2,1,2,1,2,1,2,2,1,1,1,1,1,0,1,0,1,2,1,1,1,1,1,2,1,2,1,2,1,2,1,1,1,1,2,2,1,1,2,1,2,2,2,2,2,1,2,1,1,2,1,2,1,2,2,1,2,1,2,1,1,1,2,1,0,1,2,1,2,1,2,1
20230319,1,0,1,0,0,2,1,1,1,2,0,0,1,1,1,2,1,0,2,2,1,0,1,1,1,0,1,2,1,2,2,1,1,1,2,0,1,2,1,1,1,2,1,2,1,2,1,1,0,0,0,0,0,0,2,1,1,0,2,1,1,0,1,2,1,2,1,2,1,1,1,2,1,1,1,1,1,0,1,2,2,2,1,2,0,0,2,0,0,0,1,1,1,2,1,2,1,2,1,2,1,0,1,2,1,2,1,2
20230321,0,2,2,1,2,0,1,1,1,1,1,1,1,2,1,1,1,2,1,0,1,2,1,2,1,0,1,2,1,1,1,1,1,2,1,0,1,2,1,1,1,1,1,2,1,2,1,2,1,1,0,1,0,1,1,2,0,2,1,2,0,0,0,0,2,0,1,2,1,1,1,1,1,2,1,1,1,2,1,2,1,2,1,2,1,1,2,1,2,2,1,2,1,1,1,1,0,1,2,1,2,0,1,2,1,2,1,2
20230323,0,1,0,1,2,1,1,1,1,1,1,2,0,0,2,1,2,0,0,1,0,0,2,0,0,1,0,1,1,1,2,1,2,1,0,0,0,0,0,0,2,0,0,0,0,0,0,0,1,1,1,2,1,0,1,0,1,2,1,1,0,1,1,0,1,0,0,1,2,1,1,0,1,0,0,2,0,2,1,0,1,2,1,2,1,1,1,1,2,2,0,1,2,1,2,1,1,1,2,1,2,1,1,0,1,2,1,2
20230326,0,2,0,0,1,0,0,1,2,1,2,0,0,0,0,1,0,1,2,1,0,0,0,0,1,1,2,1,0,1,1,1,2,1,0,1,1,0,2,1,0,0,1,1,0,1,0,1,1,2,1,1,1,2,0,0,0,0,2,0,1,1,2,1,2,1,1,1,0,1,0,0,2,0,1,2,1,1,0,1,0,1,2,0,1,2,1,1,1,2,1,1,1,2,1,0,1,2,1,2,0,0,0,0,0,0,2,1
20230328,2,2,1,1,1,2,1,1,1,2,1,0,1,1,1,2,1,0,0,2,0,2,0,0,1,2,1,2,0,0,1,1,1,2,1,0,1,1,1,2,1,0,1,1,1,2,1,0,1,0,0,1,1,2,1,1,1,2,1,0,0,2,1,2,1,2,1,1,1,2,0,0,0,1,0,1,2,1,1,1,2,2,1,2,1,0,1,1,1,2,2,1,2,1,0,0,2,2,2,1,2,1,0,1,0,2,1,0
20230330,0,0,1,2,0,2,2,1,2,1,2,0,2,1,2,0,0,0,1,0,1,1,1,2,2,1,1,1,2,0,1,2,1,1,1,2,2,1,1,1,0,0,1,1,1,1,1,2,1,0,1,2,1,1,2,0,2,0,0,0,2,1,2,1,2,1,1,2,0,0,0,2,1,1,2,1,0,1,2,1,2,1,2,1,1,0,1,2,1,1,1,1,1,2,1,2,1,0,1,0,1,2,1,2,1,1,1,2
20230402,1,0,1,2,1,1,1,1,1,2,1,2,1,1,1,2,1,2,0,1,2,1,1,0,2,1,0,1,0,0,2,1,2,1,1,0,1,1,2,2,2,2,1,2,1,2,1,2,1,0,1,0,1,1,1,1,1,1,1,2,1,2,1,2,1,2,2,1,1,1,2,1,1,1,1,2,1,2,1,2,1,2,2,2,0,0,0,0,2,0,1,1,1,1,2,1,0,1,2,1,1,1,2,1,1,1,1,1
20230404,0,1,0,1,2,1,1,1,1,1,1,2,1,2,1,2,1,2,1,2,1,2,1,2,1,1,1,2,1,2,1,1,1,2,1,2,1,2,1,1,1,2,0,1,2,1,2,0,0,0,0,0,2,0,1,2,0,1,0,2,1,0,1,2,1,2,1,2,1,2,1,2,1,2,1,1,0,2,0,0,0,0,0,0,1,1,0,1,0,0,1,2,1,1,1,2,1,1,1,2,1,2,1,2,1,2,1,2
20230406,1,1,2,1,0,1,2,1,1,1,2,0,0,1,2,0,0,0,2,2,2,1,2,1,1,2,1,1,1,2,1,2,1,2,1,2,0,1,2,1,2,0,1,1,0,0,0,0,1,1,1,2,1,0,2,1,1,0,2,0,1,0,2,2,1,1,2,1,2,1,2,1,0,1,1,1,2,0,0,1,0,0,2,0,1,1,0,1,0,0,1,2,1,2,1,1,2,1,2,1,0,1,0,1,2,1,2,0
20230409,1,1,2,1,0,1,1,1,1,2,1,0,1,2,1,2,1,0,1,0,1,0,0,2,1,0,0,1,1,2,1,0,1,2,1,2,1,1,1,2,1,0,1,1,1,1,2,2,2,1,2,1,0,1,1,1,1,2,1,0,2,2,2,2,1,1,0,2,1,0,0,0,1,2,0,0,0,0,2,1,2,2,2,1,1,0,2,1,0,1,0,1,2,1,1,1,1,2,1,2,1,2,2,0,2,1,0,1
20230411,0,2,1,0,1,0,1,2,1,1,1,2,2,1,1,1,1,2,2,0,1,2,1,1,1,0,1,2,0,1,1,2,1,2,1,1,1,2,1,1,1,2,1,2,1,2,0,0,2,1,1,1,2,2,1,2,1,1,1,2,1,2,2,0,2,1,2,2,1,2,1,1,2,2,0,1,2,1,1,2,1,2,1,2,1,1,1,1,2,2,2,1,0,1,0,0,1,0,1,2,1,2,1,1,1,2,1,2
20230413,1,2,1,1,1,2,1,2,1,1,1,1,1,2,1,2,1,2,1,0,1,0,1,2,1,0,1,0,1,1,1,0,1,0,1,2,1,0,1,1,1,2,1,2,1,1,1,1,1,1,1,1,2,1,1,0,1,1,1,1,0,0,1,0,1,2,1,0,1,2,1,2,2,1,2,1,2,1,2,2,1,1,2,1,1,2,0,2,1,0,1,2,1,2,1,2,1,0,1,2,1,1,1,2,1,2,1,2
20230416,1,0,1,2,1,2,1,0,1,1,0,2,1,0,1,2,1,1,0,0,0,2,1,1,0,2,0,2,1,1,0,1,0,1,0,0,1,0,1,2,1,1,1,0,1,2,1,1,1,1,1,2,1,0,1,0,1,2,1,1,0,0,0,0,0,0,1,0,1,0,1,1,1,2,1,2,1,2,1,0,0,2,1,2,0,1,2,0,2,0,2,1,2,1,2,1,1,0,2,0,1,1,2,2,1,1,1,1
20230418,0,0,0,0,1,0,2,2,2,1,1,1,2,2,2,2,1,1,0,2,0,2,1,1,2,1,2,2,1,2,2,1,2,2,2,2,2,0,1,2,1,1,0,1,0,1,1,0,2,0,2,0,2,1,2,0,2,2,1,1,1,0,2,1,2,2,0,2,0,2,1,1,1,2,1,1,1,2,0,1,0,1,2,1,0,1,1,0,1,2,0,0,0,0,0,0,2,2,0,2,1,1,0,1,0,0,2,1
20230420,0,1,1,0,1,2,0,0,0,0,2,0,2,1,2,1,2,1,2,2,2,2,2,2,2,1,2,1,0,0,1,2,1,2,1,2,0,0,0,1,0,0,1,2,1,0,1,0,1,1,2,1,0,1,0,1,0,0,0,0,2,0,2,0,0,0,2,2,2,2,1,2,2,1,2,1,1,1,1,2,1,2,1,0,2,1,2,1,2,1,1,1,2,2,2,2,1,2,1,2,1,2,1,1,1,2,1,0
20230423,2,1,2,0,0,0,0,1,1,0,1,0,1,2,1,2,1,1,0,1,0,1,0,0,1,1,1,2,1,2,0,1,2,0,0,0,1,1,0,1,0,0,0,1,0,0,0,0,1,1,2,1,0,1,1,1,2,1,0,1,1,1,1,2,1,0,2,2,0,2,2,1,1,0,1,0,1,2,2,1,2,1,2,0,1,1,1,0,0,0,1,1,1,1,1,2,1,0,1,2,1,2,1,1,1,1,1,2
20230425,1,1,1,2,2,2,2,1,2,1,0,0,1,0,1,0,1,2,1,2,1,2,0,0,1,1,2,1,2,1,1,1,2,1,0,0,1,1,2,1,2,2,1,1,2,1,0,1,1,1,1,2,1,2,1,1,2,1,2,1,1,1,1,1,2,1,1,0,1,0,0,0,1,0,1,0,1,2,1,1,1,2,1,2,2,1,2,0,0,0,0,2,0,2,0,0,0,1,0,1,2,1,1,1,1,1,1,1
20230427,1,1,2,1,2,1,1,1,2,2,2,2,0,1,0,1,2,0,2,1,2,0,0,0,1,2,0,2,0,0,1,1,1,2,1,0,1,1,1,1,1,2,1,1,1,2,1,0,1,1,1,1,1,2,1,1,1,1,1,2,1,1,1,2,1,2,0,1,0,1,0,0,0,1,0,1,0,0,2,0,2,0,0,0,1,1,1,2,1,0,1,2,1,1,1,1,1,1,2,1,0,1,2,0,1,1,2,1
20230430,1,2,1,2,1,2,1,2,1,2,0,2,1,2,1,0,1,0,1,1,1,0,1,0,2,1,2,1,2,0,1,1,1,1,2,1,1,2,1,1,1,2,1,2,1,1,2,1,2,1,1,1,2,1,1,2,1,1,1,1,0,2,1,1,1,2,2,1,0,1,0,1,1,1,1,2,1,0,1,1,0,1,0,1,0,2,1,2,0,0,1,0,1,2,1,1,2,0,2,0,0,0,1,1,1,2,2,2
20230502,1,2,1,1,1,1,0,1,1,1,2,0,2,2,2,1,2,1,2,1,2,0,0,0,1,1,2,1,0,0,1,1,1,1,2,1,2,1,2,1,2,1,2,1,2,1,0,0,1,1,2,0,2,2,2,1,2,1,2,1,0,1,2,0,2,0,1,2,1,2,1,2,2,1,2,1,0,1,1,1,2,1,0,1,0,1,1,0,2,0,1,0,1,2,1,1,1,0,0,1,0,1,1,2,1,2,1,0
20230504,2,1,2,1,2,1,2,1,0,0,0,0,1,2,1,2,1,2,1,1,2,2,2,2,2,1,2,1,2,1,1,2,1,1,1,2,1,2,1,2,1,2,1,1,1,2,1,0,1,1,1,1,1,2,2,1,2,1,0,1,1,0,0,0,0,0,1,1,1,2,1,2,1,1,2,1,2,2,1,1,1,2,1,2,1,1,2,1,0,1,2,0,2,0,1,1,0,2,0,0,0,0,2,1,2,1,2,1
20230507,0,2,1,0,0,0,1,1,1,2,0,0,1,0,1,2,1,2,1,2,1,2,1,2,1,2,1,2,1,0,1,2,1,2,1,1,1,0,1,2,1,2,1,2,1,2,0,0,1,2,0,1,0,2,0,2,0,2,0,0,1,1,1,2,0,0,1,2,1,2,1,2,1,1,1,1,2,2,2,1,2,1,0,0,1,2,1,2,0,0,1,0,1,0,1,2,2,1,2,0,0,0,1,1,1,2,1,0
20230509,0,1,2,1,2,0,1,2,1,2,1,2,1,0,1,2,1,1,1,2,1,1,1,2,1,2,1,1,1,2,1,0,1,2,1,1,1,0,1,0,1,2,1,2,1,1,0,2,0,1,2,0,2,0,1,2,1,1,0,2,2,1,2,0,0,0,1,2,1,2,1,2,0,2,0,2,1,2,1,2,1,2,1,2,2,1,1,1,2,1,0,2,0,2,2,1,1,1,2,1,2,1,2,1,2,1,2,1
20230511,1,2,1,2,1,2,2,1,2,1,2,0,2,0,2,2,1,1,1,0,1,2,1,2,1,0,1,2,0,2,1,0,1,0,1,1,0,2,2,2,1,1,2,2,1,1,1,0,1,1,1,0,1,0,1,2,1,1,1,1,1,1,1,0,1,0,1,0,1,2,1,1,2,2,1,1,1,1,1,2,1,1,1,2,1,1,2,2,1,2,1,2,2,0,2,2,1,2,1,2,1,2,1,1,1,0,2,2
20230514,1,0,1,2,1,2,1,2,1,2,1,2,1,0,1,0,1,2,1,0,1,2,1,1,1,0,1,0,1,1,2,0,2,0,1,1,1,0,1,0,1,2,0,1,0,1,2,0,1,1,1,1,1,2,1,0,1,2,1,1,1,1,2,1,2,1,1,0,1,2,1,1,1,2,1,2,1,2,1,2,1,1,1,1,1,2,1,2,1,2,0,1,0,1,0,1,1,0,1,2,0,2,2,0,2,1,2,1
20230516,2,2,2,2,2,1,1,2,1,2,1,2,0,0,0,0,1,2,1,0,1,0,1,1,1,0,1,0,1,1,1,0,1,0,1,0,2,0,2,0,1,1,1,1,1,2,1,0,0,0,0,2,0,2,0,2,2,1,2,0,1,2,1,2,1,2,1,0,1,0,1,1,0,1,2,1,2,0,1,0,0,0,0,2,1,2,1,1,2,1,1,2,1,2,1,2,0,1,0,1,2,0,1,1,1,2,1,0
20230518,1,0,1,0,1,2,1,0,1,2,1,2,0,1,0,1,2,1,0,2,0,2,2,1,0,0,2,0,1,1,1,0,1,0,1,2,2,0,2,0,1,2,1,2,1,0,1,0,2,2,2,1,1,1,1,0,1,0,1,2,1,0,1,2,1,1,0,2,0,2,1,1,1,1,2,2,2,2,1,0,1,0,0,1,2,1,2,0,2,0,2,1,2,1,0,1,1,2,1,2,1,0,2,1,2,1,2,1
20230521,2,0,2,0,2,2,1,0,1,2,1,1,2,1,2,2,1,2,2,2,2,0,1,2,2,2,2,2,2,2,0,0,0,0,0,0,1,0,1,0,1,2,2,1,1,1,2,0,1,2,1,2,1,2,2,2,2,2,1,2,2,0,2,2,1,1,1,2,1,0,1,2,1,1,1,1,2,1,0,2,0,2,1,1,1,1,1,2,1,2,1,1,1,2,1,0,2,1,1,1,2,1,1,2,1,2,1,2
20230523,1,0,1,0,1,0,1,0,1,0,1,1,1,1,1,1,1,2,1,0,1,0,1,2,1,0,1,0,1,0,1,1,1,2,1,0,1,0,1,0,1,0,1,2,1,0,1,0,2,1,2,1,1,1,0,0,0,0,0,2,2,2,2,2,1,1,1,2,1,0,1,2,1,2,1,2,1,2,0,1,0,1,0,1,1,2,1,2,1,2,2,1,2,1,2,1,1,2,1,2,1,2,1,2,1,1,2,1
20230525,1,0,1,0,1,2,2,0,2,2,1,1,0,0,2,0,0,0,0,0,0,0,0,0,0,0,0,0,0,0,2,1,2,0,0,0,0,0,0,0,0,2,2,2,1,1,1,1,1,2,1,2,1,2,0,2,0,2,2,1,1,0,1,0,1,2,0,0,0,0,0,0,2,2,1,1,2,1,1,1,1,2,1,2,1,2,1,2,0,2,2,1,2,1,0,1,2,1,1,1,2,1,2,2,2,1,2,0
20230528,1,0,1,0,1,0,0,0,2,0,1,2,1,1,1,2,1,0,1,0,0,1,0,1,1,1,1,0,0,0,1,0,0,0,0,1,1,1,2,2,1,0,1,2,1,2,1,2,1,0,1,2,1,1,1,0,1,0,1,0,0,1,0,0,2,1,1,1,1,2,1,0,1,2,1,2,1,2,2,1,2,1,2,1,2,2,1,1,1,1,0,2,0,2,0,0,1,0,1,2,1,2,1,2,2,0,1,2
20230530,1,0,1,0,1,0,1,0,1,0,1,2,1,2,1,1,1,2,1,1,1,2,1,0,1,2,1,1,1,2,1,1,1,2,1,0,1,2,1,2,1,0,1,0,1,2,0,2,1,2,1,0,1,2,1,0,1,0,1,2,1,1,1,2,1,0,1,2,1,1,1,2,2,1,2,1,2,1,1,1,1,2,1,2,2,2,2,1,1,1,1,2,0,1,0,2,1,0,1,0,0,1,0,0,0,0,1,2
20230601,1,0,1,0,1,0,1,0,1,0,1,0,0,0,0,1,0,2,1,2,1,1,1,2,1,2,1,1,1,2,1,1,1,1,1,2,1,2,1,2,1,2,1,0,1,0,1,1,0,0,0,1,0,1,1,0,1,0,1,2,1,1,1,2,1,0,1,2,1,1,1,2,1,2,1,2,1,0,2,1,1,1,2,1,1,0,1,0,0,2,0,1,2,1,2,0,0,1,0,1,1,1,0,0,0,0,0,0
20230604,0,2,0,2,0,2,2,0,1,0,1,2,0,1,2,1,1,0,2,1,2,0,2,1,1,2,1,2,1,2,1,2,1,1,1,1,2,0,1,2,1,1,2,0,1,0,1,1,2,1,0,0,0,1,1,0,1,0,1,2,2,1,1,0,2,1,0,0,2,0,2,0,1,2,1,1,1,2,1,2,1,2,1,0,0,1,0,0,2,0,1,0,0,1,0,0,2,2,2,2,1,2,1,1,0,1,0,0
20230606,1,0,1,0,1,0,2,0,2,0,2,2,1,1,2,2,2,2,0,2,0,0,0,0,1,0,1,2,1,2,1,0,1,1,1,1,1,2,1,2,1,2,1,0,1,0,1,2,1,1,1,2,1,0,1,0,1,0,1,2,1,2,1,2,1,2,1,1,1,2,1,0,2,2,2,1,2,1,2,1,1,1,1,1,1,2,1,0,1,0,1,1,2,1,0,1,1,2,1,2,1,2,1,1,1,2,1,0
20230608,0,0,0,0,0,0,1,0,1,0,1,0,1,2,1,2,1,2,2,1,2,1,2,1,1,0,1,2,1,1,1,0,1,2,1,1,2,2,2,2,2,1,2,0,2,0,2,2,1,2,1,1,1,2,1,0,1,0,1,0,0,0,0,0,2,1,1,1,1,1,2,1,1,2,1,0,1,2,1,2,1,2,1,2,2,1,2,1,2,1,1,1,1,1,2,2,2,2,2,1,2,1,1,1,1,1,1,2
20230611,1,0,0,0,0,0,1,0,1,0,1,0,1,2,1,1,1,2,1,2,1,2,0,2,0,0,0,0,0,0,0,1,0,1,2,0,1,0,1,0,1,0,2,0,2,0,1,2,0,1,2,0,2,0,2,0,0,0,1,2,1,1,1,2,2,2,1,2,1,2,1,2,2,2,2,1,2,1,1,2,1,2,1,2,1,2,1,0,0,0,1,2,1,1,1,2,2,1,0,2,2,1,1,2,1,1,1,1
20230613,1,0,1,1,1,0,1,0,1,0,1,0,0,0,2,0,2,0,0,0,2,0,2,0,1,1,1,2,1,0,1,1,1,2,1,2,0,0,0,0,0,0,0,0,0,0,0,0,1,1,1,2,1,2,1,0,1,0,1,0,0,2,0,0,0,0,0,0,0,0,0,0,1,2,1,0,0,2,1,0,1,2,1,2,2,1,1,1,2,1,2,1,1,1,2,1,1,2,2,2,2,2,2,1,2,1,2,1
20230615,1,1,1,1,1,2,0,2,0,2,0,1,1,0,2,2,2,2,1,1,2,2,2,2,1,1,1,1,1,2,1,1,1,1,1,2,1,1,1,1,1,2,1,1,1,2,0,0,1,1,1,1,1,2,2,0,2,0,2,0,0,0,0,0,0,0,1,0,2,1,0,1,1,0,1,0,1,2,0,1,2,1,2,1,1,2,1,2,1,2,1,1,1,2,0,0,2,1,0,1,2,1,1,0,1,2,1,2
20230618,1,2,1,1,1,1,1,2,1,0,1,0,1,1,1,1,1,2,1,1,2,1,2,1,1,1,1,1,1,1,1,2,1,1,1,2,2,1,1,1,0,1,2,1,2,0,0,0,1,2,1,2,1,2,0,1,0,1,0,1,1,1,1,0,1,0,1,1,1,2,1,0,0,1,0,1,2,0,0,1,0,1,2,1,0,1,2,1,2,0,1,2,1,2,0,0,1,1,1,1,2,2,0,1,0,0,2,0
20230620,2,2,1,1,1,1,1,0,1,0,1,0,0,0,1,1,1,2,1,2,1,2,1,2,1,2,1,2,1,2,1,2,1,2,1,1,1,1,1,1,1,0,1,0,0,1,0,1,1,0,1,2,1,2,2,1,2,2,2,2,1,2,1,1,1,2,1,2,1,1,1,2,1,1,0,1,0,1,1,1,1,2,1,0,1,1,2,2,2,2,0,1,2,1,2,0,1,2,1,2,1,0,1,1,0,1,0,1
20230622,2,1,2,1,2,1,0,2,0,2,2,1,0,1,2,0,2,0,2,2,1,1,1,1,0,1,2,1,1,1,1,0,1,2,1,1,2,1,1,1,1,1,1,1,1,1,2,2,2,0,2,2,1,1,2,0,0,1,0,1,2,2,1,1,1,1,2,1,1,0,2,1,1,1,2,2,2,2,1,2,1,1,1,1,1,2,1,1,2,1,1,1,2,2,2,2,2,1,1,1,1,1,1,1,2,1,0,1
20230625,1,2,0,2,1,2,2,2,0,2,2,1,1,2,1,2,1,1,1,2,1,2,1,2,1,2,2,2,2,1,1,0,1,0,1,1,2,1,1,1,2,1,1,1,1,1,2,2,1,0,1,0,1,2,1,1,1,1,1,2,1,2,1,2,1,2,0,0,0,0,0,0,1,1,1,1,2,2,2,1,1,1,2,1,1,0,0,2,0,0,1,1,1,2,1,2,1,2,1,2,1,2,1,1,2,1,2,1
20230627,1,2,1,2,1,2,0,0,1,0,1,2,2,1,0,1,0,0,1,0,1,2,1,2,0,1,0,1,0,0,0,0,0,0,2,0,1,1,1,1,1,2,1,1,1,1,1,2,0,1,0,0,2,1,1,2,1,1,1,2,1,0,1,2,1,1,1,1,1,2,1,0,1,2,1,2,1,2,1,2,1,2,1,2,1,0,1,1,0,1,1,2,1,1,1,2,2,1,2,1,2,1,2,1,2,1,2,1
20230629,0,0,0,0,0,0,0,0,0,0,0,0,1,2,1,0,1,0,0,1,0,0,2,1,1,1,1,0,1,0,1,1,1,2,1,0,1,2,1,1,1,2,1,2,1,2,1,2,1,1,1,2,2,2,1,2,1,1,1,2,1,0,0,0,1,1,1,1,1,2,1,0,0,1,2,1,2,1,1,2,1,2,1,2,1,0,1,2,1,1,0,0,1,2,0,2,1,2,1,2,1,0,1,1,1,1,2,2
20230702,1,1,1,2,1,0,1,0,1,1,1,2,1,2,1,2,1,2,1,1,1,2,1,0,1,1,1,1,1,2,2,1,1,0,2,1,1,2,1,1,1,1,1,0,1,2,1,1,1,1,1,2,1,2,1,2,1,2,1,1,0,2,0,2,2,0,1,2,1,1,1,2,1,2,1,2,1,2,1,0,1,2,1,1,2,0,2,0,1,1,0,1,0,1,1,0,1,0,0,1,0,2,0,2,1,2,1,2
20230704,2,0,1,0,2,1,1,1,1,1,1,2,0,1,0,1,2,1,1,1,1,1,2,1,1,2,1,1,1,1,1,1,1,1,1,2,1,0,1,2,1,1,1,0,1,0,1,1,2,1,1,1,2,1,1,0,1,0,1,2,0,0,0,0,0,1,2,1,1,1,2,1,1,0,1,2,1,2,0,0,1,0,0,2,1,0,1,0,1,2,1,1,1,0,1,0,0,1,2,1,2,0,1,2,1,2,1,1
20230706,1,1,1,1,1,2,2,0,1,0,2,1,1,2,2,2,2,1,1,2,1,1,1,2,2,2,2,1,1,1,2,1,2,0,0,0,0,1,0,1,2,0,0,2,0,2,2,1,2,0,0,0,0,0,0,2,0,2,2,1,1,1,2,2,2,2,1,1,1,2,1,2,0,1,2,1,2,0,0,2,0,2,1,1,1,0,1,0,1,2,2,1,2,1,0,0,1,1,1,0,1,0,1,0,1,0,0,2
20230709,2,0,2,0,0,0,2,0,2,0,2,1,0,0,0,0,0,0,2,1,1,1,2,1,1,2,1,2,1,2,1,1,1,2,2,2,2,2,2,2,2,0,1,2,1,0,1,2,1,0,0,0,0,1,1,2,1,0,1,2,1,1,1,1,1,2,2,1,2,1,2,1,2,1,0,0,0,0,2,2,2,2,2,2,0,2,0,2,2,1,1,1,1,2,1,0,2,1,2,0,0,1,0,2,2,1,1,1
20230711,1,0,2,1,2,1,1,1,1,1,1,2,1,1,1,2,1,0,1,2,1,2,1,2,2,2,2,1,2,1,1,1,1,1,1,2,1,2,1,2,1,2,2,2,2,2,1,2,1,1,1,2,1,0,0,0,0,0,2,1,2,0,2,0,2,1,1,1,1,2,1,2,1,1,1,0,1,0,1,2,1,0,1,0,2,2,2,0,1,2,2,0,2,0,0,0,2,1,2,0,0,0,2,2,2,2,2,1
20230713,1,1,1,1,1,0,1,1,1,1,1,2,1,1,1,1,1,2,1,0,1,2,1,2,2,1,2,2,1,2,1,1,1,1,1,2,1,2,1,2,1,2,0,0,0,0,2,1,1,2,1,2,1,0,2,0,2,0,0,0,1,1,1,2,1,0,1,2,1,2,1,2,2,1,1,1,0,1,1,0,1,0,1,2,2,2,2,0,1,2,1,1,1,2,1,0,1,1,1,2,1,2,2,0,0,1,0,0
20230716,2,0,2,0,0,0,2,1,1,0,2,0,2,1,1,0,2,1,0,1,0,1,2,1,2,1,2,2,2,2,2,1,2,0,0,0,0,0,0,0,0,0,1,1,2,0,0,0,0,1,2,0,0,0,2,0,2,0,0,0,1,2,1,1,1,2,0,1,2,1,2,0,1,1,1,2,1,0,0,1,0,1,0,1,2,0,2,0,1,2,2,1,1,1,0,1,1,2,1,1,1,2,1,1,1,2,2,2
20230718,1,0,0,0,0,1,1,1,1,1,1,1,1,1,1,2,1,2,1,1,1,2,1,0,1,2,1,2,1,2,2,1,0,0,0,0,1,1,1,2,1,2,1,1,1,1,2,2,2,1,0,1,0,1,1,0,1,1,1,0,1,2,1,1,1,1,1,1,1,2,1,0,1,2,1,1,1,2,1,1,1,2,1,2,0,1,0,1,2,2,1,1,2,1,2,1,1,0,1,2,0,2,0,2,1,2,1,0
20230720,1,0,1,2,1,2,0,0,2,1,2,1,1,1,1,1,2,1,2,1,2,1,2,1,1,2,1,1,1,2,1,1,2,1,0,0,2,1,2,1,2,1,1,1,1,1,1,2,1,2,1,2,1,0,1,1,1,0,2,1,1,2,1,2,1,2,1,1,2,1,2,1,1,2,1,1,1,1,2,0,2,1,2,1,1,2,2,2,1,2,1,2,1,2,1,2,1,0,1,0,1,1,0,1,2,1,2,0
20230723,1,1,1,1,1,2,1,1,1,1,1,2,1,2,1,2,1,2,2,1,1,1,2,1,0,0,0,0,2,1,1,1,1,2,2,2,1,1,2,1,2,1,2,1,1,1,0,0,1,2,1,1,0,2,2,1,2,0,2,1,1,0,1,2,1,1,1,2,1,2,2,2,2,1,2,1,1,1,0,1,0,2,1,0,2,2,2,2,1,2,2,1,2,1,2,0,0,0,0,1,2,1,1,2,1,2,0,0
20230725,1,2,1,1,1,1,1,1,1,1,1,2,1,2,1,2,1,2,1,2,1,2,1,0,1,1,1,2,1,0,1,1,1,2,1,2,1,1,1,1,1,2,1,1,1,2,1,0,0,0,2,0,2,0,1,1,1,1,1,2,0,0,0,0,2,0,1,2,1,2,1,2,1,2,1,2,1,2,2,1,1,1,2,1,1,0,1,2,1,2,1,1,2,1,2,2,0,2,1,0,1,0,1,2,1,1,0,2
20230727,0,0,0,0,1,0,0,0,2,0,0,0,2,2,2,1,2,1,0,0,0,0,0,0,1,1,1,1,0,1,2,1,2,0,0,0,0,0,2,0,2,0,2,0,2,0,0,0,1,0,0,1,0,0,0,0,0,0,2,0,1,1,2,2,2,2,0,1,2,1,2,0,1,0,1,2,1,2,1,2,1,2,1,2,1,0,1,2,0,2,1,1,2,1,1,2,1,2,1,2,1,2,0,1,2,0,0,0
20230730,1,1,2,1,2,2,1,1,0,0,0,0,1,0,1,0,1,2,1,1,2,2,2,2,1,1,1,2,1,0,1,1,1,0,1,0,1,0,2,0,0,1,1,1,0,1,0,1,1,1,1,0,1,0,0,1,0,2,0,0,1,1,1,2,1,2,2,1,0,1,0,0,1,0,1,0,1,2,1,2,1,1,1,1,1,0,1,0,1,1,1,2,1,1,1,2,2,2,2,2,1,2,1,1,1,2,1,0
20230801,1,1,1,1,1,2,1,1,1,2,1,2,1,0,1,0,1,2,1,2,0,2,0,0,1,2,1,1,1,2,2,1,2,0,0,0,1,1,0,2,1,0,1,1,2,1,0,0,1,2,1,1,1,2,1,1,1,1,1,2,2,1,1,0,0,1,1,1,1,2,1,0,1,0,1,0,1,1,2,2,2,2,1,1,1,0,1,0,1,1,1,2,1,1,1,1,1,0,1,0,1,2,0,0,0,0,0,0
20230803,1,2,1,1,1,2,2,0,2,0,0,0,0,0,0,0,0,0,1,2,1,1,1,2,0,0,2,0,2,0,2,0,0,0,0,0,2,1,2,0,0,0,1,1,1,2,0,0,2,2,1,1,1,1,0,0,2,0,0,0,2,1,2,0,0,0,2,0,2,0,0,0,0,1,0,1,2,1,1,2,1,2,1,2,1,0,0,0,1,2,1,0,0,0,0,2,0,1,2,1,2,1,1,1,1,2,2,0
20230806,1,2,1,1,1,1,1,1,1,2,1,0,1,1,1,2,2,2,0,0,2,0,2,1,1,1,1,0,1,0,1,1,2,1,0,0,1,1,2,1,0,1,2,1,1,1,2,0,1,0,1,0,1,2,1,0,2,1,0,1,1,1,1,2,1,0,1,1,0,1,0,1,1,1,1,2,1,2,1,2,1,2,1,2,1,0,1,0,1,2,0,1,0,0,2,0,1,1,1,2,1,0,1,1,1,1,2,2
20230808,1,2,1,2,1,1,1,1,1,1,1,2,1,1,1,2,1,0,1,1,0,0,0,0,2,0,2,0,0,0,1,1,1,2,1,0,1,1,1,2,0,0,1,2,1,2,1,0,1,0,1,0,1,2,1,1,1,2,1,0,1,2,1,1,1,2,1,1,1,2,1,0,1,1,2,1,2,1,1,0,1,0,1,2,0,2,0,2,0,1,1,1,0,1,0,0,0,0,2,0,0,1,1,2,1,2,0,2
20230810,2,2,0,1,1,1,0,0,1,0,2,0,1,2,1,1,1,2,1,1,0,1,0,1,1,1,1,2,1,0,1,2,1,1,1,2,2,0,2,0,0,0,0,1,2,0,2,0,1,0,1,0,1,1,2,0,2,0,0,0,1,2,1,2,1,2,1,2,1,1,1,2,1,2,1,2,1,2,0,0,1,0,1,2,1,0,1,0,1,0,1,2,1,2,1,0,0,1,1,2,1,0,0,1,2,1,1,1
20230813,1,0,0,0,1,2,1,1,1,2,1,0,0,0,2,0,0,0,2,1,0,0,0,0,2,1,2,0,0,0,0,1,2,1,2,0,1,1,1,2,1,0,1,1,1,2,1,0,0,2,0,2,2,1,1,1,0,2,1,0,1,0,1,2,1,2,0,0,2,0,2,0,1,2,1,0,1,2,0,0,0,2,2,1,0,0,0,0,0,1,1,2,1,1,1,2,2,1,1,0,2,1,2,1,2,1,0,0
20230815,0,1,0,0,0,0,1,1,2,1,0,0,1,0,0,1,0,1,1,1,2,2,2,2,1,1,1,0,1,0,1,1,0,1,0,1,1,1,2,0,0,1,2,1,1,1,2,1,1,0,1,0,1,0,1,1,1,1,0,0,1,0,1,2,1,1,1,1,2,2,2,2,0,1,2,1,2,1,1,0,1,0,1,2,1,0,0,0,0,0,1,2,1,1,1,1,1,2,0,0,0,0,1,1,1,2,1,2
20230817,1,1,2,2,2,2,1,1,2,1,2,1,1,1,1,2,1,0,1,1,1,1,2,1,2,1,2,1,0,1,1,1,1,2,1,2,1,1,1,1,2,2,1,1,1,2,1,2,0,2,0,2,2,1,2,1,2,1,0,1,0,2,0,2,1,1,1,1,2,1,2,2,1,1,1,2,2,2,1,0,2,0,1,0,1,0,1,1,1,0,2,1,2,1,1,1,0,0,0,0,2,0,0,0,2,0,0,0
20230820,1,1,1,2,1,2,1,1,1,1,1,2,1,1,1,1,1,2,1,2,1,1,1,2,1,1,1,1,1,2,1,1,1,1,1,2,1,1,1,2,1,2,1,2,1,1,1,2,2,1,0,2,2,1,1,1,1,1,1,2,1,2,1,0,1,2,1,2,1,1,1,2,1,2,1,2,2,1,0,0,0,0,0,0,1,1,1,1,1,2,2,1,0,1,0,0,1,2,1,0,1,0,1,1,1,2,1,0
20230822,1,1,1,1,1,2,2,1,2,1,2,1,2,1,1,1,2,1,2,1,1,1,2,1,0,0,2,0,0,0,2,1,1,1,2,0,2,1,1,1,2,1,1,2,1,1,1,1,1,0,1,0,0,0,2,1,1,1,2,0,0,0,0,0,0,0,2,1,1,1,2,1,1,2,1,2,1,2,1,0,2,0,0,1,2,1,1,0,2,1,1,2,1,2,1,0,2,0,2,0,0,0,1,1,1,0,0,0
20230824,0,0,2,0,2,0,2,1,2,1,2,1,1,2,1,2,1,2,1,2,1,2,1,2,1,1,1,2,1,2,1,1,1,2,1,2,1,1,1,2,1,2,1,2,1,2,1,2,0,0,0,0,0,0,1,1,1,1,1,2,1,1,2,2,2,2,1,2,1,2,1,2,0,1,0,1,2,1,1,1,1,1,1,0,1,1,1,1,1,2,2,1,1,1,2,1,1,1,2,1,2,2,2,1,0,0,0,0
20230827,1,1,1,2,2,2,1,1,2,1,2,1,2,1,2,0,0,0,2,1,2,1,2,1,1,2,1,1,1,2,1,2,1,2,1,2,2,1,2,1,2,1,1,0,1,2,1,1,1,0,0,0,0,1,1,1,1,1,1,2,1,1,1,1,2,2,0,1,0,1,2,0,1,1,1,2,1,2,2,0,1,0,2,1,2,1,2,0,2,1,1,2,1,0,0,0,2,1,1,1,2,1,1,1,1,2,1,0
20230829,1,1,1,1,2,1,1,1,1,1,1,2,1,1,2,2,2,2,1,2,1,2,1,2,1,2,1,1,2,1,1,2,1,1,1,2,1,2,1,1,1,2,2,0,2,2,1,1,1,1,0,2,1,2,1,1,1,1,1,2,1,1,1,1,1,2,1,1,1,2,1,2,1,1,1,1,1,2,1,0,2,1,0,1,1,2,1,2,1,2,0,1,2,0,0,0,1,1,1,2,1,0,1,2,1,1,1,1
20230831,1,1,1,2,1,0,1,2,1,1,1,2,1,1,1,2,1,2,0,1,2,1,2,1,1,2,1,2,1,2,2,1,2,1,2,1,1,2,1,2,0,2,1,0,1,0,0,2,1,2,1,1,1,2,1,2,0,1,0,2,1,1,1,1,2,1,1,2,1,2,1,2,1,1,1,1,2,1,1,1,2,1,2,1,2,1,2,1,2,1,1,1,2,2,2,2,1,2,1,1,1,2,0,0,2,1,0,0
20230903,2,1,2,0,0,0,0,1,2,1,2,0,2,0,2,0,0,0,1,2,0,2,0,0,0,1,0,0,2,0,2,1,2,1,2,1,0,1,0,0,2,0,0,1,0,1,2,1,1,2,1,1,1,1,0,1,0,0,2,0,1,2,1,1,1,1,1,0,1,2,1,2,1,1,2,1,2,1,1,2,1,1,1,2,1,1,1,1,1,2,0,2,1,2,0,0,0,1,2,0,2,1,1,1,1,2,1,2
20230905,1,1,2,1,2,1,1,1,1,2,1,2,1,0,0,0,0,0,1,2,1,1,1,2,1,1,0,1,0,1,2,1,2,1,2,1,2,1,0,1,0,0,1,1,2,2,2,2,2,1,2,1,2,1,1,0,0,0,0,0,1,2,1,2,1,2,0,1,2,1,1,1,1,2,1,2,1,2,1,2,1,1,1,1,1,2,1,1,1,2,1,0,1,1,1,2,1,1,2,1,0,1,1,2,1,1,1,2
20230907,1,1,1,1,1,2,1,1,1,1,1,2,1,1,1,0,0,0,1,0,1,2,1,2,1,1,1,2,1,0,1,2,1,2,1,2,1,1,1,2,1,0,1,2,1,2,1,2,1,2,1,0,1,2,1,1,0,2,0,0,1,0,1,2,1,1,1,0,0,0,1,2,1,2,1,2,1,1,1,2,1,2,1,2,1,2,1,1,1,1,2,2,2,1,1,1,1,1,1,2,1,2,2,1,1,1,2,1
20230910,1,1,1,1,1,2,1,2,1,1,1,1,1,2,1,1,1,2,1,0,1,0,1,1,2,1,1,1,2,0,1,0,1,2,1,2,1,2,1,1,1,2,2,1,1,1,2,1,1,0,1,2,0,2,1,1,1,1,2,1,1,0,1,0,1,2,2,2,2,2,2,1,1,0,1,0,1,2,2,2,1,2,1,1,1,0,1,2,1,2,1,2,1,0,0,0,2,1,2,0,2,1,1,1,1,2,0,0
20230912,1,2,1,1,1,1,2,2,1,1,1,1,0,1,1,1,2,0,0,2,0,2,1,1,1,1,1,2,1,2,2,0,1,2,1,1,2,1,1,1,1,2,2,1,2,0,2,1,1,0,1,0,1,1,2,1,2,1,2,1,1,0,1,0,1,1,1,2,2,2,2,1,0,0,0,0,2,0,1,0,1,0,1,2,0,0,0,0,0,0,1,0,1,2,1,2,1,1,2,1,0,1,1,2,1,1,1,1
20230914,2,2,2,1,1,1,2,1,2,1,2,0,1,1,1,2,1,2,1,2,1,2,1,2,1,2,1,1,1,2,1,0,1,0,1,2,1,1,1,1,1,1,1,1,1,1,1,2,1,0,1,0,1,1,1,2,1,1,1,1,1,0,1,0,1,2,1,0,1,0,2,2,1,0,0,1,0,1,1,0,1,0,1,1,1,0,0,1,0,1,0,1,0,1,2,0,1,1,2,1,2,1,1,2,1,1,1,2
20230917,1,2,1,2,1,2,1,2,1,2,1,2,1,2,1,2,1,2,1,0,1,2,1,2,1,2,1,1,1,1,2,0,2,0,1,1,1,2,1,1,0,2,1,2,1,1,0,2,0,1,0,1,2,1,1,2,1,2,1,2,0,2,0,2,0,1,1,0,1,0,1,0,1,1,1,2,2,0,2,0,2,0,1,2,1,1,1,1,2,2,1,1,1,0,1,2,1,2,1,2,1,2,0,1,2,1,2,0
20230919,1,0,1,2,1,2,2,1,2,1,1,1,0,1,2,0,0,0,0,1,0,1,2,1,1,0,1,2,1,2,2,2,2,2,1,2,0,1,2,0,2,0,1,2,1,2,1,2,1,2,2,2,2,2,0,1,0,0,2,0,1,0,1,0,1,0,0,0,0,0,2,1,2,0,2,0,0,0,2,0,2,0,1,2,2,0,2,0,0,0,0,0,1,2,1,2,1,2,1,2,1,2,1,1,1,2,1,2
20230921,2,2,2,2,2,1,1,2,1,2,1,1,1,1,1,0,1,0,1,1,1,2,1,2,1,0,1,2,1,1,1,0,1,0,1,2,1,1,2,2,2,2,2,1,2,1,1,1,1,2,1,0,1,2,1,1,2,1,0,1,1,0,1,0,1,0,1,1,1,0,1,0,1,0,2,1,0,1,1,0,1,0,1,0,1,0,2,1,2,2,0,1,2,1,2,0,2,2,2,0,1,1,1,2,1,1,1,2
20230924,2,1,0,1,2,1,0,1,0,0,0,0,1,1,1,1,2,1,1,1,1,1,2,1,1,0,2,0,1,1,0,1,0,1,0,0,1,2,1,2,1,2,1,2,1,2,1,2,0,0,0,0,0,1,1,1,1,2,1,0,0,2,0,2,0,1,1,1,1,1,1,2,1,1,1,2,1,0,0,0,0,0,0,1,2,0,2,0,0,0,1,2,1,2,1,2,1,2,1,0,1,2,2,2,1,1,1,1
20230926,1,2,1,0,1,0,1,1,1,2,1,2,2,1,1,1,2,1,1,2,1,2,1,2,2,2,2,2,2,1,1,1,2,1,0,1,2,1,1,1,1,1,1,2,1,2,1,2,1,1,1,2,1,0,1,1,1,1,1,1,2,1,2,2,2,2,1,1,1,1,2,2,2,1,1,0,2,1,1,1,1,2,2,2,1,1,1,2,1,0,1,2,1,2,0,2,0,1,0,1,2,1,1,2,1,2,1,2
20230928,1,0,1,2,1,2,1,1,1,1,0,2,2,1,2,1,0,0,2,1,2,1,2,1,0,2,0,1,0,1,1,1,1,2,2,2,1,2,1,1,1,2,1,2,1,2,1,1,2,1,2,0,2,1,1,1,1,1,1,2,1,2,1,2,1,0,2,1,2,1,2,1,1,1,1,2,1,0,1,2,1,1,1,0,1,1,1,1,2,1,0,1,2,1,2,0,1,2,1,2,2,2,1,0,1,2,0,2
20231005,1,0,1,0,1,2,2,1,1,1,2,1,1,1,2,2,2,2,1,2,2,2,2,1,1,0,1,0,1,0,1,1,1,1,1,2,0,0,0,0,0,0,0,1,0,1,0,0,1,1,1,1,1,0,1,2,1,2,1,1,1,2,1,2,1,2,2,0,0,0,0,0,2,1,2,1,0,0,0,0,2,0,0,0,1,2,0,2,0,0,1,2,1,2,1,2,1,2,1,2,1,2,2,2,2,1,2,0
20231008,2,0,2,0,1,2,1,1,1,1,1,1,1,2,1,2,1,2,1,2,1,2,1,2,2,0,1,0,2,1,2,1,1,1,2,1,1,1,2,1,0,1,1,2,1,0,1,0,1,1,1,1,2,1,2,2,2,1,1,1,2,2,2,1,1,1,1,1,1,0,1,0,1,1,2,2,2,2,1,1,1,1,1,2,0,1,2,0,2,0,0,1,0,0,0,0,1,0,1,2,1,2,1,0,1,0,1,2
20231010,0,0,0,0,0,0,2,1,2,1,2,0,1,2,1,1,1,2,0,0,0,0,1,2,2,2,0,2,2,2,2,1,2,1,0,1,0,2,0,2,1,2,0,1,0,0,2,1,2,0,2,0,0,0,1,2,2,2,2,1,2,1,2,2,2,2,1,2,1,1,1,2,1,1,2,1,2,1,1,1,1,1,1,2,1,1,2,1,1,2,1,2,1,0,1,0,0,1,0,2,1,1,0,0,0,0,0,0
20231012,1,0,0,0,0,0,1,1,2,1,1,1,0,0,2,0,2,0,0,0,0,0,0,0,1,0,1,0,1,2,2,1,2,1,0,1,0,1,2,1,0,0,1,1,0,1,0,0,1,1,2,1,0,1,1,2,1,2,1,2,1,2,1,2,1,2,0,1,2,0,0,0,1,2,1,2,1,2,0,0,2,0,0,0,1,1,1,1,1,2,1,0,1,2,1,2,1,2,1,0,1,2,1,1,2,1,0,1
20231015,1,0,1,2,1,0,1,2,1,2,1,2,1,1,1,0,1,0,1,0,0,1,0,1,0,0,0,0,0,0,1,1,1,1,2,1,1,1,1,2,1,0,2,0,0,0,0,0,1,1,1,2,1,0,1,0,1,0,1,2,1,0,1,0,1,2,1,1,1,2,1,0,1,0,1,2,1,2,0,1,1,2,1,0,1,1,1,1,1,2,2,2,2,1,2,1,0,1,0,1,2,1,0,2,0,0,1,0
20231017,2,0,2,0,0,0,0,1,0,0,0,0,1,2,1,2,1,2,1,0,2,1,0,1,1,1,0,2,0,0,1,1,1,2,1,2,1,2,1,1,1,2,1,1,1,2,1,0,2,0,2,0,0,0,1,0,1,2,1,2,0,0,0,1,0,1,1,2,1,1,1,2,0,1,2,1,1,1,1,1,1,1,1,2,1,2,1,1,1,2,1,0,1,0,0,2,1,2,1,2,1,0,1,0,1,2,0,2
20231019,1,0,2,1,0,1,1,1,0,1,0,1,2,2,1,1,2,1,1,2,0,2,0,0,1,1,1,1,2,1,2,1,2,1,2,0,2,1,1,1,2,1,2,0,2,0,2,1,1,0,2,1,0,1,0,2,0,1,2,1,2,0,0,0,0,0,1,2,1,1,1,1,1,1,2,1,0,1,2,1,1,0,2,1,0,0,0,0,2,0,0,1,0,1,2,0,1,2,1,1,1,2,2,2,2,1,1,1
20231022,1,1,1,1,1,2,1,1,1,2,1,2,1,2,1,2,1,2,1,2,1,1,1,2,1,2,1,1,1,2,1,1,1,1,1,2,1,2,1,1,1,1,1,1,2,1,2,1,1,1,1,1,1,2,1,2,1,2,1,2,1,0,2,1,0,1,1,0,1,2,1,1,1,2,1,2,1,2,1,1,1,1,2,1,1,1,2,1,0,1,1,1,2,1,0,1,2,0,2,0,1,1,1,0,1,2,1,1
20231024,1,1,1,1,0,2,2,1,2,1,0,0,2,0,0,0,0,0,0,0,2,1,2,1,2,1,2,1,1,1,1,1,1,1,2,1,0,1,2,1,1,1,0,2,0,2,0,0,1,2,1,1,1,2,2,2,2,2,2,1,1,0,1,1,2,2,0,0,0,0,2,0,1,2,1,1,1,2,1,2,1,1,1,2,1,1,1,1,1,2,1,1,1,2,1,2,1,0,1,0,1,2,2,2,2,2,1,2
20231026,1,2,0,1,0,2,1,1,0,2,0,0,1,1,1,2,1,0,0,2,1,0,1,0,1,2,1,2,1,2,1,2,0,2,0,0,0,2,0,0,1,0,0,2,0,2,0,2,1,2,1,1,1,1,1,2,1,2,1,2,1,1,1,1,1,2,1,1,1,0,1,0,0,1,2,0,2,0,2,1,2,1,2,1,1,1,1,1,1,2,1,2,1,1,2,2,1,0,1,0,1,2,1,0,1,0,1,2
20231029,2,2,2,1,1,0,1,2,1,1,1,2,1,2,1,1,1,2,2,1,2,1,2,1,0,1,2,0,2,1,2,1,1,1,2,0,2,2,2,1,2,1,0,1,2,1,2,0,2,2,1,2,1,1,2,2,1,1,2,1,1,1,1,1,1,2,2,1,2,1,0,1,1,2,1,2,1,2,1,2,1,2,1,2,1,2,1,1,1,2,2,1,0,1,0,0,0,2,0,2,2,1,0,0,0,0,2,0
20231031,1,2,1,2,1,1,1,2,1,1,1,2,2,1,2,1,2,0,1,2,1,2,0,0,1,1,1,2,1,2,1,1,0,0,0,0,1,2,1,2,1,2,1,1,1,0,1,0,1,2,1,2,1,1,1,2,1,0,1,2,2,0,2,0,2,0,1,1,1,2,0,0,2,1,2,1,2,1,1,0,1,2,1,2,1,2,1,1,1,2,1,1,1,2,1,2,1,0,1,0,1,2,0,2,1,0,1,0
20231102,0,0,0,1,2,0,1,2,1,1,1,1,1,2,1,2,1,0,1,0,1,2,0,2,2,1,2,0,0,1,2,1,2,1,2,0,1,2,1,1,1,2,0,0,0,0,0,0,1,2,1,0,1,2,1,0,1,0,1,2,1,1,1,2,0,0,1,2,1,1,1,2,0,2,0,0,0,0,0,0,0,0,0,0,1,2,1,1,1,1,1,2,1,2,0,0,1,0,1,0,1,0,1,2,1,1,0,2
20231105,1,1,2,1,0,2,0,1,2,1,1,1,2,1,2,1,2,0,0,1,2,1,2,0,1,1,0,0,0,0,1,1,1,2,1,2,0,1,2,1,2,0,1,0,0,0,0,0,1,0,1,0,1,2,0,1,0,1,2,0,1,2,1,1,1,2,0,1,2,0,2,0,0,1,2,0,2,0,1,1,1,2,1,0,0,1,0,0,2,0,2,1,1,0,2,1,2,0,2,0,1,2,0,1,2,1,2,0
20231107,1,1,1,2,1,0,1,2,1,2,1,2,1,1,1,2,1,2,2,1,0,0,0,0,1,1,1,2,1,0,1,2,1,1,1,2,1,1,1,2,1,0,1,1,1,2,1,0,0,2,2,2,2,1,1,1,1,2,1,0,2,1,1,1,1,1,1,1,0,0,0,0,1,2,1,0,1,2,2,0,2,0,0,1,1,1,0,2,0,0,2,2,2,1,2,1,0,0,0,0,0,0,1,1,1,2,1,2
20231109,1,2,1,1,1,2,0,1,0,1,2,0,2,1,2,1,0,0,1,1,2,1,0,1,1,2,0,1,1,2,2,1,1,1,2,1,2,1,2,1,0,0,1,2,1,1,1,2,1,2,2,2,2,1,2,1,2,1,0,0,1,2,1,2,1,2,1,1,0,1,0,1,1,2,1,2,1,2,1,1,2,1,2,2,2,1,1,1,2,1,1,2,1,2,1,2,1,1,1,2,1,0,2,1,2,1,0,1
20231112,2,1,1,1,1,0,1,1,1,2,1,2,1,2,1,2,1,2,1,2,1,2,1,0,0,1,2,0,2,0,2,1,2,1,2,1,1,2,2,1,0,1,0,1,1,1,2,1,1,0,1,0,1,2,1,1,0,1,0,0,1,2,1,1,1,1,1,2,1,2,1,2,1,2,1,1,1,2,1,1,1,1,2,1,2,0,2,0,0,0,1,0,1,2,1,2,1,1,1,0,2,2,1,1,1,2,1,0
20231114,1,1,1,2,1,0,2,1,2,1,0,0,2,1,2,1,2,0,2,1,2,1,2,0,1,1,1,2,1,2,2,1,2,1,2,0,2,1,0,1,0,0,1,2,1,2,1,0,0,0,0,1,0,0,1,1,0,1,0,0,1,2,1,2,1,1,2,1,2,1,0,1,1,0,1,0,1,2,2,0,2,0,0,0,1,1,1,1,2,2,2,0,1,2,1,1,2,0,2,1,2,1,1,2,1,2,1,2
20231116,2,1,2,1,0,0,1,1,1,2,1,2,1,1,2,2,2,2,1,1,1,2,1,2,0,0,0,0,0,0,1,1,1,2,2,1,1,1,2,2,2,2,2,1,2,1,2,1,1,1,2,1,0,2,1,1,1,2,1,0,0,0,0,1,0,0,1,1,1,2,1,2,2,0,2,0,1,1,1,1,1,2,0,0,2,1,2,1,2,1,1,0,1,0,1,2,1,1,1,2,1,0,2,1,2,1,2,1
20231119,1,1,2,1,2,1,1,2,1,2,1,2,1,2,1,2,1,2,1,2,1,2,1,0,0,1,1,2,1,0,1,2,1,2,1,2,1,2,1,2,1,2,1,2,1,1,1,2,1,1,1,2,1,0,1,1,1,1,1,2,1,1,2,2,2,2,1,2,1,2,1,2,1,0,1,0,0,2,2,0,2,0,0,0,2,0,2,0,0,0,0,1,0,1,2,1,2,1,2,0,2,1,2,1,0,1,0,0
20231121,1,1,2,1,2,1,2,1,2,1,2,1,1,0,1,2,0,2,2,1,1,1,2,1,2,1,2,0,0,0,1,2,1,1,1,2,2,1,2,1,0,1,1,2,1,1,1,2,1,1,1,1,1,2,2,1,1,1,2,1,1,1,1,2,1,2,2,1,1,1,2,1,0,1,0,1,0,0,1,1,1,2,1,0,0,1,1,2,1,2,1,1,2,1,0,1,0,1,1,2,1,0,1,1,2,1,0,1
20231123,1,1,2,1,0,0,1,1,1,2,1,2,0,1,0,0,2,0,1,2,1,2,1,0,1,1,2,1,2,2,2,2,2,1,1,1,1,1,1,2,1,2,2,1,2,1,2,1,2,1,1,1,2,1,1,1,2,1,0,0,1,2,1,2,1,2,1,2,1,0,0,0,1,2,1,0,1,0,2,1,2,0,0,1,1,2,1,1,1,2,1,1,1,2,1,0,1,1,1,1,1,1,2,1,0,1,0,0
20231126,1,1,1,2,2,2,1,2,1,2,0,2,1,1,1,0,0,0,2,1,1,1,2,1,1,2,1,2,1,2,0,0,0,0,0,2,1,2,0,2,0,0,1,2,1,2,1,2,1,1,1,2,1,2,0,1,0,2,0,0,0,1,2,0,0,0,2,1,1,1,2,1,2,0,0,0,0,0,2,0,0,0,0,0,1,2,1,1,1,2,1,2,1,1,2,1,2,1,2,1,2,1,1,1,2,2,2,2
20231128,1,1,2,1,0,0,2,2,1,1,1,1,1,1,2,1,2,1,2,1,1,2,2,1,2,1,2,1,2,1,0,1,2,1,1,1,2,2,1,1,2,0,0,1,2,1,2,1,0,0,0,0,0,0,2,1,1,1,2,1,1,1,2,2,2,2,1,2,2,1,2,1,1,0,2,1,2,2,1,0,0,0,0,0,1,2,1,2,1,1,1,2,1,1,1,1,2,0,0,0,0,0,1,1,2,1,2,2
20231130,1,1,0,1,0,0,1,2,1,2,1,2,1,2,1,2,0,2,1,2,1,2,1,2,1,2,1,2,1,2,1,2,1,2,0,0,1,2,1,2,0,2,1,1,1,2,1,2,1,1,1,2,1,0,1,2,1,2,0,2,1,1,1,1,1,2,1,0,1,2,0,2,1,1,1,1,1,0,1,1,1,1,2,2,0,0,0,0,2,0,1,2,1,2,1,2,1,1,1,2,2,2,1,2,1,2,1,2
20231203,1,1,1,2,1,0,0,1,0,1,0,0,2,1,2,1,2,0,2,2,2,1,2,1,2,1,2,1,2,1,2,1,1,1,2,1,2,2,2,1,2,1,1,1,1,2,1,2,1,1,1,1,1,2,0,1,2,1,2,1,2,0,2,0,0,0,0,1,2,1,2,1,1,2,1,1,1,2,1,1,1,1,2,2,2,0,0,0,0,0,2,2,2,2,2,1,1,1,1,1,2,1,1,0,1,2,1,2
20231205,1,1,1,1,1,2,1,1,1,2,1,0,1,2,2,2,2,2,1,2,1,2,1,2,0,0,0,2,0,2,2,1,2,1,2,1,1,2,1,2,1,2,2,1,1,1,2,1,1,2,1,1,1,2,1,1,0,1,0,1,1,1,1,2,1,0,1,1,1,2,1,2,1,0,1,2,0,2,1,2,1,1,1,2,1,1,2,1,0,1,1,0,1,0,0,2,1,2,1,1,1,2,1,0,1,2,1,1
20231207,1,2,1,1,0,2,1,1,1,1,2,2,2,1,2,1,2,0,0,0,0,0,0,2,1,0,1,2,1,1,1,2,1,2,1,0,1,2,1,2,1,2,1,1,1,2,1,0,2,2,1,1,1,1,1,1,1,2,1,2,2,1,1,1,2,1,1,2,1,2,0,2,1,0,1,2,0,1,1,2,1,1,1,1,0,1,0,2,1,0,0,1,0,0,2,0,2,1,2,0,2,0,0,0,1,0,0,2
20231210,0,1,2,1,2,0,2,1,2,1,0,0,1,2,1,2,1,2,0,1,0,1,2,0,2,2,2,2,1,1,1,2,1,1,1,2,2,1,2,1,0,0,2,1,2,0,2,0,1,2,1,2,1,1,1,1,1,1,1,1,1,1,1,1,1,2,2,0,1,1,1,1,0,0,0,0,2,0,1,2,1,2,0,2,2,1,1,1,2,0,1,1,0,0,0,0,1,1,2,1,0,1,1,0,1,0,1,1
20231212,1,1,1,2,2,2,1,1,2,1,2,2,1,2,1,2,1,2,1,2,1,0,1,2,2,1,0,1,2,1,1,2,1,1,1,1,1,2,1,2,0,2,2,1,2,0,0,0,2,2,2,1,1,1,1,2,1,1,2,1,2,0,2,0,0,0,1,0,1,2,1,2,1,1,1,2,1,0,1,0,1,2,1,1,1,1,1,2,1,0,1,1,1,2,1,2,2,1,2,1,2,1,1,0,1,0,1,2
20231214,1,2,0,2,0,0,1,2,1,2,0,0,2,2,1,1,1,1,1,0,1,0,1,2,1,1,2,1,2,1,1,2,1,2,0,2,1,0,1,2,1,2,0,2,0,0,0,0,1,2,1,2,1,2,1,2,1,2,1,2,1,1,1,2,1,2,1,0,1,2,1,1,2,0,2,0,0,1,1,0,1,0,1,1,2,1,0,1,2,1,1,1,2,1,2,1,1,1,1,1,1,2,0,0,0,0,1,1
20231217,0,1,1,1,2,0,2,2,1,1,2,1,1,0,1,2,1,1,0,1,0,1,0,0,2,1,2,2,2,1,1,0,1,2,0,2,0,2,2,1,1,1,1,2,1,1,2,1,0,0,0,0,0,0,2,1,2,1,2,1,2,0,0,0,0,0,1,0,1,0,1,1,1,1,1,2,1,2,1,0,1,0,1,1,1,1,1,2,1,2,0,2,1,2,1,2,1,2,1,1,1,2,1,0,2,0,1,2
20231219,1,1,2,2,2,2,1,2,1,2,1,2,1,0,1,0,1,1,1,1,1,0,1,0,1,2,1,2,1,2,1,0,1,0,1,2,1,2,1,2,1,2,2,2,2,1,2,1,1,1,1,2,1,0,1,2,1,2,0,2,1,1,1,2,1,2,1,0,1,0,1,1,1,1,1,2,1,2,0,2,0,2,1,1,2,1,2,1,2,1,1,0,1,1,1,1,1,0,1,2,1,1,0,2,0,0,0,2
20231221,1,1,1,1,2,2,0,1,2,1,0,0,0,2,0,1,2,0,2,1,2,1,2,1,0,0,0,2,0,0,0,1,0,1,2,0,0,1,0,1,0,0,1,2,1,2,1,2,2,0,2,0,0,0,0,1,2,1,2,0,1,1,1,1,2,1,0,1,0,0,2,0,2,0,2,0,2,1,1,2,1,0,1,2,0,2,1,2,1,0,2,2,2,2,1,1,1,0,1,0,1,1,2,0,1,0,1,0
20231224,1,1,1,1,1,2,1,2,1,0,0,0,1,0,1,0,0,0,0,2,0,0,0,0,0,1,0,0,2,0,1,1,1,2,1,0,1,2,1,0,1,0,1,2,1,2,1,2,1,1,1,2,1,0,1,1,1,2,0,0,2,1,1,1,2,1,1,1,1,0,1,0,1,1,0,0,0,0,1,0,1,0,1,2,2,1,2,1,2,0,1,0,1,0,1,2,2,0,2,0,1,1,0,1,0,1,0,1
20231226,1,2,1,2,0,2,2,1,2,1,2,1,2,0,2,2,2,1,2,2,1,1,2,1,1,1,2,1,2,1,1,2,1,1,1,2,2,2,2,1,2,1,2,2,2,1,2,1,1,1,1,1,1,2,2,1,1,1,2,1,1,1,2,1,2,2,1,1,1,1,1,2,1,1,2,1,2,1,1,0,1,0,1,2,1,1,1,2,2,1,2,0,1,0,1,1,1,0,1,0,0,2,1,2,1,2,1,2
20231228,1,0,1,2,1,1,1,2,1,2,1,0,1,0,1,0,1,2,1,2,1,2,1,2,1,2,1,2,1,2,2,1,1,1,2,1,1,2,1,2,0,2,1,2,1,0,1,2,1,2,1,1,1,1,1,2,1,2,0,0,2,1,2,1,2,1,1,2,1,2,1,2,1,1,2,1,0,1,0,0,0,0,0,0,1,2,1,2,1,2,0,1,0,1,0,1,0,2,0,0,2,2,2,1,2,1,1,1
20231231,1,0,1,2,1,2,2,2,1,1,2,1,0,1,0,1,2,1,2,2,2,1,1,1,2,1,1,1,2,1,1,2,1,2,1,2,1,0,1,2,1,1,0,0,0,0,0,2,1,2,1,1,1,1,0,1,2,1,2,0,1,1,1,1,1,2,2,1,2,1,2,1,1,1,1,2,0,0,1,1,1,2,1,0,2,1,2,1,2,1,1,2,2,2,2,2,1,0,1,0,1,0,0,0,2,0,2,0
20240102,0,1,0,1,2,0,1,2,1,2,1,2,2,1,0,1,0,0,1,2,1,2,1,2,1,1,1,2,1,2,1,2,1,2,0,2,2,2,2,2,1,2,2,0,2,2,1,1,1,0,1,2,1,1,1,1,2,1,2,1,1,2,1,1,1,2,1,1,1,0,1,0,2,1,2,0,2,1,1,1,1,1,1,0,1,2,1,2,1,2,1,2,1,0,1,2,0,1,0,1,0,1,1,1,1,2,1,0
20240104,2,1,0,1,0,1,2,2,2,1,0,1,1,1,1,0,1,0,1,0,1,2,1,2,1,2,1,1,1,2,1,0,1,2,0,2,1,2,1,2,1,2,1,0,1,0,1,2,1,0,1,2,1,1,1,1,1,2,1,0,1,2,1,1,1,1,1,2,1,2,1,2,2,1,2,1,2,1,1,2,1,1,1,2,0,1,2,1,2,1,0,1,0,1,0,0,1,2,1,2,1,0,1,1,1,1,2,1
20240107,1,2,1,2,0,0,1,2,1,2,1,0,1,2,1,2,1,2,1,0,1,0,1,2,1,0,1,2,1,1,1,0,1,2,1,1,0,1,2,1,2,0,0,1,0,1,2,1,1,0,1,0,1,2,1,2,1,1,1,2,1,2,1,2,1,1,1,0,1,2,1,1,1,1,1,1,1,2,0,0,2,0,2,0,1,1,2,1,2,1,1,2,0,0,0,0,0,0,0,0,0,0,1,1,1,2,1,2
20240109,1,2,1,2,1,2,1,2,1,2,1,2,2,2,1,1,1,1,0,1,0,1,2,1,1,0,1,2,1,1,1,0,1,0,1,1,1,1,0,1,0,1,2,1,2,1,2,1,1,0,1,0,1,2,2,2,1,1,1,1,1,0,1,2,1,1,0,1,2,1,2,0,2,1,2,0,2,0,1,1,2,1,0,1,0,2,0,2,1,2,2,1,2,1,2,1,1,1,1,1,2,2,2,1,2,1,2,1
20240111,2,1,2,1,2,1,1,0,1,2,1,0,1,0,1,2,1,1,2,1,2,2,1,2,0,1,0,1,2,0,2,0,2,0,1,1,2,1,2,1,2,1,1,2,1,2,1,2,0,0,0,0,2,1,1,2,1,2,1,2,1,0,1,0,1,1,1,2,1,0,1,2,1,1,1,2,1,0,1,1,1,2,0,0,0,1,2,1,2,0,1,2,1,2,1,2,1,1,1,1,1,2,1,1,1,2,1,0
20240114,1,2,1,2,1,2,1,0,1,2,0,2,0,1,0,0,2,1,2,1,2,1,2,1,1,1,2,2,2,1,0,1,0,1,2,1,1,2,1,2,1,2,1,2,1,2,1,2,2,2,0,0,2,2,1,0,1,2,1,2,1,0,1,0,1,1,0,1,0,1,2,1,1,2,1,2,0,0,1,2,1,1,1,2,1,2,1,2,0,0,2,1,2,1,2,1,2,0,1,0,2,0,2,1,1,1,2,1
20240116,1,2,1,2,1,2,0,0,1,0,1,1,1,1,1,0,1,0,0,2,1,2,1,2,1,2,1,2,1,2,1,2,0,0,0,0,0,0,0,2,0,2,0,0,0,0,0,2,1,2,1,0,1,0,1,0,1,2,1,1,0,2,0,2,2,1,1,2,1,0,1,2,1,0,1,1,1,1,1,2,1,1,1,1,2,1,2,1,2,0,1,2,1,0,1,2,1,1,1,2,1,0,1,1,1,2,1,2
20240118,1,0,1,2,1,2,1,0,1,0,1,1,1,2,1,1,1,2,2,2,1,1,2,1,2,2,1,1,1,1,2,1,1,1,2,1,1,0,1,2,1,1,1,0,1,0,1,1,0,1,0,1,0,0,1,0,1,0,1,1,1,2,1,0,1,0,1,2,1,2,1,2,1,0,1,2,1,1,0,0,0,0,2,0,2,1,2,1,0,0,2,1,2,1,2,1,2,0,1,0,2,0,0,0,2,0,0,0
20240121,1,0,1,2,1,1,1,0,1,0,1,1,1,0,1,1,1,2,1,0,1,0,1,2,1,0,1,2,1,2,1,2,1,2,1,0,1,0,1,0,1,1,1,0,1,0,1,2,2,0,0,0,0,0,1,0,1,0,1,1,0,1,0,0,0,0,1,0,1,2,1,2,2,2,2,2,1,1,1,1,2,1,0,1,1,1,2,1,0,1,1,2,1,2,1,2,1,1,2,1,2,1,0,2,0,2,0,0
20240123,1,0,1,0,1,2,1,0,1,0,1,2,1,0,1,2,1,1,2,2,2,2,1,1,0,0,0,0,2,1,0,1,2,1,2,1,2,0,0,0,1,1,2,0,2,0,1,2,1,0,1,2,1,0,2,0,2,0,1,2,1,1,1,2,1,0,1,0,1,2,1,1,2,2,0,2,1,1,1,1,2,1,0,0,1,2,1,2,0,0,1,0,0,2,1,2,0,1,0,1,1,2,1,2,1,1,1,1
20240125,0,1,0,1,2,0,0,2,0,2,2,1,0,2,0,1,1,1,2,1,2,1,1,0,1,1,1,2,1,0,2,1,2,1,2,1,0,2,0,2,1,1,1,0,1,0,1,0,2,0,2,0,0,0,0,1,0,1,0,1,2,1,2,1,2,1,0,1,0,1,2,1,2,2,2,2,1,2,2,0,0,0,0,0,1,2,1,1,2,1,2,2,2,2,1,1,2,1,1,0,2,0,0,1,2,1,2,1
20240128,1,1,1,2,1,0,1,2,1,0,1,0,1,2,1,0,1,2,1,2,2,1,2,1,1,1,2,1,2,1,1,1,2,1,2,2,1,1,1,0,1,0,0,0,0,0,2,2,1,0,1,1,2,2,1,1,2,2,2,2,1,1,1,1,1,2,1,1,2,2,2,2,1,2,1,2,1,2,1,1,2,1,0,0,1,0,1,2,0,2,2,1,2,1,2,1,1,1,2,1,2,1,1,1,1,2,1,2
20240130,2,1,2,0,0,0,0,1,0,1,0,1,0,0,0,0,0,0,1,2,1,2,1,2,1,2,1,2,1,2,0,2,0,2,1,0,1,2,1,2,1,0,1,0,1,0,1,0,1,1,1,1,1,2,2,1,2,1,0,0,2,1,2,1,2,1,1,0,1,2,1,2,2,2,2,1,1,1,1,1,1,2,1,0,2,2,2,1,1,1,1,2,2,2,2,1,1,1,1,1,1,2,1,1,1,1,1,2
20240201,1,1,0,1,0,1,1,2,1,2,1,0,1,1,0,1,0,1,2,2,2,1,1,1,0,1,2,1,2,1,0,1,2,1,2,0,2,1,2,1,0,0,0,0,0,1,0,0,2,0,2,0,0,0,1,1,1,2,1,0,1,1,1,1,1,2,0,1,2,1,2,0,1,0,1,0,1,2,1,1,1,1,1,2,1,0,1,0,1,2,1,2,1,0,1,2,1,1,1,1,1,2,1,2,1,1,1,2
20240204,1,1,2,1,0,1,2,1,2,1,0,1,1,1,2,2,2,2,1,0,1,0,1,2,1,1,1,2,1,2,2,1,2,1,2,1,2,1,0,1,0,1,1,0,2,1,0,1,1,1,1,1,2,2,2,1,2,1,0,1,1,2,1,1,1,1,2,0,0,1,0,1,0,1,0,1,2,0,1,1,1,1,1,2,1,0,1,0,1,1,0,0,0,0,0,1,1,2,0,1,0,2,1,2,1,1,1,1
20240206,1,1,1,2,1,0,1,2,2,2,1,2,1,1,1,2,1,2,2,2,2,0,1,2,1,2,1,1,1,2,1,2,1,2,1,0,1,1,1,2,1,2,1,1,1,2,1,0,1,1,2,1,2,1,1,1,1,2,1,0,1,0,0,2,1,1,1,1,1,2,1,2,2,0,0,0,0,0,2,1,1,1,2,1,0,1,0,1,1,1,1,0,1,2,1,2,2,2,1,2,1,1,1,0,1,2,1,1
20240218,2,1,2,1,2,1,1,2,1,1,1,2,2,0,2,0,0,0,0,0,0,1,0,1,0,1,2,1,2,1,2,1,2,1,2,1,2,1,2,0,0,0,2,0,1,0,2,1,1,1,1,1,1,2,2,1,2,0,0,0,1,0,1,2,1,1,2,0,2,0,0,0,0,1,0,0,0,0,1,1,1,2,0,0,1,2,1,2,1,0,1,0,1,0,2,1,1,0,1,2,1,1,0,0,0,0,2,0
20240220,1,2,1,2,1,0,2,1,2,1,2,1,1,1,0,1,0,1,0,2,0,0,1,0,1,1,1,2,1,0,2,1,0,1,0,0,1,1,1,2,1,0,2,0,0,0,0,0,2,1,1,1,1,1,1,1,1,2,1,0,0,0,0,0,0,0,0,1,1,0,1,0,2,1,1,0,2,0,2,1,2,0,0,0,1,2,1,2,1,2,1,1,1,2,1,2,1,0,1,0,0,2,0,1,1,0,0,0
20240222,2,1,2,1,2,0,1,1,0,1,0,0,1,1,2,1,0,1,2,1,1,1,2,1,1,2,1,2,1,2,1,1,1,2,1,0,1,2,1,1,1,2,1,1,1,2,1,0,1,2,1,1,1,2,2,1,2,1,2,1,1,1,1,2,1,0,2,1,1,0,2,1,2,0,0,0,0,0,1,1,1,2,0,0,2,2,1,2,1,1,1,2,1,1,1,2,0,0,0,0,0,0,2,1,1,1,2,1
20240225,1,1,2,1,2,2,1,1,2,1,2,1,2,1,2,0,0,0,1,2,1,0,1,0,0,0,2,0,0,0,0,2,0,0,1,2,0,0,2,0,0,0,1,1,1,0,2,1,1,2,1,2,1,1,1,2,1,2,1,0,2,0,2,0,0,0,1,1,1,2,1,2,1,1,2,1,0,1,2,1,2,1,0,0,1,2,1,0,1,2,0,0,2,0,0,0,1,1,1,2,1,0,2,0,2,1,0,1
20240227,1,1,1,2,1,0,1,1,1,2,1,2,1,1,2,2,2,2,0,1,0,0,0,1,1,1,0,1,0,1,1,0,1,2,0,1,1,1,2,1,0,1,0,2,0,1,1,2,1,2,1,2,1,1,2,1,2,1,2,1,1,1,2,1,0,1,2,1,2,0,2,0,1,1,1,2,1,0,1,1,1,2,1,0,1,0,1,0,1,2,1,0,2,2,2,2,1,1,1,1,1,2,1,1,1,2,1,0
20240229,1,2,1,1,1,2,2,1,2,1,2,1,1,2,1,2,1,2,1,1,1,0,1,0,1,1,1,2,1,2,0,1,0,1,1,1,1,2,1,0,0,0,0,1,2,0,2,0,0,1,0,1,2,0,1,1,1,2,0,0,1,1,1,1,1,0,1,2,1,0,1,2,1,2,1,1,1,1,1,1,1,2,1,2,0,1,2,1,2,1,1,1,1,1,2,2,1,2,1,1,1,2,2,1,2,1,2,1
20240303,2,2,1,1,1,1,2,1,2,1,2,1,1,2,1,1,1,2,1,2,1,2,1,2,1,1,1,1,1,2,1,1,1,0,1,0,2,2,1,1,1,1,1,0,2,1,2,1,1,2,1,0,1,0,1,1,1,1,1,2,1,1,1,1,1,2,1,2,1,2,1,2,1,2,1,2,1,2,1,2,1,1,0,2,2,1,0,1,2,1,1,1,1,1,2,1,2,1,2,1,1,1,0,2,1,2,1,0
20240305,0,1,2,1,2,1,2,1,2,1,1,1,0,1,2,1,2,0,0,0,2,0,2,1,2,1,1,1,2,1,2,1,2,1,0,1,2,1,2,1,2,0,1,1,2,1,0,0,0,0,0,0,0,0,2,1,1,1,2,1,1,2,1,1,1,1,0,0,0,0,2,0,2,1,2,1,1,1,1,0,1,2,1,1,1,1,2,1,0,0,1,2,1,1,1,2,2,0,0,0,0,0,0,0,2,0,2,0
20240307,1,2,0,2,1,0,0,2,0,2,0,2,1,1,0,1,0,1,1,1,2,1,0,1,2,1,0,1,0,1,1,1,1,2,1,2,1,1,1,0,1,0,1,1,1,2,1,0,1,0,2,1,2,2,1,2,1,2,1,0,1,2,1,1,1,1,1,1,0,1,0,0,1,0,0,0,0,0,0,2,2,1,1,0,0,2,1,0,0,0,2,0,2,0,2,0,1,1,1,2,1,2,0,1,1,0,1,0
20240310,2,1,2,1,2,1,2,2,2,1,2,1,2,1,0,0,0,0,1,0,2,1,0,1,1,1,1,2,1,2,1,1,2,1,2,2,1,2,2,1,2,1,1,1,1,1,2,2,1,1,1,1,1,2,1,2,1,1,1,1,0,0,0,0,2,0,1,1,0,0,0,1,2,2,2,1,1,1,1,2,1,2,1,2,2,1,1,2,2,1,1,1,1,0,1,0,1,1,1,1,1,2,2,1,1,1,1,1
20240312,1,2,1,1,1,2,1,2,1,2,1,2,1,1,2,1,2,2,1,1,1,2,1,0,1,2,1,2,1,2,1,2,1,1,1,2,2,1,2,1,2,1,2,1,1,1,2,1,1,2,1,1,1,2,2,1,2,1,2,1,1,1,1,2,1,0,1,1,1,0,1,0,2,1,2,2,2,1,0,1,0,1,2,0,1,2,1,2,1,0,2,0,2,0,0,0,2,1,2,1,2,1,1,2,1,2,1,2
20240314,2,1,1,1,1,1,0,1,0,1,2,1,1,2,1,2,0,0,1,2,1,1,1,2,1,0,1,1,1,2,1,0,1,2,1,2,0,0,1,2,1,2,0,2,0,2,1,0,1,2,1,1,1,1,1,2,1,2,1,0,1,2,1,1,1,2,1,2,1,2,1,2,2,0,0,0,0,0,1,1,1,2,1,0,1,2,1,1,1,2,1,0,2,1,2,2,1,1,1,1,1,2,2,1,2,1,2,1
20240317,1,2,1,2,0,0,1,2,1,2,1,0,1,0,1,2,0,2,1,0,1,1,1,1,1,0,1,1,1,1,1,0,1,0,1,1,1,0,1,2,0,2,1,2,1,1,1,2,0,1,2,1,1,0,1,2,1,2,1,2,1,2,1,1,1,1,1,2,1,1,1,2,1,1,2,1,2,1,1,1,1,1,2,1,1,2,1,2,1,2,1,1,1,1,1,2,2,1,2,1,2,1,1,2,1,2,2,1
20240319,1,2,1,1,1,1,2,1,2,1,2,1,0,1,0,1,1,1,0,0,0,0,2,0,1,0,1,0,1,1,0,0,0,1,2,0,0,0,0,0,2,0,0,1,2,0,2,0,1,1,1,2,1,2,0,1,0,0,2,0,1,0,0,2,1,2,0,0,2,0,2,0,1,1,1,1,1,2,1,2,1,2,1,2,0,1,2,2,1,1,2,0,2,0,0,0,2,1,2,1,2,1,1,2,1,2,1,2
20240321,1,0,1,2,1,2,1,1,1,1,1,2,1,1,2,1,2,1,1,0,0,0,0,1,0,0,0,0,0,2,1,1,2,1,0,1,1,1,1,0,1,0,0,2,1,2,1,0,1,1,1,1,1,2,1,1,1,2,1,0,0,0,0,0,2,0,1,1,0,1,0,0,0,2,0,1,0,0,2,2,1,1,2,1,1,2,1,2,1,0,1,0,0,0,0,1,1,2,0,2,0,0,1,0,1,0,1,2
20240324,1,0,1,0,1,1,1,2,1,1,1,2,1,2,0,2,0,0,1,1,0,2,1,0,1,0,1,0,1,2,1,1,1,2,2,2,1,2,1,1,1,2,1,2,1,2,1,2,1,2,1,1,1,2,0,2,1,2,1,2,1,1,1,2,1,0,1,1,1,2,1,0,2,2,1,1,1,1,1,2,1,2,1,2,2,1,2,1,2,1,1,1,0,2,1,0,1,2,1,2,1,2,1,0,1,0,1,2
20240326,1,0,1,0,1,2,1,2,1,1,1,1,2,2,1,1,2,1,2,1,1,1,2,1,0,1,0,1,0,1,1,1,2,1,1,2,2,2,2,0,2,1,1,2,1,2,1,1,1,2,1,1,1,1,2,1,2,1,2,1,2,1,2,0,0,0,2,1,1,1,2,1,2,1,2,1,2,0,0,1,0,1,2,0,1,1,2,1,2,1,2,0,1,0,0,0,1,0,1,2,0,2,1,0,2,0,1,1
20240328,2,0,2,0,1,1,2,1,2,1,1,1,2,1,1,1,1,1,1,1,1,1,2,2,2,1,0,1,0,1,2,1,1,1,2,1,2,2,1,2,1,1,0,0,0,0,2,0,1,2,1,2,1,1,2,1,0,1,0,0,1,1,0,1,0,0,2,1,1,1,2,1,1,2,1,2,1,2,1,1,2,1,0,1,2,1,2,1,0,0,1,0,0,0,0,0,0,0,0,0,2,0,1,0,1,0,1,2
20240331,1,0,2,0,1,2,2,1,2,1,2,1,1,2,2,1,1,1,2,1,2,1,2,1,1,1,2,1,2,1,1,1,1,2,1,0,2,1,2,1,2,1,0,1,0,2,1,0,0,1,0,1,2,0,1,1,2,1,2,2,1,1,2,1,0,1,2,1,0,0,0,0,1,2,1,2,1,2,1,1,1,2,1,2,1,1,2,2,2,2,1,0,2,1,0,1,1,0,0,0,0,0,0,0,0,0,0,0
20240402,1,0,1,0,1,2,0,1,0,1,0,1,1,0,0,2,0,2,1,2,1,2,1,2,1,1,1,1,1,2,2,1,1,1,2,1,1,0,1,0,1,2,2,1,2,1,2,1,0,2,0,0,0,0,2,1,2,0,0,1,1,1,2,1,2,2,1,1,1,2,1,2,2,2,1,1,1,1,1,2,1,2,1,2,2,1,2,1,0,0,1,1,1,2,0,0,1,1,2,1,0,1,1,1,1,2,1,0
20240404,1,0,1,0,1,2,1,1,1,2,1,0,1,0,1,2,1,1,1,0,1,2,1,2,1,2,1,1,1,2,1,1,1,2,1,0,1,0,1,0,1,2,1,2,1,2,1,2,1,2,1,2,1,2,1,1,1,2,1,2,0,2,0,2,0,2,1,2,1,1,1,2,2,2,1,2,1,2,0,1,1,1,2,0,1,2,1,0,0,0,2,1,1,0,2,0,1,1,2,1,2,2,1,1,1,0,1,2
20240407,1,0,1,0,1,0,2,1,2,1,2,1,2,2,2,2,1,1,2,0,1,2,1,2,1,2,1,1,1,1,1,2,1,1,2,2,0,2,0,2,2,1,1,2,1,2,1,2,0,1,2,0,0,0,1,1,1,1,2,1,1,2,1,1,1,1,1,2,1,1,1,1,1,0,1,0,1,2,1,2,1,2,1,0,1,2,1,1,1,1,1,1,1,2,1,2,1,1,1,1,2,2,1,2,1,2,1,2
20240409,0,0,0,0,2,2,1,2,0,2,1,2,1,2,2,0,1,2,0,0,0,0,1,2,1,2,1,2,1,2,0,1,2,0,0,0,0,0,0,0,2,1,0,1,2,1,2,1,1,1,1,2,1,0,2,1,1,1,2,1,1,2,1,2,0,2,0,1,2,1,2,1,0,1,2,1,2,1,2,1,2,1,0,1,0,0,1,2,1,2,1,2,1,2,1,2,1,1,1,1,1,2,0,1,0,1,2,1
20240411,1,0,1,0,1,0,1,2,1,1,1,1,1,0,1,2,1,1,0,2,2,2,2,1,2,2,2,1,1,1,1,1,2,2,2,2,2,2,0,2,2,1,2,2,2,2,2,1,1,2,1,1,1,2,2,1,2,1,2,1,1,0,1,2,1,1,1,1,2,2,2,2,1,2,1,2,1,2,1,1,2,1,2,2,1,0,1,0,0,2,2,1,2,1,2,1,2,1,1,1,2,0,1,1,1,2,1,2
20240414,0,2,0,0,2,2,0,1,0,1,2,1,2,2,2,2,1,2,1,0,1,0,1,0,1,0,1,0,1,2,0,2,1,2,1,0,0,0,0,1,0,1,0,0,0,0,0,0,1,2,1,2,1,2,2,1,0,1,2,0,1,0,1,2,1,1,2,1,2,1,0,1,1,0,1,0,0,2,1,2,1,2,1,2,1,0,1,0,1,1,1,2,1,2,1,2,1,1,1,2,1,0,1,1,1,1,1,2
20240416,0,0,0,0,0,1,1,1,1,2,1,0,1,0,0,0,1,2,2,0,2,0,2,2,1,0,1,0,1,2,0,1,2,0,2,0,0,1,1,2,1,0,1,1,2,1,0,0,0,0,0,0,2,0,1,1,2,1,0,1,1,0,1,0,1,2,1,2,1,2,1,0,2,0,1,2,1,1,2,2,1,1,1,2,0,1,0,1,2,1,1,0,1,2,1,2,2,1,2,1,0,0,0,0,2,0,0,0
20240418,1,1,2,1,0,1,2,1,2,0,0,1,0,0,0,1,0,1,0,0,0,0,0,0,1,0,1,0,1,2,1,1,2,2,2,2,1,1,0,2,1,2,1,1,1,2,1,2,0,1,1,2,1,0,1,1,1,2,1,2,2,0,2,0,1,1,2,1,2,0,0,0,0,0,0,0,0,0,2,1,2,1,0,0,2,0,2,1,0,0,1,0,1,0,1,1,1,1,1,2,1,0,1,0,0,1,0,1
20240421,1,1,1,1,2,2,2,0,0,0,0,0,1,1,1,2,1,2,1,1,1,2,1,0,1,0,1,0,1,2,1,2,1,2,1,2,1,1,1,1,2,1,1,1,1,1,1,2,1,2,1,1,1,2,1,2,1,1,1,1,1,0,1,0,1,0,1,1,1,2,1,2,1,0,2,1,0,1,1,2,1,0,0,0,0,2,0,0,0,0,2,0,2,0,1,1,1,2,1,1,1,2,1,1,1,1,2,2
20240423,2,0,2,0,0,0,2,0,2,0,0,0,1,2,1,2,1,2,2,0,1,0,2,1,2,0,2,0,1,2,1,0,1,2,0,2,1,2,1,1,1,2,1,2,1,1,1,2,1,2,1,1,1,1,2,2,1,1,1,1,0,1,0,1,0,0,2,1,1,1,2,1,1,1,1,1,2,2,2,1,2,1,0,0,1,2,1,1,1,2,1,0,1,0,1,2,2,1,2,1,2,0,1,1,1,1,1,2
20240425,1,0,2,0,0,0,1,2,0,2,1,0,1,0,0,2,0,2,1,1,0,2,1,0,1,0,1,0,1,0,0,1,2,1,2,0,1,2,1,2,1,2,0,0,2,0,2,0,2,2,1,1,1,1,1,0,1,2,1,1,2,1,2,2,2,2,1,2,1,2,0,0,1,2,0,1,1,2,1,1,2,1,2,2,0,0,1,2,1,2,1,0,1,0,1,2,1,1,1,2,1,0,1,2,1,1,1,2
20240428,1,1,1,2,1,0,2,1,2,1,2,1,1,0,1,2,1,1,1,2,1,1,1,2,1,0,1,0,1,0,2,1,2,2,2,1,1,0,1,2,1,1,1,1,1,2,1,0,1,2,1,2,2,1,2,0,2,2,1,1,1,2,1,2,1,0,1,2,1,1,0,2,1,2,1,1,1,2,1,2,1,2,0,0,0,2,2,2,1,1,2,0,2,0,1,2,1,2,1,1,0,2,0,0,0,0,2,0
20240430,1,1,1,1,1,2,1,1,1,1,2,1,0,1,0,1,1,1,2,1,1,0,2,1,0,0,0,0,0,0,1,2,2,2,2,1,2,2,1,2,1,1,1,1,1,1,1,2,1,2,1,2,1,2,0,1,0,1,2,1,0,1,2,1,0,1,2,1,2,1,1,1,1,0,1,2,1,1,2,1,1,1,2,1,2,2,2,2,2,1,2,0,2,0,1,0,0,1,2,1,2,0,1,1,1,2,1,0
20240502,0,2,0,1,0,2,1,2,1,2,1,0,1,2,1,0,1,0,1,2,1,2,1,2,1,0,0,0,0,0,1,0,1,0,1,2,0,0,0,0,1,0,1,2,0,1,1,2,1,2,1,2,1,1,1,0,1,0,1,2,1,1,2,1,2,2,1,2,1,2,1,2,1,2,1,2,1,1,1,1,2,2,1,2,1,2,1,2,1,2,0,2,0,2,2,1,1,1,2,1,0,1,1,2,1,1,1,2
20240505,1,2,1,2,0,1,1,2,1,1,1,2,1,0,1,0,1,2,1,2,1,2,1,2,1,0,2,1,2,2,1,0,1,0,1,2,1,0,1,0,1,2,0,1,2,1,2,0,0,0,0,0,1,2,1,0,1,2,0,2,1,1,1,1,1,2,1,0,1,2,1,2,1,0,1,0,1,2,2,1,2,1,2,1,1,2,1,2,1,1,1,0,0,0,1,0,1,2,1,2,0,0,1,2,1,1,1,1
