Date,A0,A1,A2,A3,A4,A5,A6
20241119,20,0,0,0,0,0,0
20241117,0,0,0,2,6,12,0
20241114,0,0,0,6,7,6,1
20241112,0,0,0,0,4,10,6
20241110,0,0,0,0,0,20,0
20241107,0,0,0,8,3,8,1
20241105,0,0,0,4,8,8,0
20241103,0,0,0,1,9,10,0
20241031,0,0,0,1,5,14,0
20241029,0,0,0,1,8,9,2
20241027,0,0,0,3,9,8,0
20241024,0,0,0,0,3,9,8
20241022,0,0,0,8,8,4,0
20241020,0,0,0,1,6,13,0
20241017,0,0,1,0,10,8,1
20241015,0,0,0,0,3,13,4
20241013,0,0,0,1,7,11,1
20241010,0,2,2,10,5,1,0
20241008,0,0,0,0,1,13,6
20241006,0,0,0,0,5,10,5
20240929,0,0,0,0,7,6,7
20240926,0,0,0,3,3,5,9
20240924,0,0,0,5,3,12,0
20240922,0,0,0,3,9,7,1
20240919,0,0,0,0,8,11,1
20240917,0,0,0,1,6,10,3
20240915,0,0,0,3,6,9,2
20240912,0,0,1,3,11,5,0
20240910,0,0,0,3,9,7,1
20240908,0,0,0,1,1,11,7
20240905,0,0,1,3,10,3,3
20240903,0,0,0,2,1,9,8
20240901,0,0,0,0,5,7,8
20240829,0,0,0,0,3,13,4
20240827,0,0,0,0,3,7,10
20240825,0,0,0,0,5,11,4
20240822,0,0,0,1,3,8,8
20240820,0,0,0,0,8,11,1
20240818,0,0,1,0,3,6,10
20240815,0,0,0,3,3,9,5
20240813,0,0,1,2,7,7,3
20240811,0,0,0,1,5,11,3
20240808,0,0,0,1,5,8,6
20240806,0,0,0,5,10,4,1
20240804,0,0,0,1,8,9,2
20240801,0,0,0,4,10,6,0
20240730,0,0,0,0,1,9,10
20240728,0,0,0,0,1,6,13
20240725,0,0,0,1,3,12,4
20240723,0,0,1,2,11,5,1
20240721,0,0,0,3,4,10,3
20240718,0,0,0,1,7,9,3
20240716,0,0,0,3,7,7,3
20240714,0,0,0,2,3,8,7
20240711,0,0,0,0,7,9,4
20240709,0,0,0,0,0,8,12
20240707,0,0,0,3,8,7,2
20240704,0,0,0,2,7,10,1
20240702,0,0,0,2,2,9,7
20240630,0,1,1,4,9,3,2
20240627,0,0,0,1,1,8,10
20240625,0,0,0,2,6,11,1
20240623,0,0,1,3,9,6,1
20240620,0,0,0,0,1,13,6
20240618,0,0,0,2,7,9,2
20240616,0,0,1,1,8,8,2
20240613,0,0,0,1,5,11,3
20240611,0,0,0,3,5,6,6
20240609,0,0,0,0,3,8,9
20240606,0,0,0,1,1,6,12
20240604,0,0,0,1,1,9,9
20240602,0,0,1,2,11,6,0
20240530,0,0,1,4,4,7,4
20240528,0,0,1,6,7,5,1
20240526,0,0,0,7,12,1,0
20240523,0,0,0,0,0,8,12
20240521,0,0,0,2,8,10,0
20240519,0,0,0,0,1,12,7
20240516,0,0,0,0,6,8,6
20240514,0,0,1,6,11,1,1
20240512,0,0,0,1,5,14,0
20240509,0,0,0,0,4,7,9
20240507,0,0,0,0,3,2,15
20240505,0,0,2,6,10,2,0
20240502,0,0,2,0,9,9,0
20240430,0,0,0,1,7,8,4
20240428,0,0,0,0,4,7,9
20240425,0,0,1,5,6,5,3
20240423,0,0,0,1,5,10,4
20240421,0,0,1,7,9,3,0
20240418,0,0,0,0,0,3,17
20240416,0,0,0,2,4,14,0
20240414,0,0,0,3,6,11,0
20240411,0,0,0,0,1,9,10
20240409,0,0,0,1,4,9,6
20240407,0,0,0,0,3,10,7
20240404,0,0,0,0,7,9,4
20240402,0,0,0,2,8,5,5
20240331,0,0,0,5,10,5,0
20240328,0,0,0,1,6,10,3
20240326,0,0,1,2,10,7,0
20240324,0,0,0,2,4,9,5
20240321,0,0,1,1,7,8,3
20240319,0,0,3,10,3,4,0
20240317,0,0,0,2,8,5,5
20240314,0,0,0,1,3,9,7
20240312,0,0,0,2,8,8,2
20240310,0,0,0,0,4,11,5
20240307,0,0,0,4,12,4,0
20240305,0,0,0,0,4,5,11
20240303,0,0,4,5,8,2,1
20240229,0,0,0,0,5,10,5
20240227,0,0,0,0,5,8,7
20240225,0,0,0,1,4,11,4
20240222,0,0,0,0,1,14,5
20240220,0,0,0,0,4,7,9
20240218,0,0,0,1,8,11,0
20240206,0,0,0,7,7,4,2
20240204,0,0,0,1,3,5,11
20240201,0,0,0,3,6,9,2
20240130,0,0,1,1,6,11,1
20240128,0,0,0,0,5,8,7
20240125,0,0,0,2,5,7,6
20240123,0,0,0,1,2,13,4
20240121,0,0,0,0,7,11,2
20240118,0,0,0,1,4,5,10
20240116,0,0,0,1,4,10,5
20240114,0,0,0,1,5,10,4
20240111,0,0,0,1,1,13,5
20240109,0,0,0,2,3,7,8
20240107,0,0,2,10,6,2,0
20240104,0,0,0,0,0,7,13
20240102,0,0,1,1,12,6,0
20231231,0,0,1,2,8,6,3
20231228,0,0,0,1,11,8,0
20231226,0,0,0,3,11,6,0
20231224,0,0,0,0,2,7,11
20231221,0,0,1,6,6,5,2
20231219,0,0,1,2,6,7,4
20231217,0,0,0,0,1,8,11
20231214,0,0,0,2,6,4,8
20231212,0,0,0,0,1,9,10
20231210,0,0,1,6,8,3,2
20231207,0,0,0,2,5,11,2
20231205,0,0,0,1,1,10,8
20231203,0,0,0,2,2,12,4
20231130,0,1,0,4,6,8,1
20231128,0,0,0,0,2,11,7
20231126,0,0,0,2,3,6,9
20231123,0,0,0,1,3,8,8
20231121,0,0,0,2,6,9,3
20231119,0,0,0,2,1,11,6
20231116,0,0,0,0,2,10,8
20231114,0,0,0,2,4,14,0
20231112,0,0,1,2,8,8,1
20231109,0,0,1,6,13,0,0
20231107,0,1,0,3,9,7,0
20231105,0,0,0,1,10,9,0
20231102,0,0,0,0,7,13,0
20231031,0,0,1,10,6,3,0
20231029,0,0,0,1,3,11,5
20231026,0,0,0,3,6,11,0
20231024,0,0,1,0,2,11,6
20231022,0,0,0,2,5,6,7
20231019,0,0,0,0,2,8,10
20231017,0,0,0,4,4,11,1
20231015,0,0,0,6,7,7,0
20231012,0,0,0,0,6,7,7
20231010,0,0,0,1,1,11,7
20231008,0,0,0,0,11,8,1
20231005,0,0,0,0,2,14,4
20230928,0,0,0,2,7,9,2
20230926,0,0,0,1,4,7,8
20230924,0,0,0,4,6,10,0
20230921,0,0,0,2,10,8,0
20230919,0,0,0,1,2,7,10
20230917,0,0,0,0,9,8,3
20230914,0,0,0,0,5,15,0
20230912,0,0,0,2,3,10,5
20230910,0,0,1,2,10,7,0
20230907,0,0,0,1,2,8,9
20230905,0,0,0,0,3,8,9
20230903,0,0,0,3,6,11,0
20230831,0,0,0,3,6,9,2
20230829,0,0,0,0,2,8,10
20230827,0,0,0,0,6,14,0
20230824,0,0,0,0,5,14,1
20230822,0,0,0,0,10,8,2
20230820,0,0,2,4,8,4,2
20230817,0,0,0,0,6,7,7
20230815,0,0,1,2,9,5,3
20230813,0,0,0,4,7,9,0
20230810,0,0,2,8,10,0,0
20230808,0,0,3,4,5,8,0
20230806,0,0,0,2,9,8,1
20230803,0,0,3,0,3,12,2
20230801,0,0,5,5,9,1,0
20230730,0,0,1,4,6,9,0
20230727,0,0,0,3,8,9,0
20230725,0,0,0,2,7,9,2
20230723,0,0,0,0,2,10,8
20230720,0,0,0,1,1,8,10
20230718,0,0,0,0,2,9,9
20230716,0,0,0,3,8,9,0
20230713,0,0,0,4,7,9,0
20230711,0,0,0,0,2,7,11
20230709,0,0,0,0,1,9,10
20230706,0,0,0,0,4,8,8
20230704,0,0,0,0,3,8,9
20230702,0,0,0,0,0,10,10
20230629,0,0,0,3,8,7,2
20230627,0,0,0,6,8,5,1
20230625,0,0,1,8,9,2,0
20230622,0,0,0,1,2,6,11
20230620,0,0,3,7,4,6,0
20230618,0,0,0,0,2,13,5
20230615,0,0,1,1,10,7,1
20230613,0,0,0,3,12,4,1
20230611,0,1,0,1,9,7,2
20230608,0,0,1,4,10,4,1
20230606,0,0,0,2,11,2,5
20230604,0,0,0,1,6,8,5
20230601,0,0,0,0,6,14,0
20230530,0,0,0,1,4,10,5
20230528,0,0,0,0,2,13,5
20230525,0,0,0,6,7,6,1
20230523,0,0,1,2,9,8,0
20230521,0,0,1,0,13,4,2
20230518,0,0,0,1,9,10,0
20230516,0,0,0,0,9,11,0
20230514,0,0,0,2,3,9,6
20230511,0,0,1,2,6,8,3
20230509,0,0,0,2,1,6,11
20230507,0,0,5,8,6,1,0
20230504,0,0,0,0,1,7,12
20230502,0,0,0,0,3,10,7
20230430,0,0,0,0,5,8,7
20230427,0,0,0,1,10,8,1
20230425,0,0,0,0,6,8,6
20230423,0,0,1,1,8,5,5
20230420,0,0,0,1,5,11,3
20230418,0,0,0,2,4,7,7
20230416,0,0,0,0,5,9,6
20230413,0,0,0,1,7,11,1
20230411,0,0,0,0,4,9,7
20230409,0,0,0,0,4,5,11
20230406,0,0,0,1,13,6,0
20230404,0,0,0,2,5,8,5
20230402,0,0,0,4,3,7,6
20230330,0,0,0,6,11,2,1
20230328,0,0,0,0,2,9,9
20230326,0,0,0,0,1,7,12
20230323,0,0,0,0,5,15,0
20230321,0,0,0,2,11,6,1
20230319,0,0,5,13,2,0,0
20230316,0,0,1,7,5,7,0
20230314,0,0,0,0,3,11,6
20230312,0,0,6,6,7,1,0
20230309,0,0,4,8,5,3,0
20230307,0,0,0,1,6,8,5
20230305,0,0,0,2,7,6,5
20230302,0,0,0,0,1,10,9
20230228,0,0,1,2,5,3,9
20230226,0,0,0,1,4,5,10
20230223,0,0,0,4,5,8,3
20230221,0,0,0,5,10,5,0
20230219,0,0,0,1,5,11,3
20230216,0,0,0,2,2,9,7
20230214,0,0,0,0,2,9,9
20230212,0,0,1,1,7,8,3
20230209,0,0,0,2,8,5,5
20230207,0,0,1,0,8,11,0
20230205,0,0,1,1,2,7,9
20230202,0,0,0,2,5,9,4
20230131,0,0,0,0,2,9,9
20230129,0,0,0,1,2,11,6
20230117,0,0,0,2,2,12,4
20230115,0,0,0,1,3,10,6
20230112,0,0,0,1,8,9,2
20230110,0,0,0,2,5,12,1
20230108,0,0,0,4,5,9,2
20230105,0,0,0,3,6,11,0
20230103,0,0,0,0,4,7,9
20230101,0,0,0,0,5,15,0
20221229,0,0,0,2,5,9,4
20221227,0,0,1,12,7,0,0
20221225,0,0,0,4,8,5,3
20221222,0,0,0,0,2,12,6
20221220,0,0,0,2,6,6,6
20221218,0,0,2,11,5,2,0
20221215,1,1,6,6,6,0,0
20221213,0,0,0,3,10,7,0
20221211,0,0,0,0,6,10,4
20221208,0,0,0,1,5,11,3
20221206,0,0,0,4,4,8,4
20221204,0,0,0,0,4,12,4
20221201,0,0,0,2,2,4,12
20221129,0,0,0,3,5,12,0
20221127,0,0,0,1,2,0,17
20221124,0,0,0,2,6,10,2
20221122,0,0,0,1,9,10,0
20221120,0,0,1,0,3,10,6
20221117,0,0,7,7,5,1,0
20221115,0,0,0,0,2,4,14
20221113,0,0,1,2,2,6,9
20221110,0,0,0,1,3,11,5
20221108,0,0,0,0,3,6,11
20221106,0,0,0,0,7,12,1
20221103,0,1,1,5,6,7,0
20221101,0,0,0,3,5,8,4
20221030,0,0,0,0,9,7,4
20221027,0,0,0,1,5,8,6
20221025,0,0,0,0,1,4,15
20221023,0,0,0,0,3,13,4
20221020,0,0,0,0,2,4,14
20221018,0,0,0,3,5,7,5
20221016,0,0,0,8,6,6,0
20221013,0,0,0,0,1,6,13
20221011,0,0,0,5,7,8,0
20221009,0,0,0,0,6,8,6
20221006,0,0,0,2,5,12,1
20220929,0,0,0,0,5,8,7
20220927,0,0,0,1,2,13,4
20220925,0,0,1,0,4,8,7
20220922,0,0,0,1,0,8,11
20220920,0,0,0,2,9,8,1
20220918,0,1,0,3,1,12,3
20220915,0,0,0,0,2,10,8
20220913,0,0,0,1,7,11,1
20220911,0,0,0,1,4,4,11
20220908,0,0,1,3,5,11,0
20220906,0,0,1,0,7,9,3
20220904,0,0,0,0,3,7,10
20220901,0,0,0,1,3,6,10
20220830,0,0,0,4,3,9,4
20220828,0,0,1,4,10,5,0
20220825,0,0,0,4,6,10,0
20220823,0,0,0,1,7,11,1
20220821,0,0,1,0,5,14,0
20220818,0,0,0,0,3,10,7
20220816,0,0,0,2,2,10,6
20220814,0,0,0,1,3,16,0
20220811,0,0,0,0,3,7,10
20220809,0,0,0,1,0,7,12
20220807,0,0,1,2,8,8,1
20220804,0,0,1,2,13,3,1
20220802,0,0,1,1,6,4,8
20220731,0,0,0,0,1,9,10
20220728,0,0,0,0,0,12,8
20220726,0,0,0,0,14,5,1
20220724,0,0,0,0,5,7,8
20220721,0,0,0,0,2,10,8
20220719,0,0,0,0,6,8,6
20220717,0,0,0,1,3,8,8
20220714,0,0,0,0,7,11,2
20220712,0,0,0,0,7,9,4
20220710,0,0,1,1,11,6,1
20220707,0,0,0,0,4,6,10
20220705,0,0,0,0,3,8,9
20220703,0,0,0,0,2,8,10
20220630,0,0,1,0,12,7,0
20220628,0,0,0,1,3,5,11
20220626,0,0,0,0,8,12,0
20220623,0,0,0,2,6,12,0
20220621,0,0,0,1,8,11,0
20220619,0,0,0,1,3,7,9
20220616,0,0,0,0,1,10,9
20220614,0,0,1,4,5,10,0
20220612,0,0,0,0,4,8,8
20220609,0,0,0,1,2,9,8
20220607,0,0,0,2,5,5,8
20220605,0,0,0,2,5,10,3
20220602,0,0,0,0,3,17,0
20220531,0,0,1,2,14,3,0
20220529,0,0,0,1,4,13,2
20220526,0,0,0,1,4,15,0
20220524,0,0,0,5,14,1,0
20220522,0,0,0,0,11,9,0
20220519,0,0,0,2,8,10,0
20220517,0,0,0,9,5,6,0
20220515,0,0,0,3,9,8,0
20220512,0,0,0,0,12,8,0
20220510,0,0,1,0,4,11,4
20220508,0,0,0,4,6,10,0
20220505,0,0,1,2,4,12,1
20220503,0,0,0,2,4,10,4
20220501,0,0,1,2,8,4,5
20220428,0,0,0,1,4,9,6
20220426,0,0,0,7,6,6,1
20220424,0,0,0,0,0,5,15
20220421,0,0,0,1,3,16,0
20220419,0,0,0,1,1,14,4
20220417,0,0,0,2,3,9,6
20220414,0,0,0,0,6,7,7
20220412,0,1,1,7,7,4,0
20220410,0,0,0,1,6,10,3
20220407,0,0,0,0,8,12,0
20220405,0,0,2,10,4,4,0
20220403,0,0,0,4,7,9,0
20220331,0,0,0,1,0,5,14
20220329,0,0,0,7,13,0,0
20220327,0,0,0,0,2,12,6
20220324,0,0,0,2,6,11,1
20220322,0,0,0,5,9,6,0
20220320,0,0,0,1,8,5,6
20220317,0,0,0,4,5,7,4
20220315,0,0,0,0,1,11,8
20220313,0,0,0,0,7,9,4
20220310,0,0,0,0,1,11,8
20220308,0,0,0,1,6,8,5
20220306,0,0,0,0,0,6,14
20220303,0,0,0,2,0,11,7
20220301,0,0,0,1,8,9,2
20220227,0,0,0,1,3,10,6
20220224,0,0,0,0,4,9,7
20220222,0,0,0,1,1,9,9
20220220,0,0,0,1,6,8,5
20220217,0,0,0,0,4,12,4
20220215,0,0,0,0,1,9,10
20220213,0,0,0,0,6,7,7
20220210,0,0,0,1,1,9,9
20220208,0,0,0,0,0,8,12
20220127,0,0,0,0,1,8,11
20220125,0,0,0,3,12,5,0
20220123,0,0,3,4,6,7,0
20220120,0,0,0,0,3,4,13
20220118,0,0,0,2,9,8,1
20220116,0,0,2,3,8,7,0
20220113,0,0,0,2,5,9,4
20220111,0,0,0,2,6,8,4
20220109,0,0,0,0,7,11,2
20220106,0,0,0,2,5,9,4
20220104,0,0,0,3,8,6,3
20220102,0,0,0,1,8,6,5
20211230,0,0,0,0,1,8,11
20211228,0,0,1,6,3,6,4
20211226,0,0,0,0,1,8,11
20211223,0,0,0,0,8,9,3
20211221,0,0,0,1,4,10,5
20211219,0,0,0,0,1,9,10
20211216,0,0,0,0,6,6,8
20211214,0,0,0,2,5,8,5
20211212,0,0,0,2,6,6,6
20211209,0,0,0,0,6,10,4
20211207,0,1,0,2,7,5,5
20211205,0,0,0,0,1,10,9
20211202,0,0,0,0,4,12,4
20211130,0,0,0,0,1,8,11
20211128,0,0,0,0,8,9,3
20211125,0,0,0,6,8,5,1
20211123,0,1,0,8,10,1,0
20211121,0,0,0,4,8,8,0
20211118,0,0,0,0,5,7,8
20211116,0,0,0,0,1,10,9
20211114,0,0,0,1,1,12,6
20211111,0,0,0,2,4,9,5
20211109,0,0,0,1,3,15,1
20211107,0,0,0,2,6,10,2
20211104,0,0,0,0,3,10,7
20211102,0,0,0,0,2,9,9
20211031,0,0,0,4,10,6,0
20211028,0,0,0,0,3,11,6
20211026,0,0,0,0,6,8,6
20211024,0,0,0,0,0,8,12
20211021,0,0,0,1,6,11,2
20211019,0,0,0,0,2,6,12
20211017,0,0,0,2,7,10,1
20211014,0,0,0,8,7,5,0
20211012,0,0,0,1,8,8,3
20211010,0,0,0,1,2,11,6
20211007,0,0,0,0,1,8,11
20211005,0,0,0,2,4,8,6
20210930,0,0,1,3,10,5,1
20210928,0,0,0,1,3,9,7
20210926,0,0,0,0,5,12,3
20210923,0,0,0,1,3,9,7
20210921,0,0,0,1,5,14,0
20210919,0,0,0,0,7,7,6
20210916,0,0,0,4,12,3,1
20210914,0,0,1,1,10,8,0
20210912,0,0,0,0,8,8,4
20210909,0,0,0,0,3,9,8
20210907,0,0,0,0,1,12,7
20210905,0,0,0,3,9,3,5
20210902,0,0,0,1,5,6,8
20210831,0,0,0,1,3,5,11
20210829,0,0,0,1,6,7,6
20210826,0,0,0,0,1,6,13
20210824,0,0,0,1,9,8,2
20210822,0,0,0,0,2,8,10
20210819,0,0,1,2,9,8,0
20210817,0,0,0,0,9,11,0
20210815,0,0,1,4,9,4,2
20210812,0,0,0,3,7,10,0
20210810,0,0,0,2,12,2,4
20210808,0,0,0,2,4,11,3
20210805,0,0,0,1,2,9,8
20210803,0,0,0,0,1,10,9
20210801,0,0,1,0,2,12,5
20210729,0,0,1,0,6,10,3
20210727,0,0,0,0,2,6,12
20210725,0,0,0,3,4,12,1
20210722,0,0,0,2,4,12,2
20210720,0,0,0,2,5,11,2
20210718,0,0,0,1,8,8,3
20210715,0,0,0,3,2,10,5
20210713,0,0,2,3,5,9,1
20210711,0,0,1,7,6,5,1
20210708,0,0,0,1,6,9,4
20210706,0,0,0,1,2,7,10
20210704,0,0,0,1,1,10,8
20210701,0,0,0,5,8,7,0
20210629,0,0,0,4,9,7,0
20210627,0,0,3,13,3,1,0
20210624,0,0,1,0,8,8,3
20210622,0,0,0,2,2,7,9
20210620,0,0,0,2,7,8,3
20210617,0,0,1,1,8,8,2
20210615,0,0,0,4,13,2,1
20210613,0,0,0,3,13,2,2
20210610,0,0,0,1,2,8,9
20210608,0,0,0,1,1,9,9
20210606,0,0,0,5,6,6,3
20210603,0,0,0,0,3,8,9
20210601,0,1,1,5,11,2,0
20210530,0,0,5,8,7,0,0
20210527,0,0,0,0,1,11,8
20210525,0,0,1,1,4,14,0
20210523,0,0,0,0,2,12,6
20210520,0,0,0,2,7,8,3
20210518,0,0,0,1,5,12,2
20210516,0,0,0,1,14,5,0
20210513,0,0,0,0,1,7,12
20210511,0,0,0,0,2,8,10
20210509,0,0,0,5,8,5,2
20210506,0,0,0,2,8,9,1
20210504,0,0,0,3,7,10,0
20210502,0,0,0,0,1,6,13
20210429,0,0,0,1,5,14,0
20210427,0,0,0,4,13,3,0
20210425,0,0,0,2,6,6,6
20210422,0,0,0,0,1,8,11
20210420,0,0,0,0,3,8,9
20210418,0,0,1,1,7,9,2
20210415,0,0,0,0,4,10,6
20210413,0,0,0,0,3,8,9
20210411,0,0,0,3,3,9,5
20210408,0,0,0,0,0,10,10
20210406,0,0,0,0,7,8,5
20210404,0,0,0,1,3,4,12
20210401,0,0,0,1,3,11,5
20210330,0,0,0,8,7,5,0
20210328,0,0,0,1,8,9,2
20210325,0,0,0,2,8,8,2
20210323,0,0,0,2,6,8,4
20210321,0,0,0,1,9,7,3
20210318,0,0,1,3,7,9,0
20210316,0,0,0,0,2,10,8
20210314,0,0,0,0,4,3,13
20210311,0,0,0,0,3,11,6
20210309,0,0,0,0,8,9,3
20210307,0,0,0,2,4,9,5
20210304,0,0,0,4,10,5,1
20210302,0,0,2,2,9,7,0
20210228,0,0,0,0,3,11,6
20210225,0,0,0,0,0,8,12
20210223,0,0,1,3,5,10,1
20210221,0,0,1,3,14,1,1
20210207,0,0,0,0,5,3,12
20210204,0,0,0,0,2,10,8
20210202,0,0,0,0,4,16,0
20210131,0,0,0,2,7,8,3
20210128,0,0,0,1,3,10,6
20210126,0,0,1,1,7,11,0
20210124,0,0,5,14,1,0,0
20210121,0,0,0,4,7,8,1
20210119,0,0,2,7,11,0,0
20210117,0,0,2,6,8,3,1
20210114,0,0,0,1,5,10,4
20210112,0,0,0,1,6,5,8
20210110,0,0,1,4,7,5,3
20210107,0,0,0,0,1,8,11
20210105,0,0,0,0,4,12,4
20210103,0,0,3,5,8,3,1
20201231,0,0,0,0,4,10,6
20201229,0,0,0,0,3,9,8
20201227,0,0,0,1,5,12,2
20201224,0,0,0,0,2,10,8
20201222,0,0,0,2,4,9,5
20201220,0,0,0,6,11,3,0
20201217,0,0,0,0,5,9,6
20201215,0,0,0,2,6,9,3
20201213,0,0,0,0,1,9,10
20201210,0,0,0,2,7,9,2
20201208,0,0,0,1,7,12,0
20201206,0,0,0,3,11,5,1
20201203,0,0,0,0,5,10,5
20201201,0,0,1,0,9,8,2
20201129,0,0,0,2,6,8,4
20201126,0,0,5,11,4,0,0
20201124,0,0,2,3,9,6,0
20201122,0,0,0,4,2,8,6
20201119,0,0,0,0,1,9,10
20201117,0,0,2,2,9,6,1
20201115,0,0,2,1,11,6,0
20201112,0,0,0,2,8,7,3
20201110,0,0,0,3,6,7,4
20201108,0,0,0,0,4,12,4
20201105,0,0,0,1,5,8,6
20201103,0,0,2,3,10,5,0
20201101,0,0,0,1,9,9,1
20201029,0,0,0,0,3,10,7
20201027,0,0,0,0,2,15,3
20201025,0,0,0,0,3,5,12
20201022,0,0,0,0,1,6,13
20201020,0,0,0,1,7,12,0
20201018,0,0,0,0,0,1,19
20201015,0,0,0,0,1,7,12
20201013,0,0,1,4,6,8,1
20201011,0,0,0,0,5,5,10
20201008,0,0,0,2,7,11,0
20201006,0,0,1,3,10,3,3
20200929,0,1,3,5,7,3,1
20200927,0,0,0,0,4,9,7
20200924,0,0,0,1,3,7,9
20200922,0,0,0,0,1,7,12
20200920,0,0,0,1,4,15,0
20200917,0,0,0,0,7,13,0
20200915,0,0,1,5,11,2,1
20200913,0,0,1,2,4,7,6
20200910,0,0,2,7,3,8,0
20200908,0,0,1,2,7,8,2
20200906,0,0,0,1,5,9,5
20200903,0,0,0,3,10,6,1
20200901,0,0,0,1,4,10,5
20200830,0,0,3,4,8,5,0
20200827,0,0,1,2,4,10,3
20200825,0,0,0,7,9,4,0
20200823,0,0,1,4,11,4,0
20200820,0,0,0,1,7,7,5
20200818,0,0,0,1,7,12,0
20200816,0,0,0,2,7,7,4
20200813,0,0,0,0,4,10,6
20200811,0,0,0,0,1,11,8
20200809,0,0,0,0,1,16,3
20200806,0,0,0,1,6,4,9
20200804,0,0,0,0,8,9,3
20200802,0,0,1,2,7,6,4
20200730,0,0,0,2,4,7,7
20200728,0,0,0,2,0,8,10
20200726,0,0,0,2,4,10,4
20200723,0,0,0,0,0,9,11
20200721,0,0,0,0,3,11,6
20200719,0,0,0,0,6,6,8
20200716,0,0,2,3,8,6,1
20200714,0,0,1,2,4,11,2
20200712,0,0,0,0,7,5,8
20200709,0,0,0,0,4,9,7
20200707,0,0,0,0,4,5,11
20200705,0,0,0,1,8,10,1
20200702,0,0,0,4,7,8,1
20200630,0,0,0,0,3,14,3
20200628,0,0,0,8,7,4,1
20200625,0,0,1,2,10,6,1
20200623,0,0,0,2,9,5,4
20200621,0,0,0,1,14,5,0
20200618,0,0,0,2,8,5,5
20200616,0,0,0,0,1,8,11
20200614,0,0,0,6,11,3,0
20200611,0,0,0,0,2,11,7
20200609,0,0,0,4,7,8,1
20200607,0,0,1,0,4,14,1
20200604,0,0,0,6,4,9,1
20200602,0,0,0,4,10,5,1
20200531,0,0,0,1,1,8,10
20200528,0,0,2,0,5,9,4
20200526,0,0,1,3,8,8,0
20200524,0,0,0,0,3,8,9
20200521,0,1,0,4,7,7,1
20200519,0,0,0,2,6,8,4
20200517,0,0,0,3,7,5,5
20200514,0,0,0,1,8,6,5
20200512,0,0,0,3,10,7,0
20200510,0,0,0,0,9,11,0
20200507,0,0,1,1,3,10,5
20200505,0,0,1,1,5,12,1
20200503,0,0,0,0,1,9,10
20200430,0,0,0,0,2,8,10
20200428,0,0,0,1,8,9,2
20200426,0,0,2,3,13,2,0
20200423,0,0,0,1,4,12,3
20200421,0,0,0,1,9,8,2
20200419,0,0,0,1,9,10,0
20200416,0,0,1,2,3,10,4
20200414,0,0,0,0,2,9,9
20200412,0,0,0,1,4,12,3
20200409,0,0,0,0,2,9,9
20200407,0,0,0,2,6,7,5
20200405,0,0,0,3,9,7,1
20200402,0,0,0,2,7,10,1
20200331,0,0,0,2,10,7,1
20200329,0,0,0,1,5,10,4
20200326,0,0,0,0,7,3,10
20200324,0,0,0,1,7,9,3
20200322,0,0,0,1,6,5,8
20200319,0,0,0,1,3,12,4
20200317,0,0,1,3,3,9,4
20200315,0,0,0,0,4,14,2
20200312,0,0,0,1,8,8,3
20200121,0,0,0,1,6,6,7
20200119,0,0,0,3,5,9,3
20200116,0,0,0,0,3,12,5
20200114,0,1,0,2,7,8,2
20200112,0,0,0,4,7,7,2
20200109,0,1,3,7,7,2,0
20200107,0,0,0,2,6,9,3
20200105,0,0,0,0,4,5,11
20200102,0,0,0,1,2,13,4
20191231,0,0,0,4,7,6,3
20191229,0,0,0,1,7,12,0
20191226,0,0,3,12,5,0,0
20191224,0,0,0,1,1,9,9
20191222,0,0,0,3,9,8,0
20191219,0,0,0,4,12,4,0
20191217,0,0,0,2,5,13,0
20191215,0,0,2,1,5,8,4
20191212,0,0,1,1,10,7,1
20191210,0,0,0,0,3,15,2
20191208,0,0,0,0,3,14,3
20191205,0,0,0,0,4,13,3
20191203,0,0,0,3,6,10,1
20191201,0,1,5,9,5,0,0
20191128,0,0,0,1,13,6,0
20191126,0,0,0,0,10,10,0
20191124,0,0,0,3,7,10,0
20191121,0,0,1,2,4,11,2
20191119,0,0,1,2,7,7,3
20191117,0,0,0,3,10,6,1
20191114,0,0,0,1,1,9,9
20191112,0,0,2,3,9,6,0
20191110,0,0,0,0,1,11,8
20191107,0,0,0,1,2,8,9
20191105,0,0,0,0,6,6,8
20191103,0,0,1,8,11,0,0
20191031,0,0,0,1,7,10,2
20191029,0,0,0,2,8,10,0
20191027,0,0,0,0,5,12,3
20191024,0,0,0,1,0,7,12
20191022,0,2,2,7,6,3,0
20191020,0,0,6,11,3,0,0
20191017,0,0,0,2,9,7,2
20191015,0,0,0,1,3,8,8
20191013,0,0,1,6,8,5,0
20191010,0,0,1,6,10,3,0
20191008,0,0,0,0,1,3,16
20190929,0,0,0,2,8,9,1
20190926,0,0,0,5,12,3,0
20190924,0,0,0,2,5,10,3
20190922,0,0,1,4,11,4,0
20190919,0,0,0,0,4,13,3
20190917,0,0,1,1,6,10,2
20190915,0,0,0,6,6,8,0
20190912,0,0,3,6,9,2,0
20190910,0,0,0,0,12,7,1
20190908,0,0,0,2,5,7,6
20190905,0,0,0,1,6,10,3
20190903,0,0,0,0,1,5,14
20190901,0,0,0,3,11,6,0
20190829,0,0,0,10,9,1,0
20190827,0,0,0,6,10,4,0
20190825,0,0,0,1,3,8,8
20190822,0,0,0,1,5,7,7
20190820,0,0,0,0,3,6,11
20190818,0,0,0,3,4,11,2
20190815,0,0,0,1,5,6,8
20190813,0,0,0,1,4,11,4
20190811,0,0,0,0,4,6,10
20190808,0,0,0,4,11,5,0
20190806,0,0,0,0,8,9,3
20190804,0,0,0,2,5,7,6
20190801,0,0,0,2,2,8,8
20190730,0,0,0,1,3,6,10
20190728,0,0,0,1,3,8,8
20190725,0,0,0,0,3,11,6
20190723,0,0,0,4,2,7,7
20190721,0,0,1,3,3,11,2
20190718,0,0,1,1,5,9,4
20190716,0,0,0,0,2,10,8
20190714,0,0,1,8,10,1,0
20190711,0,0,2,2,7,9,0
20190709,0,0,0,3,7,10,0
20190707,0,0,1,4,8,6,1
20190704,0,0,0,0,4,7,9
20190702,0,0,1,2,9,8,0
20190630,0,0,1,7,9,3,0
20190627,0,0,0,4,9,6,1
20190625,0,0,0,8,10,2,0
20190623,0,0,0,2,4,9,5
20190620,0,0,0,0,6,13,1
20190618,0,0,0,2,9,7,2
20190616,0,0,0,2,5,9,4
20190613,0,0,0,2,9,8,1
20190611,0,0,0,2,5,13,0
20190609,0,0,0,3,5,10,2
20190606,0,0,0,1,1,11,7
20190604,0,0,1,2,7,9,1
20190602,0,0,0,0,10,7,3
20190530,0,0,0,1,4,7,8
20190528,0,0,0,2,5,8,5
20190526,0,0,0,1,1,11,7
20190523,0,0,0,0,3,8,9
20190521,0,0,0,2,2,12,4
20190519,0,0,0,2,6,7,5
20190516,0,0,0,0,1,12,7
20190514,0,1,1,4,7,6,1
20190512,0,0,0,0,3,8,9
20190509,0,0,0,4,7,9,0
20190507,0,0,0,0,2,7,11
20190505,0,0,0,0,4,8,8
20190502,0,0,0,2,5,3,10
20190430,0,0,0,0,4,7,9
20190428,0,0,0,0,3,6,11
20190425,0,0,2,6,10,2,0
20190423,0,0,1,4,6,9,0
20190421,0,0,2,7,7,3,1
20190418,0,0,0,2,2,10,6
20190416,0,0,2,6,10,2,0
20190414,0,0,0,0,1,3,16
20190411,0,0,0,2,6,9,3
20190409,0,0,0,1,4,11,4
20190407,0,0,1,5,7,5,2
20190404,0,0,0,1,9,6,4
20190402,0,0,0,0,2,11,7
20190331,0,0,0,4,5,10,1
20190328,0,0,0,1,7,8,4
20190326,0,0,0,0,5,7,8
20190324,0,0,0,2,1,7,10
20190321,0,0,0,1,3,16,0
20190319,0,0,2,2,11,5,0
20190317,0,0,0,0,8,8,4
20190314,0,0,2,7,10,1,0
20190312,0,0,0,0,2,8,10
20190310,0,0,0,1,2,9,8
20190307,0,0,1,0,1,16,2
20190305,0,0,0,2,7,11,0
20190303,0,0,0,0,3,14,3
20190228,0,0,0,0,10,9,1
20190226,0,0,2,3,4,10,1
20190224,0,0,0,0,4,7,9
20190221,0,0,0,1,4,8,7
20190219,0,0,0,1,3,4,12
20190217,0,0,0,3,5,12,0
20190214,0,0,0,0,6,14,0
20190212,0,0,0,0,2,8,10
20190203,0,0,0,0,2,13,5
20190131,0,0,0,0,9,11,0
20190129,0,0,0,1,3,12,4
20190127,0,0,2,8,8,2,0
20190124,0,0,0,1,2,7,10
20190122,0,0,0,1,10,7,2
20190120,0,0,2,7,9,2,0
20190117,0,0,1,4,9,6,0
20190115,0,0,0,0,1,13,6
20190113,0,0,0,0,3,9,8
20190110,0,0,2,12,5,1,0
20190108,0,0,2,1,9,7,1
20190106,0,0,0,1,4,9,6
20190103,0,0,0,0,2,5,13
20190101,0,0,0,1,6,12,1
20181230,0,1,1,4,9,4,1
20181227,0,0,0,0,1,5,14
20181225,0,0,0,0,0,9,11
20181223,0,0,0,1,5,11,3
20181220,0,0,0,2,2,13,3
20181218,0,0,0,0,2,15,3
20181216,0,0,0,1,7,9,3
20181213,0,0,0,1,3,12,4
20181211,0,0,0,1,3,12,4
20181209,0,0,0,3,5,8,4
20181206,0,0,0,0,5,15,0
20181204,0,0,0,2,2,11,5
20181202,0,0,0,3,10,7,0
20181129,0,0,0,1,8,5,6
20181127,0,0,1,3,10,4,2
20181125,0,0,3,6,6,5,0
20181122,0,0,0,1,6,6,7
20181120,0,0,0,2,6,7,5
20181118,0,0,0,2,7,10,1
20181115,0,0,0,5,6,7,2
20181113,0,0,0,0,5,10,5
20181111,0,0,0,1,4,11,4
20181108,0,0,0,1,5,10,4
20181106,0,0,0,1,9,8,2
20181104,0,0,0,1,10,7,2
20181101,0,0,0,2,5,8,5
20181030,0,0,0,1,3,10,6
20181028,0,0,0,3,3,13,1
20181025,0,0,0,1,8,11,0
20181023,0,0,0,0,0,11,9
20181021,0,0,1,6,9,4,0
20181018,0,0,0,0,8,11,1
20181016,0,0,0,0,2,7,11
20181014,0,0,0,5,8,7,0
20181011,0,0,0,0,4,4,12
20181009,0,0,0,2,3,11,4
20181007,0,0,0,0,4,8,8
20181004,0,0,0,1,3,11,5
20181002,0,0,0,1,3,16,0
20180930,0,0,0,1,7,10,2
20180927,0,0,0,1,6,13,0
20180925,0,0,1,3,9,7,0
20180923,0,0,0,0,2,10,8
20180920,0,0,1,3,6,5,5
20180918,0,0,3,6,10,1,0
20180916,0,0,0,2,4,10,4
20180913,0,0,1,4,11,4,0
20180911,0,0,0,0,2,8,10
20180909,0,0,0,0,1,7,12
20180906,0,0,0,1,6,9,4
20180904,0,0,0,0,2,9,9
20180902,0,0,0,0,8,7,5
20180830,0,0,1,12,6,1,0
20180828,0,0,1,1,11,6,1
20180826,0,0,0,3,6,11,0
20180823,0,0,0,2,9,8,1
20180821,0,0,0,4,11,3,2
20180819,0,0,0,2,9,9,0
20180816,0,0,0,1,8,10,1
20180814,0,0,0,0,4,11,5
20180812,0,0,0,0,7,13,0
20180809,0,0,0,5,6,9,0
20180807,0,0,1,1,7,10,1
20180805,0,0,0,1,10,7,2
20180802,0,0,0,0,0,10,10
20180731,0,0,0,1,6,11,2
20180729,0,0,0,4,8,8,0
20180726,0,0,1,5,7,7,0
20180724,0,0,0,10,7,3,0
20180722,0,0,0,0,2,3,15
20180719,0,0,0,3,4,7,6
20180717,0,0,0,0,3,8,9
20180715,0,0,2,9,4,3,2
20180712,0,0,0,2,6,11,1
20180710,0,0,0,0,2,12,6
20180708,0,0,1,0,6,4,9
20180705,0,0,0,0,2,10,8
20180703,0,0,0,1,5,9,5
20180701,0,0,0,0,5,6,9
20180628,0,0,0,1,6,7,6
20180626,0,0,0,0,4,10,6
20180624,0,0,0,2,2,12,4
20180621,0,0,0,1,4,9,6
20180619,0,0,0,0,3,15,2
20180617,0,0,0,2,1,10,7
20180614,0,0,0,1,7,7,5
20180612,0,0,0,4,9,7,0
20180610,0,0,0,1,7,8,4
20180607,0,0,0,5,8,6,1
20180605,0,0,0,2,3,10,5
20180603,0,0,0,2,5,5,8
20180531,0,0,0,3,6,11,0
20180529,0,0,0,0,2,7,11
20180527,0,0,0,0,1,7,12
20180524,0,0,0,4,7,8,1
20180522,0,0,1,1,3,7,8
20180520,0,0,0,0,2,4,14
20180517,0,0,1,0,8,9,2
20180515,0,0,0,2,8,8,2
20180513,0,0,0,3,7,10,0
20180510,0,0,0,1,6,12,1
20180508,0,0,0,0,8,11,1
20180506,0,0,0,0,1,9,10
20180503,0,0,0,2,11,5,2
20180501,0,0,2,5,10,3,0
20180429,0,0,1,4,7,6,2
20180426,0,0,0,3,3,7,7
20180424,0,0,0,0,3,6,11
20180422,0,0,0,1,3,13,3
20180419,0,0,0,0,4,10,6
20180417,0,0,0,1,6,9,4
20180415,0,0,0,0,2,11,7
20180412,0,0,0,4,10,5,1
20180410,0,1,0,5,8,6,0
20180408,0,0,0,1,7,9,3
20180405,0,0,0,0,0,7,13
20180403,0,0,1,2,8,7,2
20180401,0,0,0,4,4,12,0
20180329,0,0,0,3,6,5,6
20180327,0,0,0,3,7,8,2
20180325,0,0,0,3,10,7,0
20180322,0,0,0,0,5,9,6
20180320,0,0,0,5,5,8,2
20180318,0,0,0,1,4,13,2
20180315,0,0,0,0,3,11,6
20180313,0,0,0,0,4,3,13
20180311,0,0,0,0,3,11,6
20180308,0,0,0,1,3,15,1
20180306,0,0,0,0,3,8,9
20180304,0,0,1,6,3,5,5
20180301,0,0,1,0,6,5,8
20180227,0,0,1,1,7,8,3
20180225,0,0,0,2,7,10,1
20180222,0,0,0,0,0,14,6
20180213,0,0,1,0,6,4,9
20180211,0,0,0,0,2,8,10
20180208,0,0,0,0,6,10,4
20180206,0,0,0,1,3,10,6
20180204,0,2,3,4,7,4,0
20180201,0,0,0,0,7,9,4
20180130,0,0,1,4,6,8,1
20180128,0,0,0,0,1,9,10
20180125,0,0,0,1,6,13,0
20180123,0,0,0,1,6,10,3
20180121,0,0,0,3,2,13,2
20180118,0,0,0,0,2,8,10
20180116,0,0,1,1,6,10,2
20180114,0,0,0,0,0,7,13
20180111,0,0,1,2,13,4,0
20180109,0,0,0,1,9,6,4
20180107,0,1,1,3,7,7,1
20180104,0,0,0,1,7,10,2
20180102,0,0,1,2,8,8,1
20171231,0,0,0,2,4,9,5
20171228,0,0,0,0,1,9,10
20171226,0,0,0,0,3,4,13
20171224,0,0,0,1,6,8,5
20171221,0,0,0,0,2,9,9
20171219,0,0,0,0,7,7,6
20171217,0,0,0,2,4,11,3
20171214,0,0,0,6,8,5,1
20171212,0,0,1,5,10,4,0
20171210,0,0,0,1,4,7,8
20171207,0,0,0,2,10,6,2
20171205,0,0,0,0,3,7,10
20171203,0,0,1,1,3,15,0
20171130,0,0,1,3,3,9,4
20171128,0,0,0,4,8,3,5
20171126,0,0,0,1,10,9,0
20171123,0,0,2,9,5,4,0
20171121,0,0,0,1,6,7,6
20171119,0,0,0,0,2,11,7
20171116,0,0,1,5,8,6,0
20171114,0,0,0,0,1,10,9
20171112,0,0,0,7,4,8,1
20171109,0,0,1,4,9,4,2
20171107,0,0,0,3,3,9,5
20171105,0,0,0,0,5,12,3
20171102,0,0,1,0,3,16,0
20171031,0,0,0,3,7,8,2
20171029,0,0,1,7,5,7,0
20171026,0,0,1,1,7,9,2
20171024,0,0,0,0,8,7,5
20171022,0,0,0,0,3,12,5
20171019,0,0,0,2,10,6,2
20171017,0,0,0,2,6,9,3
20171015,0,0,0,3,8,6,3
20171012,0,0,0,1,9,6,4
20171010,0,0,0,0,2,5,13
20171008,0,0,0,1,9,9,1
20171005,0,0,0,4,14,2,0
20171003,0,1,0,7,6,6,0
20171001,0,0,0,1,9,7,3
20170928,0,0,2,0,1,10,7
20170926,0,0,0,0,14,6,0
20170924,0,0,0,0,4,5,11
20170921,0,0,0,0,7,8,5
20170919,0,0,0,2,2,8,8
20170917,0,0,0,1,4,9,6
20170914,0,0,1,1,4,10,4
20170912,0,0,0,2,11,7,0
20170910,0,0,0,0,5,9,6
20170907,0,0,0,0,3,12,5
20170905,0,0,0,0,6,11,3
20170903,0,0,3,6,11,0,0
20170831,0,0,0,0,7,5,8
20170829,0,0,3,6,7,4,0
20170827,0,0,0,0,3,6,11
20170824,0,0,0,2,8,10,0
20170822,0,0,0,0,10,8,2
20170820,0,0,0,0,7,3,10
20170817,0,0,1,3,5,11,0
20170815,0,0,0,0,1,5,14
20170813,0,0,0,0,10,9,1
20170810,0,0,0,0,7,7,6
20170808,0,0,0,5,14,1,0
20170806,0,0,0,0,3,9,8
20170803,0,0,1,3,9,4,3
20170801,0,0,0,1,6,8,5
20170730,0,0,0,0,1,5,14
20170727,0,0,0,1,6,6,7
20170725,0,0,0,0,7,9,4
20170723,0,0,0,1,11,8,0
20170720,0,0,0,2,6,10,2
20170718,0,0,0,0,3,6,11
20170716,0,0,0,1,3,9,7
20170713,0,0,0,0,3,8,9
20170711,0,0,1,2,6,10,1
20170709,0,0,2,1,6,7,4
20170706,0,0,0,0,5,8,7
20170704,0,0,1,8,6,5,0
20170702,0,0,0,0,4,10,6
20170629,0,0,0,6,11,3,0
20170627,0,0,3,10,6,1,0
20170625,0,0,0,5,6,8,1
20170622,0,0,0,1,9,5,5
20170620,0,0,3,4,4,8,1
20170618,0,0,2,1,8,7,2
20170615,0,0,0,1,8,8,3
20170613,0,0,1,2,4,10,3
20170611,0,0,0,0,4,13,3
20170608,0,0,0,2,6,9,3
20170606,0,0,0,1,9,7,3
20170604,0,0,0,1,3,11,5
20170601,0,0,2,2,5,9,2
20170530,0,1,3,5,6,5,0
20170528,0,0,0,1,1,9,9
20170525,0,0,0,4,6,9,1
20170523,0,0,0,1,0,9,10
20170521,0,0,0,0,6,13,1
20170518,0,0,0,2,8,7,3
20170516,0,0,0,1,3,6,10
20170514,0,0,0,2,2,8,8
20170511,0,0,3,9,7,1,0
20170509,0,0,0,1,3,4,12
20170507,0,0,0,1,4,8,7
20170504,0,0,0,0,1,8,11
20170502,0,0,0,0,2,11,7
20170430,0,0,0,0,7,13,0
20170427,0,0,0,0,3,5,12
20170425,0,0,0,0,16,4,0
20170423,0,0,1,4,6,6,3
20170420,0,0,0,1,5,8,6
20170418,0,0,0,1,3,10,6
20170416,0,0,0,2,4,6,8
20170413,0,0,0,5,9,4,2
20170411,0,0,0,4,3,7,6
20170409,0,0,0,1,8,9,2
20170406,0,0,0,0,4,9,7
20170404,0,0,0,2,2,10,6
20170402,0,0,0,2,7,7,4
20170330,0,0,1,3,9,5,2
20170328,0,0,1,8,7,4,0
20170326,0,0,1,10,6,3,0
20170323,0,0,0,2,6,7,5
20170321,0,0,0,0,4,11,5
20170319,0,0,0,0,7,4,9
20170316,0,0,0,1,4,8,7
20170314,0,0,0,1,4,10,5
20170312,0,0,0,1,4,9,6
20170309,0,0,0,0,6,8,6
20170307,0,0,0,1,4,11,4
20170305,0,0,0,1,7,9,3
20170302,0,0,0,0,1,8,11
20170228,0,0,0,3,5,11,1
20170226,0,1,3,6,6,3,1
20170223,0,1,6,6,7,0,0
20170221,0,0,0,3,10,7,0
20170219,0,0,0,0,2,13,5
20170216,0,0,1,2,5,8,4
20170214,0,0,0,0,3,10,7
20170212,0,0,0,1,6,8,5
20170209,0,0,1,2,10,5,2
20170207,0,0,0,2,8,9,1
20170205,0,0,0,5,8,7,0
20170126,0,0,0,0,1,7,12
20170124,0,0,0,0,0,5,15
20170122,0,0,0,0,4,7,9
20170119,0,0,1,3,8,8,0
20170117,0,0,0,0,4,9,7
20170115,0,0,0,1,8,10,1
20170112,0,0,0,1,9,9,1
20170110,0,1,1,3,8,7,0
20170108,0,0,0,2,5,8,5
20170105,0,0,1,1,6,10,2
20170103,0,0,0,1,5,11,3
20170101,0,0,0,0,4,6,10
20161229,0,0,0,0,1,3,16
20161227,0,0,0,3,2,10,5
20161225,0,0,2,6,7,4,1
20161222,0,0,0,3,2,8,7
20161220,0,0,6,3,9,2,0
20161218,0,0,0,9,7,4,0
20161215,0,0,0,1,7,9,3
20161213,0,0,0,2,5,9,4
20161211,0,0,0,2,9,9,0
20161208,0,0,0,4,16,0,0
20161206,0,0,0,0,9,8,3
20161204,0,0,0,5,6,9,0
20161201,0,0,0,0,2,7,11
20161129,0,1,4,12,3,0,0
20161127,0,0,0,0,3,17,0
20161124,0,0,0,0,2,12,6
20161122,0,1,0,5,10,4,0
20161120,0,0,0,2,7,6,5
20161117,0,0,0,3,7,10,0
20161115,0,0,0,2,7,11,0
20161113,0,0,4,4,7,5,0
20161110,0,0,0,0,1,12,7
20161108,0,0,0,0,4,8,8
20161106,0,0,0,2,3,5,10
20161103,0,1,0,5,9,5,0
20161101,0,0,0,1,2,12,5
20161030,0,0,0,0,4,8,8
20161027,0,0,0,1,3,7,9
20161025,0,0,2,1,8,8,1
20161023,0,0,0,5,7,7,1
20161020,0,0,0,0,1,9,10
20161018,0,0,0,3,7,8,2
20161016,0,0,0,0,6,8,6
20161013,0,0,0,1,5,9,5
20161011,0,0,1,10,6,3,0
20161009,0,0,0,3,11,6,0
20161006,0,0,0,1,12,7,0
20161004,0,0,1,4,10,4,1
20161002,0,0,0,3,4,8,5
20160929,0,0,0,0,2,11,7
20160927,0,0,1,3,10,5,1
20160925,0,0,0,0,4,7,9
20160922,0,0,0,3,7,8,2
20160920,0,1,1,12,5,1,0
20160918,0,0,0,2,8,10,0
20160915,0,0,0,3,4,6,7
20160913,0,0,1,4,11,4,0
20160911,0,0,0,0,6,12,2
20160908,0,0,0,2,8,10,0
20160906,0,1,0,6,9,3,1
20160904,0,0,0,2,7,10,1
20160901,0,0,0,0,6,11,3
20160830,0,1,6,11,2,0,0
20160828,0,0,0,4,6,6,4
20160825,0,0,4,7,7,2,0
20160823,0,0,3,7,10,0,0
20160821,0,0,0,1,6,8,5
20160818,0,0,0,2,4,9,5
20160816,0,0,1,2,8,7,2
20160814,0,0,0,1,4,13,2
20160811,0,0,0,0,3,12,5
20160809,0,0,0,0,5,13,2
20160807,0,0,0,0,2,6,12
20160804,0,0,0,0,5,10,5
20160802,0,0,6,10,2,2,0
20160731,0,0,0,4,5,8,3
20160728,0,0,0,1,2,9,8
20160726,0,0,0,0,4,7,9
20160724,0,0,0,2,4,13,1
20160721,0,0,0,1,2,11,6
20160719,0,0,0,0,4,9,7
20160717,0,0,0,2,3,11,4
20160714,0,0,0,3,7,10,0
20160712,0,0,1,3,9,6,1
20160710,0,0,0,4,9,7,0
20160707,0,0,0,0,3,11,6
20160705,0,0,0,0,6,14,0
20160703,0,0,0,3,7,9,1
20160630,0,0,0,2,8,5,5
20160628,0,0,0,0,3,3,14
20160626,0,0,0,3,5,9,3
20160623,0,0,0,0,8,8,4
20160621,0,0,0,1,5,8,6
20160619,0,0,0,3,5,9,3
20160616,0,0,0,3,7,8,2
20160614,0,0,0,4,9,5,2
20160612,0,0,0,0,4,8,8
20160609,0,0,0,2,6,7,5
20160607,0,0,0,3,4,9,4
20160605,0,0,0,0,4,7,9
20160602,0,0,0,2,4,10,4
20160531,0,0,0,0,0,11,9
20160529,0,0,0,0,4,9,7
20160526,0,0,0,0,4,9,7
20160524,0,0,0,0,4,10,6
20160522,0,0,0,1,5,7,7
20160519,0,0,1,1,7,4,7
20160517,0,0,0,1,5,10,4
20160515,0,0,0,2,5,11,2
20160512,0,0,0,2,5,12,1
